adult-alpha_1-beta_1-gamma_1,timestamp,epoch,enc_loss,dec_loss,cla_loss,cla_acc,dis_loss,dis_acc
adult-alpha_1-beta_1-gamma_1,1572088075,0,-0.0206,0.5382,0.0002,1.0,0.559,0.67
adult-alpha_1-beta_1-gamma_1,1572088078,1,1.2573,1.8556,0.0001,1.0,0.5984,0.67
adult-alpha_1-beta_1-gamma_1,1572088082,2,-0.1634,0.3304,0.0,1.0,0.4939,0.67
adult-alpha_1-beta_1-gamma_1,1572088086,3,-0.0152,0.4915,0.0,1.0,0.5067,0.67
adult-alpha_1-beta_1-gamma_1,1572088089,4,0.156,0.6198,0.0,1.0,0.4638,0.83
adult-alpha_1-beta_1-gamma_1,1572088092,5,-0.2026,0.4489,0.0,1.0,0.6515,0.67
adult-alpha_1-beta_1-gamma_1,1572088096,6,0.2787,1.068,0.0,1.0,0.7893,0.5
adult-alpha_1-beta_1-gamma_1,1572088099,7,0.1346,0.4753,0.0,1.0,0.3408,0.83
adult-alpha_1-beta_1-gamma_1,1572088102,8,-0.2464,0.4766,0.0,1.0,0.723,0.33
adult-alpha_1-beta_1-gamma_1,1572088105,9,0.0101,0.4531,0.0,1.0,0.4429,0.67
adult-alpha_1-beta_1-gamma_1,1572088108,10,-0.2659,0.4464,0.0,1.0,0.7122,0.5
adult-alpha_1-beta_1-gamma_1,1572088112,11,0.3786,0.8353,0.0,1.0,0.4568,1.0
adult-alpha_1-beta_1-gamma_1,1572088115,12,-0.0179,0.5433,0.0,1.0,0.5613,0.67
adult-alpha_1-beta_1-gamma_1,1572088118,13,0.4233,0.665,0.0,1.0,0.2417,1.0
adult-alpha_1-beta_1-gamma_1,1572088121,14,0.1071,0.5843,0.0,1.0,0.4772,0.67
adult-alpha_1-beta_1-gamma_1,1572088124,15,-0.0827,0.3295,0.0,1.0,0.4122,0.83
adult-alpha_1-beta_1-gamma_1,1572088127,16,0.052,0.6496,0.0,1.0,0.5976,0.83
adult-alpha_1-beta_1-gamma_1,1572088131,17,-0.0669,0.3106,0.0,1.0,0.3775,0.83
adult-alpha_1-beta_1-gamma_1,1572088134,18,0.0055,0.4392,0.0,1.0,0.4337,0.67
adult-alpha_1-beta_1-gamma_1,1572088137,19,0.4375,1.9548,0.0,1.0,1.5173,0.33
adult-alpha_1-beta_1-gamma_1,1572088141,20,1.84,2.5656,0.0,1.0,0.7257,0.67
adult-alpha_1-beta_1-gamma_1,1572088144,21,2.4332,3.4504,0.0,1.0,1.0172,0.5
adult-alpha_1-beta_1-gamma_1,1572088148,22,1.7938,2.4799,0.0,1.0,0.6861,0.83
adult-alpha_1-beta_1-gamma_1,1572088151,23,0.1397,0.7782,0.0,1.0,0.6385,0.5
adult-alpha_1-beta_1-gamma_1,1572088154,24,-0.2034,0.4536,0.0,1.0,0.657,0.83
adult-alpha_1-beta_1-gamma_1,1572088158,25,-0.0483,0.3348,0.0,1.0,0.3831,0.83
adult-alpha_1-beta_1-gamma_1,1572088161,26,-0.1544,0.5673,0.0,1.0,0.7217,0.67
adult-alpha_1-beta_1-gamma_1,1572088164,27,0.3265,1.0891,0.0,1.0,0.7626,0.5
adult-alpha_1-beta_1-gamma_1,1572088167,28,-0.1573,0.4079,0.0,1.0,0.5652,0.67
adult-alpha_1-beta_1-gamma_1,1572088170,29,-0.0962,0.512,0.0,1.0,0.6082,0.5
adult-alpha_1-beta_1-gamma_1,1572088174,30,0.3995,0.9967,0.0,1.0,0.5972,0.67
adult-alpha_1-beta_1-gamma_1,1572088177,31,0.6474,1.1341,0.0,1.0,0.4867,0.67
adult-alpha_1-beta_1-gamma_1,1572088180,32,0.0686,0.5519,0.0,1.0,0.4833,0.83
adult-alpha_1-beta_1-gamma_1,1572088183,33,-0.1368,0.6099,0.0,1.0,0.7468,0.5
adult-alpha_1-beta_1-gamma_1,1572088186,34,0.5607,0.948,0.0,1.0,0.3872,0.83
adult-alpha_1-beta_1-gamma_1,1572088189,35,0.2824,0.6385,0.0,1.0,0.3561,0.83
adult-alpha_1-beta_1-gamma_1,1572088192,36,-0.1528,0.4561,0.0,1.0,0.6089,0.67
adult-alpha_1-beta_1-gamma_1,1572088196,37,-0.1024,0.5068,0.0,1.0,0.6092,0.67
adult-alpha_1-beta_1-gamma_1,1572088199,38,0.3209,0.6282,0.0,1.0,0.3073,0.83
adult-alpha_1-beta_1-gamma_1,1572088202,39,-0.3264,0.4279,0.0,1.0,0.7543,0.33
adult-alpha_1-beta_1-gamma_1,1572088205,40,2.4727,2.9911,0.0,1.0,0.5184,0.5
adult-alpha_1-beta_1-gamma_1,1572088208,41,0.0087,0.3643,0.0,1.0,0.3556,0.67
adult-alpha_1-beta_1-gamma_1,1572088211,42,1.1534,1.5348,0.0,1.0,0.3813,0.83
adult-alpha_1-beta_1-gamma_1,1572088214,43,0.6482,1.209,0.0,1.0,0.5608,0.67
adult-alpha_1-beta_1-gamma_1,1572088217,44,-0.1544,0.5315,0.0,1.0,0.686,0.67
adult-alpha_1-beta_1-gamma_1,1572088220,45,0.7721,1.3452,0.0,1.0,0.573,0.67
adult-alpha_1-beta_1-gamma_1,1572088223,46,0.0037,0.4523,0.0,1.0,0.4485,0.83
adult-alpha_1-beta_1-gamma_1,1572088226,47,1.7318,2.3259,0.0,1.0,0.5941,0.83
adult-alpha_1-beta_1-gamma_1,1572088229,48,0.4437,1.057,0.0,1.0,0.6133,0.67
adult-alpha_1-beta_1-gamma_1,1572088232,49,0.1279,0.5448,0.0,1.0,0.4169,0.67
adult-alpha_1-beta_1-gamma_1,1572088235,50,0.2988,1.0996,0.0,1.0,0.8008,0.5
adult-alpha_1-beta_1-gamma_1,1572088238,51,2.8673,3.4093,0.0,1.0,0.542,0.83
adult-alpha_1-beta_1-gamma_1,1572088241,52,0.1255,0.3441,0.0,1.0,0.2186,1.0
adult-alpha_1-beta_1-gamma_1,1572088244,53,-0.3787,0.4857,0.0,1.0,0.8644,0.33
adult-alpha_1-beta_1-gamma_1,1572088248,54,-0.1141,0.5652,0.0,1.0,0.6794,0.5
adult-alpha_1-beta_1-gamma_1,1572088251,55,1.093,1.4858,0.0,1.0,0.3929,1.0
adult-alpha_1-beta_1-gamma_1,1572088254,56,0.0252,0.4484,0.0,1.0,0.4233,0.83
adult-alpha_1-beta_1-gamma_1,1572088257,57,-0.0005,0.5101,0.0,1.0,0.5105,0.67
adult-alpha_1-beta_1-gamma_1,1572088260,58,0.4885,0.9877,0.0,1.0,0.4992,0.83
adult-alpha_1-beta_1-gamma_1,1572088263,59,0.1419,0.627,0.0,1.0,0.4851,0.67
adult-alpha_1-beta_1-gamma_1,1572088266,60,0.1313,0.5132,0.0,1.0,0.3819,0.83
adult-alpha_1-beta_1-gamma_1,1572088269,61,-0.0702,1.0113,0.0,1.0,1.0816,0.5
adult-alpha_1-beta_1-gamma_1,1572088272,62,0.1632,0.8806,0.0,1.0,0.7174,0.67
adult-alpha_1-beta_1-gamma_1,1572088275,63,-0.1666,0.4477,0.0,1.0,0.6142,0.5
adult-alpha_1-beta_1-gamma_1,1572088278,64,0.0562,0.4522,0.0,1.0,0.396,1.0
adult-alpha_1-beta_1-gamma_1,1572088281,65,0.4346,0.9163,0.0,1.0,0.4816,0.5
adult-alpha_1-beta_1-gamma_1,1572088284,66,1.0546,1.3618,0.0,1.0,0.3072,0.83
adult-alpha_1-beta_1-gamma_1,1572088287,67,-0.3687,0.3322,0.0,1.0,0.7008,0.67
adult-alpha_1-beta_1-gamma_1,1572088290,68,0.0141,0.701,0.0,1.0,0.6869,0.67
adult-alpha_1-beta_1-gamma_1,1572088293,69,-0.0651,0.3452,0.0,1.0,0.4102,0.83
adult-alpha_1-beta_1-gamma_1,1572088296,70,1.2612,1.4633,0.0,1.0,0.2022,1.0
adult-alpha_1-beta_1-gamma_1,1572088299,71,0.1567,0.5424,0.0,1.0,0.3857,0.83
adult-alpha_1-beta_1-gamma_1,1572088303,72,0.3395,0.6873,0.0,1.0,0.3478,0.67
adult-alpha_1-beta_1-gamma_1,1572088306,73,-0.1199,0.2781,0.0,1.0,0.3979,0.83
adult-alpha_1-beta_1-gamma_1,1572088309,74,0.1169,0.316,0.0,1.0,0.1991,1.0
adult-alpha_1-beta_1-gamma_1,1572088312,75,2.9521,3.9279,0.0,1.0,0.9758,0.83
adult-alpha_1-beta_1-gamma_1,1572088315,76,-0.2087,0.2813,0.0,1.0,0.49,0.83
adult-alpha_1-beta_1-gamma_1,1572088318,77,-0.4656,0.7308,0.0,1.0,1.1964,0.67
adult-alpha_1-beta_1-gamma_1,1572088321,78,-0.2304,0.3583,0.0,1.0,0.5887,0.67
adult-alpha_1-beta_1-gamma_1,1572088324,79,1.181,1.8335,0.0,1.0,0.6526,0.67
adult-alpha_1-beta_1-gamma_1,1572088327,80,2.9905,3.9691,0.0,1.0,0.9786,0.67
adult-alpha_1-beta_1-gamma_1,1572088330,81,0.1858,0.4723,0.0,1.0,0.2865,1.0
adult-alpha_1-beta_1-gamma_1,1572088333,82,0.9331,1.6761,0.0,1.0,0.743,0.67
adult-alpha_1-beta_1-gamma_1,1572088336,83,-0.1524,0.4506,0.0,1.0,0.6031,0.5
adult-alpha_1-beta_1-gamma_1,1572088339,84,0.1616,0.4054,0.0,1.0,0.2438,0.83
adult-alpha_1-beta_1-gamma_1,1572088342,85,0.0522,0.5017,0.0,1.0,0.4495,0.83
adult-alpha_1-beta_1-gamma_1,1572088345,86,-0.0913,0.4512,0.0,1.0,0.5425,0.83
adult-alpha_1-beta_1-gamma_1,1572088348,87,0.2083,0.6594,0.0,1.0,0.4511,0.83
adult-alpha_1-beta_1-gamma_1,1572088351,88,0.0423,0.4153,0.0,1.0,0.3731,0.83
adult-alpha_1-beta_1-gamma_1,1572088354,89,0.4393,0.7653,0.0,1.0,0.326,1.0
adult-alpha_1-beta_1-gamma_1,1572088357,90,0.0599,0.8611,0.0,1.0,0.8012,0.67
adult-alpha_1-beta_1-gamma_1,1572088360,91,-0.2857,0.7999,0.0,1.0,1.0856,0.5
adult-alpha_1-beta_1-gamma_1,1572088363,92,1.1766,1.5811,0.0,1.0,0.4045,0.83
adult-alpha_1-beta_1-gamma_1,1572088366,93,0.0196,0.3771,0.0,1.0,0.3575,0.83
adult-alpha_1-beta_1-gamma_1,1572088369,94,0.8247,1.4305,0.0,1.0,0.6059,0.67
adult-alpha_1-beta_1-gamma_1,1572088372,95,0.2012,0.4582,0.0,1.0,0.257,1.0
adult-alpha_1-beta_1-gamma_1,1572088375,96,1.5013,1.8253,0.0,1.0,0.3241,0.83
adult-alpha_1-beta_1-gamma_1,1572088378,97,0.1311,0.5326,0.0,1.0,0.4015,0.67
adult-alpha_1-beta_1-gamma_1,1572088381,98,0.0418,0.6421,0.0,1.0,0.6003,0.5
adult-alpha_1-beta_1-gamma_1,1572088384,99,0.1587,0.5726,0.0,1.0,0.4139,0.83
adult-alpha_1-beta_1-gamma_1,1572088388,100,0.4472,1.0202,0.0,1.0,0.573,0.5
adult-alpha_1-beta_1-gamma_1,1572088391,101,2.0207,2.5487,0.0,1.0,0.528,0.67
adult-alpha_1-beta_1-gamma_1,1572088394,102,-0.0554,0.2917,0.0,1.0,0.3471,1.0
adult-alpha_1-beta_1-gamma_1,1572088397,103,-0.0873,0.4614,0.0,1.0,0.5487,0.83
adult-alpha_1-beta_1-gamma_1,1572088400,104,0.4947,1.0013,0.0,1.0,0.5066,0.83
adult-alpha_1-beta_1-gamma_1,1572088403,105,0.712,1.0723,0.0,1.0,0.3603,0.83
adult-alpha_1-beta_1-gamma_1,1572088406,106,1.341,1.6894,0.0,1.0,0.3484,0.83
adult-alpha_1-beta_1-gamma_1,1572088409,107,0.1545,0.5473,0.0,1.0,0.3928,1.0
adult-alpha_1-beta_1-gamma_1,1572088412,108,0.0952,0.4849,0.0,1.0,0.3897,0.67
adult-alpha_1-beta_1-gamma_1,1572088415,109,0.2642,0.587,0.0,1.0,0.3228,1.0
adult-alpha_1-beta_1-gamma_1,1572088418,110,2.1696,2.6892,0.0,1.0,0.5197,0.67
adult-alpha_1-beta_1-gamma_1,1572088421,111,-0.2706,0.3129,0.0,1.0,0.5835,0.67
adult-alpha_1-beta_1-gamma_1,1572088424,112,-0.181,0.4509,0.0,1.0,0.6319,0.5
adult-alpha_1-beta_1-gamma_1,1572088427,113,0.3749,0.6159,0.0,1.0,0.2409,1.0
adult-alpha_1-beta_1-gamma_1,1572088430,114,-0.118,0.6007,0.0,1.0,0.7186,0.5
adult-alpha_1-beta_1-gamma_1,1572088433,115,0.0095,0.3452,0.0,1.0,0.3357,0.83
adult-alpha_1-beta_1-gamma_1,1572088436,116,0.6965,1.1062,0.0,1.0,0.4097,0.83
adult-alpha_1-beta_1-gamma_1,1572088439,117,0.3701,0.926,0.0,1.0,0.5559,0.83
adult-alpha_1-beta_1-gamma_1,1572088442,118,0.4035,1.1811,0.0,1.0,0.7776,0.5
adult-alpha_1-beta_1-gamma_1,1572088445,119,1.6391,1.7767,0.0,1.0,0.1376,1.0
adult-alpha_1-beta_1-gamma_1,1572088448,120,0.9639,1.2881,0.0,1.0,0.3242,1.0
adult-alpha_1-beta_1-gamma_1,1572088451,121,-0.1992,0.6346,0.0,1.0,0.8339,0.67
adult-alpha_1-beta_1-gamma_1,1572088454,122,-0.0314,0.2915,0.0,1.0,0.3229,0.83
adult-alpha_1-beta_1-gamma_1,1572088457,123,-0.0206,0.6348,0.0,1.0,0.6554,0.67
adult-alpha_1-beta_1-gamma_1,1572088460,124,-0.1047,0.3828,0.0,1.0,0.4875,0.67
adult-alpha_1-beta_1-gamma_1,1572088463,125,0.0572,0.9831,0.0,1.0,0.9259,0.5
adult-alpha_1-beta_1-gamma_1,1572088466,126,-0.0484,0.4872,0.0,1.0,0.5356,0.67
adult-alpha_1-beta_1-gamma_1,1572088469,127,0.0567,0.5093,0.0,1.0,0.4525,0.83
adult-alpha_1-beta_1-gamma_1,1572088472,128,0.1895,0.4667,0.0,1.0,0.2772,1.0
adult-alpha_1-beta_1-gamma_1,1572088475,129,0.1542,0.6987,0.0,1.0,0.5445,0.83
adult-alpha_1-beta_1-gamma_1,1572088478,130,3.8159,4.3224,0.0,1.0,0.5065,0.83
adult-alpha_1-beta_1-gamma_1,1572088482,131,0.2284,1.1574,0.0,1.0,0.929,0.5
adult-alpha_1-beta_1-gamma_1,1572088485,132,0.9957,1.4481,0.0,1.0,0.4524,0.67
adult-alpha_1-beta_1-gamma_1,1572088488,133,0.0178,0.8922,0.0,1.0,0.8744,0.5
adult-alpha_1-beta_1-gamma_1,1572088491,134,0.1889,0.4362,0.0,1.0,0.2472,1.0
adult-alpha_1-beta_1-gamma_1,1572088494,135,0.2764,0.7162,0.0,1.0,0.4399,0.67
adult-alpha_1-beta_1-gamma_1,1572088497,136,0.2969,0.636,0.0,1.0,0.3391,1.0
adult-alpha_1-beta_1-gamma_1,1572088500,137,-0.0445,0.5719,0.0,1.0,0.6164,0.67
adult-alpha_1-beta_1-gamma_1,1572088503,138,1.2611,2.0009,0.0,1.0,0.7397,0.5
adult-alpha_1-beta_1-gamma_1,1572088506,139,-0.0321,0.4439,0.0,1.0,0.476,0.83
adult-alpha_1-beta_1-gamma_1,1572088509,140,-0.5824,0.3529,0.0,1.0,0.9354,0.67
adult-alpha_1-beta_1-gamma_1,1572088512,141,0.1783,0.628,0.0,1.0,0.4497,0.83
adult-alpha_1-beta_1-gamma_1,1572088515,142,-0.0987,0.4097,0.0,1.0,0.5085,0.67
adult-alpha_1-beta_1-gamma_1,1572088518,143,-0.2038,0.47,0.0,1.0,0.6738,0.67
adult-alpha_1-beta_1-gamma_1,1572088521,144,0.2712,0.686,0.0,1.0,0.4148,1.0
adult-alpha_1-beta_1-gamma_1,1572088524,145,0.4564,1.0238,0.0,1.0,0.5674,0.5
adult-alpha_1-beta_1-gamma_1,1572088527,146,0.1984,0.4224,0.0,1.0,0.2239,1.0
adult-alpha_1-beta_1-gamma_1,1572088530,147,0.8357,1.3817,0.0,1.0,0.546,0.67
adult-alpha_1-beta_1-gamma_1,1572088533,148,-0.5271,0.4087,0.0,1.0,0.9358,0.5
adult-alpha_1-beta_1-gamma_1,1572088536,149,-0.366,0.4358,0.0,1.0,0.8019,0.5
adult-alpha_1-beta_1-gamma_1,1572088539,150,0.0421,0.3684,0.0,1.0,0.3263,1.0
adult-alpha_1-beta_1-gamma_1,1572088542,151,-0.1775,0.3806,0.0,1.0,0.5581,0.67
adult-alpha_1-beta_1-gamma_1,1572088545,152,0.0521,0.3521,0.0,1.0,0.3,0.83
adult-alpha_1-beta_1-gamma_1,1572088548,153,-0.0965,0.3513,0.0,1.0,0.4477,0.83
adult-alpha_1-beta_1-gamma_1,1572088551,154,0.9991,1.4987,0.0,1.0,0.4996,0.67
adult-alpha_1-beta_1-gamma_1,1572088554,155,-0.2489,0.4823,0.0,1.0,0.7312,0.33
adult-alpha_1-beta_1-gamma_1,1572088558,156,0.3233,0.7509,0.0,1.0,0.4276,0.83
adult-alpha_1-beta_1-gamma_1,1572088561,157,0.694,0.9939,0.0,1.0,0.3,0.83
adult-alpha_1-beta_1-gamma_1,1572088564,158,-0.0897,0.3653,0.0,1.0,0.455,0.5
adult-alpha_1-beta_1-gamma_1,1572088567,159,-0.2131,0.3903,0.0,1.0,0.6035,0.67
adult-alpha_1-beta_1-gamma_1,1572088570,160,0.1161,0.5966,0.0,1.0,0.4805,0.83
adult-alpha_1-beta_1-gamma_1,1572088573,161,0.0977,0.5536,0.0,1.0,0.4559,0.67
adult-alpha_1-beta_1-gamma_1,1572088576,162,-0.1094,0.2615,0.0,1.0,0.3709,0.83
adult-alpha_1-beta_1-gamma_1,1572088579,163,-0.1743,0.3741,0.0,1.0,0.5484,0.83
adult-alpha_1-beta_1-gamma_1,1572088582,164,1.6802,2.0844,0.0,1.0,0.4042,0.83
adult-alpha_1-beta_1-gamma_1,1572088585,165,0.001,0.5839,0.0,1.0,0.5829,0.83
adult-alpha_1-beta_1-gamma_1,1572088588,166,0.4284,1.0492,0.0,1.0,0.6208,0.5
adult-alpha_1-beta_1-gamma_1,1572088591,167,4.9802,5.7079,0.0,1.0,0.7277,0.67
adult-alpha_1-beta_1-gamma_1,1572088594,168,0.1355,0.8367,0.0,1.0,0.7013,0.67
adult-alpha_1-beta_1-gamma_1,1572088597,169,-0.1817,0.4009,0.0,1.0,0.5826,0.83
adult-alpha_1-beta_1-gamma_1,1572088600,170,0.1658,0.8691,0.0,1.0,0.7032,0.5
adult-alpha_1-beta_1-gamma_1,1572088603,171,0.0653,0.7037,0.0,1.0,0.6384,0.67
adult-alpha_1-beta_1-gamma_1,1572088606,172,0.152,0.7065,0.0,1.0,0.5545,0.67
adult-alpha_1-beta_1-gamma_1,1572088609,173,3.6064,4.0413,0.0,1.0,0.435,0.83
adult-alpha_1-beta_1-gamma_1,1572088612,174,0.5357,0.812,0.0,1.0,0.2763,0.83
adult-alpha_1-beta_1-gamma_1,1572088615,175,3.9571,4.1781,0.0,1.0,0.221,1.0
adult-alpha_1-beta_1-gamma_1,1572088619,176,0.0639,0.4284,0.0,1.0,0.3645,0.67
adult-alpha_1-beta_1-gamma_1,1572088622,177,-0.4575,0.4456,0.0,1.0,0.9031,0.33
adult-alpha_1-beta_1-gamma_1,1572088625,178,0.0435,0.2996,0.0,1.0,0.2562,1.0
adult-alpha_1-beta_1-gamma_1,1572088628,179,0.8708,1.5054,0.0,1.0,0.6346,0.67
adult-alpha_1-beta_1-gamma_1,1572088631,180,-0.1586,0.41,0.0,1.0,0.5686,0.67
adult-alpha_1-beta_1-gamma_1,1572088634,181,0.1328,0.7541,0.0,1.0,0.6213,0.5
adult-alpha_1-beta_1-gamma_1,1572088637,182,0.21,0.6101,0.0,1.0,0.4001,0.83
adult-alpha_1-beta_1-gamma_1,1572088641,183,-0.1282,0.4554,0.0,1.0,0.5837,0.5
adult-alpha_1-beta_1-gamma_1,1572088644,184,-0.0931,0.3414,0.0,1.0,0.4345,0.83
adult-alpha_1-beta_1-gamma_1,1572088647,185,0.0119,0.2852,0.0,1.0,0.2733,0.83
adult-alpha_1-beta_1-gamma_1,1572088650,186,0.4534,1.3091,0.0,1.0,0.8557,0.67
adult-alpha_1-beta_1-gamma_1,1572088653,187,-0.0881,0.5018,0.0,1.0,0.5899,0.67
adult-alpha_1-beta_1-gamma_1,1572088656,188,-0.0882,0.5748,0.0,1.0,0.663,0.67
adult-alpha_1-beta_1-gamma_1,1572088659,189,1.5448,2.0481,0.0,1.0,0.5034,0.83
adult-alpha_1-beta_1-gamma_1,1572088662,190,3.5944,4.1369,0.0,1.0,0.5425,0.5
adult-alpha_1-beta_1-gamma_1,1572088665,191,0.2407,0.5845,0.0,1.0,0.3439,0.67
adult-alpha_1-beta_1-gamma_1,1572088668,192,0.0984,0.4273,0.0,1.0,0.329,0.83
adult-alpha_1-beta_1-gamma_1,1572088671,193,0.9106,1.4337,0.0,1.0,0.5231,0.83
adult-alpha_1-beta_1-gamma_1,1572088674,194,-0.18,0.4664,0.0,1.0,0.6464,0.83
adult-alpha_1-beta_1-gamma_1,1572088677,195,0.4615,0.7129,0.0,1.0,0.2513,0.83
adult-alpha_1-beta_1-gamma_1,1572088680,196,2.4089,2.6772,0.0,1.0,0.2683,1.0
adult-alpha_1-beta_1-gamma_1,1572088683,197,0.079,0.4428,0.0,1.0,0.3638,0.83
adult-alpha_1-beta_1-gamma_1,1572088686,198,0.0088,0.538,0.0,1.0,0.5292,0.67
adult-alpha_1-beta_1-gamma_1,1572088689,199,2.0143,2.718,0.0,1.0,0.7038,0.5
adult-alpha_1-beta_1-gamma_1,1572088692,200,0.1743,0.5274,0.0,1.0,0.3531,1.0
adult-alpha_1-beta_1-gamma_1,1572088695,201,0.1103,0.746,0.0,1.0,0.6357,0.67
adult-alpha_1-beta_1-gamma_1,1572088698,202,0.354,0.9408,0.0,1.0,0.5868,0.83
adult-alpha_1-beta_1-gamma_1,1572088701,203,0.1319,0.6541,0.0,1.0,0.5222,1.0
adult-alpha_1-beta_1-gamma_1,1572088704,204,0.1586,0.8928,0.0,1.0,0.7341,0.67
adult-alpha_1-beta_1-gamma_1,1572088708,205,0.0095,0.5731,0.0,1.0,0.5635,0.67
adult-alpha_1-beta_1-gamma_1,1572088711,206,0.3917,0.9337,0.0,1.0,0.5419,0.83
adult-alpha_1-beta_1-gamma_1,1572088714,207,0.054,0.5367,0.0,1.0,0.4827,0.67
adult-alpha_1-beta_1-gamma_1,1572088717,208,0.2562,1.0332,0.0,1.0,0.777,0.33
adult-alpha_1-beta_1-gamma_1,1572088720,209,-0.1092,0.4931,0.0,1.0,0.6023,0.67
adult-alpha_1-beta_1-gamma_1,1572088723,210,0.1808,1.0531,0.0,1.0,0.8724,0.33
adult-alpha_1-beta_1-gamma_1,1572088726,211,0.2327,0.3858,0.0,1.0,0.1531,1.0
adult-alpha_1-beta_1-gamma_1,1572088729,212,1.6178,2.0709,0.0,1.0,0.4531,0.67
adult-alpha_1-beta_1-gamma_1,1572088732,213,-0.2406,0.3642,0.0,1.0,0.6048,0.67
adult-alpha_1-beta_1-gamma_1,1572088735,214,-0.1575,0.4555,0.0,1.0,0.613,0.67
adult-alpha_1-beta_1-gamma_1,1572088738,215,0.206,0.6717,0.0,1.0,0.4657,1.0
adult-alpha_1-beta_1-gamma_1,1572088741,216,0.5447,1.068,0.0,1.0,0.5234,0.83
adult-alpha_1-beta_1-gamma_1,1572088744,217,0.1017,0.4572,0.0,1.0,0.3555,0.83
adult-alpha_1-beta_1-gamma_1,1572088747,218,0.1584,0.807,0.0,1.0,0.6485,0.67
adult-alpha_1-beta_1-gamma_1,1572088750,219,0.2278,0.5074,0.0,1.0,0.2796,1.0
adult-alpha_1-beta_1-gamma_1,1572088753,220,0.038,0.4453,0.0,1.0,0.4072,0.83
adult-alpha_1-beta_1-gamma_1,1572088756,221,0.0083,0.5385,0.0,1.0,0.5302,0.67
adult-alpha_1-beta_1-gamma_1,1572088759,222,-0.3098,0.405,0.0,1.0,0.7148,0.5
adult-alpha_1-beta_1-gamma_1,1572088762,223,2.0304,2.7031,0.0,1.0,0.6727,0.67
adult-alpha_1-beta_1-gamma_1,1572088765,224,0.4086,0.6933,0.0,1.0,0.2847,0.83
adult-alpha_1-beta_1-gamma_1,1572088768,225,0.6127,1.0726,0.0,1.0,0.4599,0.83
adult-alpha_1-beta_1-gamma_1,1572088771,226,0.113,0.5052,0.0,1.0,0.3922,0.83
adult-alpha_1-beta_1-gamma_1,1572088774,227,-0.1975,0.4489,0.0,1.0,0.6464,0.83
adult-alpha_1-beta_1-gamma_1,1572088777,228,1.548,1.9417,0.0,1.0,0.3937,0.67
adult-alpha_1-beta_1-gamma_1,1572088780,229,0.0642,0.3675,0.0,1.0,0.3033,0.83
adult-alpha_1-beta_1-gamma_1,1572088783,230,-0.1681,0.3022,0.0,1.0,0.4703,0.67
adult-alpha_1-beta_1-gamma_1,1572088786,231,-0.3143,0.3915,0.0,1.0,0.7058,0.67
adult-alpha_1-beta_1-gamma_1,1572088789,232,-0.5142,0.3923,0.0,1.0,0.9064,0.5
adult-alpha_1-beta_1-gamma_1,1572088792,233,1.6756,2.9312,0.0,1.0,1.2556,0.17
adult-alpha_1-beta_1-gamma_1,1572088795,234,1.2228,1.9416,0.0,1.0,0.7189,0.67
adult-alpha_1-beta_1-gamma_1,1572088798,235,0.0304,0.5362,0.0,1.0,0.5058,0.5
adult-alpha_1-beta_1-gamma_1,1572088801,236,0.0469,0.6459,0.0,1.0,0.5989,0.67
adult-alpha_1-beta_1-gamma_1,1572088804,237,1.7975,2.3712,0.0,1.0,0.5737,0.33
adult-alpha_1-beta_1-gamma_1,1572088807,238,0.0854,0.5245,0.0,1.0,0.4391,0.83
adult-alpha_1-beta_1-gamma_1,1572088810,239,1.1706,1.6825,0.0,1.0,0.5119,0.67
adult-alpha_1-beta_1-gamma_1,1572088813,240,0.1688,0.4994,0.0,1.0,0.3306,1.0
adult-alpha_1-beta_1-gamma_1,1572088816,241,0.1514,0.4595,0.0,1.0,0.3081,1.0
adult-alpha_1-beta_1-gamma_1,1572088819,242,-0.0757,0.3918,0.0,1.0,0.4676,0.83
adult-alpha_1-beta_1-gamma_1,1572088822,243,0.8777,1.0461,0.0,1.0,0.1684,1.0
adult-alpha_1-beta_1-gamma_1,1572088825,244,0.2147,0.3849,0.0,1.0,0.1702,1.0
adult-alpha_1-beta_1-gamma_1,1572088828,245,-0.1024,0.4978,0.0,1.0,0.6002,0.83
adult-alpha_1-beta_1-gamma_1,1572088831,246,0.1112,0.444,0.0,1.0,0.3329,0.83
adult-alpha_1-beta_1-gamma_1,1572088834,247,-0.1307,0.2941,0.0,1.0,0.4247,0.83
adult-alpha_1-beta_1-gamma_1,1572088837,248,0.749,0.9424,0.0,1.0,0.1934,1.0
adult-alpha_1-beta_1-gamma_1,1572088840,249,0.2461,0.4564,0.0,1.0,0.2103,1.0
adult-alpha_1-beta_1-gamma_1,1572088843,250,-0.0048,0.6391,0.0,1.0,0.6439,0.5
adult-alpha_1-beta_1-gamma_1,1572088846,251,0.0636,0.5546,0.0,1.0,0.4909,0.67
adult-alpha_1-beta_1-gamma_1,1572088849,252,-0.2813,0.4375,0.0,1.0,0.7188,0.5
adult-alpha_1-beta_1-gamma_1,1572088852,253,-0.0188,0.2917,0.0,1.0,0.3104,0.83
adult-alpha_1-beta_1-gamma_1,1572088855,254,0.0904,0.446,0.0,1.0,0.3556,1.0
adult-alpha_1-beta_1-gamma_1,1572088858,255,0.7565,1.1384,0.0,1.0,0.3819,0.83
adult-alpha_1-beta_1-gamma_1,1572088861,256,0.1196,0.6034,0.0,1.0,0.4838,0.67
adult-alpha_1-beta_1-gamma_1,1572088864,257,0.1239,0.3724,0.0,1.0,0.2485,1.0
adult-alpha_1-beta_1-gamma_1,1572088867,258,-0.0911,0.6618,0.0,1.0,0.7529,0.5
adult-alpha_1-beta_1-gamma_1,1572088870,259,-0.0438,0.4617,0.0,1.0,0.5056,0.83
adult-alpha_1-beta_1-gamma_1,1572088873,260,-0.4116,0.3895,0.0,1.0,0.8011,0.67
adult-alpha_1-beta_1-gamma_1,1572088876,261,0.1324,0.7684,0.0,1.0,0.636,0.67
adult-alpha_1-beta_1-gamma_1,1572088879,262,0.713,1.0601,0.0,1.0,0.3471,0.83
adult-alpha_1-beta_1-gamma_1,1572088882,263,-0.6731,0.4407,0.0,1.0,1.1139,0.33
adult-alpha_1-beta_1-gamma_1,1572088885,264,0.5271,0.9673,0.0,1.0,0.4402,0.67
adult-alpha_1-beta_1-gamma_1,1572088888,265,0.0268,0.3411,0.0,1.0,0.3144,1.0
adult-alpha_1-beta_1-gamma_1,1572088891,266,0.1672,0.7649,0.0,1.0,0.5976,0.83
adult-alpha_1-beta_1-gamma_1,1572088894,267,-0.0851,0.5037,0.0,1.0,0.5888,0.67
adult-alpha_1-beta_1-gamma_1,1572088897,268,0.7625,0.9722,0.0,1.0,0.2096,1.0
adult-alpha_1-beta_1-gamma_1,1572088900,269,0.2114,0.3919,0.0,1.0,0.1804,1.0
adult-alpha_1-beta_1-gamma_1,1572088903,270,0.1145,0.5855,0.0,1.0,0.471,0.67
adult-alpha_1-beta_1-gamma_1,1572088906,271,0.3451,0.4998,0.0,1.0,0.1547,1.0
adult-alpha_1-beta_1-gamma_1,1572088909,272,-0.2545,0.5866,0.0,1.0,0.8411,0.83
adult-alpha_1-beta_1-gamma_1,1572088912,273,0.4593,0.927,0.0,1.0,0.4677,0.67
adult-alpha_1-beta_1-gamma_1,1572088915,274,-0.0198,0.5144,0.0,1.0,0.5342,0.67
adult-alpha_1-beta_1-gamma_1,1572088918,275,2.0838,2.7344,0.0,1.0,0.6505,0.83
adult-alpha_1-beta_1-gamma_1,1572088921,276,-0.0181,0.3437,0.0,1.0,0.3619,1.0
adult-alpha_1-beta_1-gamma_1,1572088924,277,0.2872,1.0535,0.0,1.0,0.7663,0.67
adult-alpha_1-beta_1-gamma_1,1572088927,278,1.7902,2.1691,0.0,1.0,0.379,0.83
adult-alpha_1-beta_1-gamma_1,1572088930,279,0.2142,0.5599,0.0,1.0,0.3457,0.83
adult-alpha_1-beta_1-gamma_1,1572088933,280,0.2441,0.4737,0.0,1.0,0.2296,1.0
adult-alpha_1-beta_1-gamma_1,1572088936,281,3.6788,4.07,0.0,1.0,0.3912,1.0
adult-alpha_1-beta_1-gamma_1,1572088940,282,0.1243,0.487,0.0,1.0,0.3627,0.83
adult-alpha_1-beta_1-gamma_1,1572088943,283,-0.0068,0.3511,0.0,1.0,0.3579,1.0
adult-alpha_1-beta_1-gamma_1,1572088946,284,-0.1691,0.4094,0.0,1.0,0.5785,0.5
adult-alpha_1-beta_1-gamma_1,1572088948,285,-0.0118,0.343,0.0,1.0,0.3548,0.83
adult-alpha_1-beta_1-gamma_1,1572088951,286,0.0629,0.6487,0.0,1.0,0.5858,0.67
adult-alpha_1-beta_1-gamma_1,1572088955,287,-0.342,0.6217,0.0,1.0,0.9637,0.5
adult-alpha_1-beta_1-gamma_1,1572088957,288,-0.1236,0.3281,0.0,1.0,0.4517,0.67
adult-alpha_1-beta_1-gamma_1,1572088961,289,0.1446,0.5283,0.0,1.0,0.3837,1.0
adult-alpha_1-beta_1-gamma_1,1572088963,290,-0.0068,0.4197,0.0,1.0,0.4265,0.83
adult-alpha_1-beta_1-gamma_1,1572088966,291,0.3128,0.5944,0.0,1.0,0.2816,1.0
adult-alpha_1-beta_1-gamma_1,1572088970,292,0.012,0.4966,0.0,1.0,0.4846,0.67
adult-alpha_1-beta_1-gamma_1,1572088972,293,0.9092,1.5109,0.0,1.0,0.6018,0.67
adult-alpha_1-beta_1-gamma_1,1572088975,294,0.7843,1.1399,0.0,1.0,0.3556,1.0
adult-alpha_1-beta_1-gamma_1,1572088978,295,-0.073,0.409,0.0,1.0,0.4819,0.83
adult-alpha_1-beta_1-gamma_1,1572088981,296,0.8587,1.1499,0.0,1.0,0.2912,1.0
adult-alpha_1-beta_1-gamma_1,1572088984,297,0.497,0.9477,0.0,1.0,0.4508,1.0
adult-alpha_1-beta_1-gamma_1,1572088987,298,-0.2627,0.3816,0.0,1.0,0.6443,0.67
adult-alpha_1-beta_1-gamma_1,1572088990,299,-0.026,0.501,0.0,1.0,0.527,0.67
adult-alpha_1-beta_1-gamma_1,1572088993,300,0.7819,1.2171,0.0,1.0,0.4351,0.83
adult-alpha_1-beta_1-gamma_1,1572088997,301,-0.2123,0.2709,0.0,1.0,0.4832,0.67
adult-alpha_1-beta_1-gamma_1,1572089000,302,-0.002,0.3504,0.0,1.0,0.3524,1.0
adult-alpha_1-beta_1-gamma_1,1572089003,303,1.0114,1.3486,0.0,1.0,0.3372,0.83
adult-alpha_1-beta_1-gamma_1,1572089006,304,0.0874,0.4134,0.0,1.0,0.326,0.83
adult-alpha_1-beta_1-gamma_1,1572089009,305,-0.3746,0.4401,0.0,1.0,0.8147,0.5
adult-alpha_1-beta_1-gamma_1,1572089012,306,0.1412,0.6302,0.0,1.0,0.489,0.67
adult-alpha_1-beta_1-gamma_1,1572089015,307,-0.1453,0.3728,0.0,1.0,0.5181,0.83
adult-alpha_1-beta_1-gamma_1,1572089018,308,-0.4447,0.3542,0.0,1.0,0.7988,0.5
adult-alpha_1-beta_1-gamma_1,1572089021,309,2.6219,2.8557,0.0,1.0,0.2338,1.0
adult-alpha_1-beta_1-gamma_1,1572089024,310,0.29,0.5622,0.0,1.0,0.2723,0.83
adult-alpha_1-beta_1-gamma_1,1572089027,311,-0.0895,0.3948,0.0,1.0,0.4843,0.67
adult-alpha_1-beta_1-gamma_1,1572089030,312,-0.1753,0.3738,0.0,1.0,0.5492,0.67
adult-alpha_1-beta_1-gamma_1,1572089033,313,-0.1388,0.4886,0.0,1.0,0.6274,0.83
adult-alpha_1-beta_1-gamma_1,1572089036,314,-0.3671,0.4378,0.0,1.0,0.8049,0.5
adult-alpha_1-beta_1-gamma_1,1572089039,315,-0.2058,0.6821,0.0,1.0,0.8879,0.33
adult-alpha_1-beta_1-gamma_1,1572089042,316,-0.2086,0.346,0.0,1.0,0.5546,0.83
adult-alpha_1-beta_1-gamma_1,1572089045,317,-0.0176,0.799,0.0,1.0,0.8166,0.5
adult-alpha_1-beta_1-gamma_1,1572089048,318,-0.2174,0.5973,0.0,1.0,0.8147,0.5
adult-alpha_1-beta_1-gamma_1,1572089051,319,-0.1445,0.5343,0.0,1.0,0.6788,0.67
adult-alpha_1-beta_1-gamma_1,1572089054,320,0.262,0.3792,0.0,1.0,0.1172,1.0
adult-alpha_1-beta_1-gamma_1,1572089057,321,0.0006,0.3867,0.0,1.0,0.3862,0.83
adult-alpha_1-beta_1-gamma_1,1572089060,322,0.24,0.6153,0.0,1.0,0.3753,0.83
adult-alpha_1-beta_1-gamma_1,1572089062,323,3.6645,4.4124,0.0,1.0,0.7479,0.67
adult-alpha_1-beta_1-gamma_1,1572089066,324,-0.0401,0.3851,0.0,1.0,0.4253,0.67
adult-alpha_1-beta_1-gamma_1,1572089069,325,-0.0939,0.4338,0.0,1.0,0.5277,0.83
adult-alpha_1-beta_1-gamma_1,1572089072,326,-0.0553,0.5239,0.0,1.0,0.5791,0.67
adult-alpha_1-beta_1-gamma_1,1572089075,327,-0.1194,0.6281,0.0,1.0,0.7475,0.33
adult-alpha_1-beta_1-gamma_1,1572089078,328,0.4353,0.7015,0.0,1.0,0.2661,0.83
adult-alpha_1-beta_1-gamma_1,1572089081,329,0.0877,0.7318,0.0,1.0,0.6441,0.67
adult-alpha_1-beta_1-gamma_1,1572089084,330,-0.2303,0.3845,0.0,1.0,0.6148,0.67
adult-alpha_1-beta_1-gamma_1,1572089087,331,0.4225,1.0125,0.0,1.0,0.59,0.5
adult-alpha_1-beta_1-gamma_1,1572089090,332,0.9916,2.2063,0.0,1.0,1.2147,0.33
adult-alpha_1-beta_1-gamma_1,1572089093,333,-0.0788,0.4404,0.0,1.0,0.5193,0.67
adult-alpha_1-beta_1-gamma_1,1572089096,334,-0.212,0.5208,0.0,1.0,0.7329,0.5
adult-alpha_1-beta_1-gamma_1,1572089099,335,0.0234,0.4922,0.0,1.0,0.4688,0.83
adult-alpha_1-beta_1-gamma_1,1572089102,336,-0.0159,0.6206,0.0,1.0,0.6365,0.67
adult-alpha_1-beta_1-gamma_1,1572089105,337,1.8305,2.4861,0.0,1.0,0.6557,0.33
adult-alpha_1-beta_1-gamma_1,1572089108,338,0.2094,0.8959,0.0,1.0,0.6866,0.67
adult-alpha_1-beta_1-gamma_1,1572089111,339,0.096,0.3692,0.0,1.0,0.2732,1.0
adult-alpha_1-beta_1-gamma_1,1572089114,340,-0.0974,0.447,0.0,1.0,0.5445,0.67
adult-alpha_1-beta_1-gamma_1,1572089117,341,0.1932,0.958,0.0,1.0,0.7648,0.83
adult-alpha_1-beta_1-gamma_1,1572089120,342,-0.6129,0.3787,0.0,1.0,0.9916,0.5
adult-alpha_1-beta_1-gamma_1,1572089123,343,-0.0641,0.5251,0.0,1.0,0.5892,0.67
adult-alpha_1-beta_1-gamma_1,1572089126,344,0.1581,0.8118,0.0,1.0,0.6538,0.67
adult-alpha_1-beta_1-gamma_1,1572089129,345,-0.0179,0.3559,0.0,1.0,0.3738,0.67
adult-alpha_1-beta_1-gamma_1,1572089132,346,4.1624,4.3408,0.0,1.0,0.1784,1.0
adult-alpha_1-beta_1-gamma_1,1572089135,347,-0.2306,0.3673,0.0,1.0,0.5979,0.33
adult-alpha_1-beta_1-gamma_1,1572089138,348,0.2384,0.567,0.0,1.0,0.3286,0.83
adult-alpha_1-beta_1-gamma_1,1572089141,349,0.5853,1.0015,0.0,1.0,0.4162,0.83
adult-alpha_1-beta_1-gamma_1,1572089144,350,-0.3011,0.5357,0.0,1.0,0.8369,0.5
adult-alpha_1-beta_1-gamma_1,1572089147,351,0.1856,0.483,0.0,1.0,0.2974,1.0
adult-alpha_1-beta_1-gamma_1,1572089150,352,2.4121,2.907,0.0,1.0,0.4949,0.67
adult-alpha_1-beta_1-gamma_1,1572089153,353,0.0901,0.355,0.0,1.0,0.2649,1.0
adult-alpha_1-beta_1-gamma_1,1572089156,354,-0.1183,0.4814,0.0,1.0,0.5997,0.67
adult-alpha_1-beta_1-gamma_1,1572089159,355,1.2801,1.6791,0.0,1.0,0.399,0.83
adult-alpha_1-beta_1-gamma_1,1572089163,356,1.1496,1.7979,0.0,1.0,0.6483,0.33
adult-alpha_1-beta_1-gamma_1,1572089166,357,0.1041,0.2929,0.0,1.0,0.1888,1.0
adult-alpha_1-beta_1-gamma_1,1572089169,358,-0.0484,0.3252,0.0,1.0,0.3736,0.83
adult-alpha_1-beta_1-gamma_1,1572089172,359,0.1479,0.6159,0.0,1.0,0.468,0.83
adult-alpha_1-beta_1-gamma_1,1572089175,360,-0.1503,0.3278,0.0,1.0,0.4781,0.83
adult-alpha_1-beta_1-gamma_1,1572089178,361,0.5367,0.9372,0.0,1.0,0.4006,1.0
adult-alpha_1-beta_1-gamma_1,1572089181,362,0.1866,0.4512,0.0,1.0,0.2645,1.0
adult-alpha_1-beta_1-gamma_1,1572089184,363,0.1445,0.5379,0.0,1.0,0.3934,0.83
adult-alpha_1-beta_1-gamma_1,1572089187,364,0.6362,0.9052,0.0,1.0,0.269,1.0
adult-alpha_1-beta_1-gamma_1,1572089190,365,0.1091,0.5394,0.0,1.0,0.4303,0.67
adult-alpha_1-beta_1-gamma_1,1572089193,366,0.1124,0.5602,0.0,1.0,0.4477,0.83
adult-alpha_1-beta_1-gamma_1,1572089196,367,-0.1845,0.9167,0.0,1.0,1.1012,0.5
adult-alpha_1-beta_1-gamma_1,1572089199,368,0.4226,0.9661,0.0,1.0,0.5435,0.67
adult-alpha_1-beta_1-gamma_1,1572089202,369,0.355,0.8238,0.0,1.0,0.4688,0.67
adult-alpha_1-beta_1-gamma_1,1572089205,370,-0.0717,0.3469,0.0,1.0,0.4186,0.83
adult-alpha_1-beta_1-gamma_1,1572089209,371,0.4538,1.295,0.0,1.0,0.8412,0.67
adult-alpha_1-beta_1-gamma_1,1572089212,372,-0.4545,0.3277,0.0,1.0,0.7822,0.67
adult-alpha_1-beta_1-gamma_1,1572089215,373,-0.0942,0.4823,0.0,1.0,0.5765,0.83
adult-alpha_1-beta_1-gamma_1,1572089218,374,-0.0332,0.4221,0.0,1.0,0.4552,0.67
adult-alpha_1-beta_1-gamma_1,1572089221,375,0.1361,0.5232,0.0,1.0,0.3871,0.83
adult-alpha_1-beta_1-gamma_1,1572089224,376,0.5877,1.4355,0.0,1.0,0.8479,0.33
adult-alpha_1-beta_1-gamma_1,1572089227,377,2.7179,3.2455,0.0,1.0,0.5276,0.67
adult-alpha_1-beta_1-gamma_1,1572089230,378,0.2926,1.0106,0.0,1.0,0.718,0.5
adult-alpha_1-beta_1-gamma_1,1572089233,379,-0.145,0.4183,0.0,1.0,0.5633,0.67
adult-alpha_1-beta_1-gamma_1,1572089236,380,0.072,0.4311,0.0,1.0,0.3591,1.0
adult-alpha_1-beta_1-gamma_1,1572089239,381,0.0659,0.4535,0.0,1.0,0.3876,0.83
adult-alpha_1-beta_1-gamma_1,1572089242,382,2.3108,2.9768,0.0,1.0,0.6661,0.83
adult-alpha_1-beta_1-gamma_1,1572089245,383,0.9779,1.4413,0.0,1.0,0.4634,0.67
adult-alpha_1-beta_1-gamma_1,1572089248,384,-0.201,0.4286,0.0,1.0,0.6296,0.67
adult-alpha_1-beta_1-gamma_1,1572089251,385,0.2827,1.1684,0.0,1.0,0.8857,0.67
adult-alpha_1-beta_1-gamma_1,1572089254,386,-0.0333,0.6113,0.0,1.0,0.6447,0.67
adult-alpha_1-beta_1-gamma_1,1572089257,387,0.4613,0.8075,0.0,1.0,0.3462,0.83
adult-alpha_1-beta_1-gamma_1,1572089260,388,1.7036,1.922,0.0,1.0,0.2184,1.0
adult-alpha_1-beta_1-gamma_1,1572089263,389,-0.0524,0.5261,0.0,1.0,0.5785,0.83
adult-alpha_1-beta_1-gamma_1,1572089266,390,0.1562,0.5481,0.0,1.0,0.3919,0.83
adult-alpha_1-beta_1-gamma_1,1572089269,391,-0.1558,0.3568,0.0,1.0,0.5126,0.83
adult-alpha_1-beta_1-gamma_1,1572089272,392,0.1748,0.4628,0.0,1.0,0.288,1.0
adult-alpha_1-beta_1-gamma_1,1572089275,393,0.2755,1.0376,0.0,1.0,0.7621,0.83
adult-alpha_1-beta_1-gamma_1,1572089278,394,0.459,0.8745,0.0,1.0,0.4155,1.0
adult-alpha_1-beta_1-gamma_1,1572089281,395,0.5879,1.18,0.0,1.0,0.5921,0.5
adult-alpha_1-beta_1-gamma_1,1572089285,396,3.1056,3.7285,0.0,1.0,0.6229,0.5
adult-alpha_1-beta_1-gamma_1,1572089287,397,0.4269,0.9524,0.0,1.0,0.5255,0.67
adult-alpha_1-beta_1-gamma_1,1572089291,398,-0.3839,0.4243,0.0,1.0,0.8082,0.67
adult-alpha_1-beta_1-gamma_1,1572089294,399,3.2904,3.7824,0.0,1.0,0.492,0.67
adult-alpha_1-beta_1-gamma_1,1572089297,400,1.8062,2.0843,0.0,1.0,0.2781,1.0
adult-alpha_1-beta_1-gamma_1,1572089300,401,0.0961,0.5001,0.0,1.0,0.404,1.0
adult-alpha_1-beta_1-gamma_1,1572089303,402,0.1135,0.5978,0.0,1.0,0.4843,0.83
adult-alpha_1-beta_1-gamma_1,1572089306,403,0.2352,0.524,0.0,1.0,0.2888,0.83
adult-alpha_1-beta_1-gamma_1,1572089309,404,0.5531,1.0999,0.0,1.0,0.5468,0.67
adult-alpha_1-beta_1-gamma_1,1572089312,405,0.0711,0.4994,0.0,1.0,0.4282,0.83
adult-alpha_1-beta_1-gamma_1,1572089315,406,-0.3701,0.622,0.0,1.0,0.9921,0.5
adult-alpha_1-beta_1-gamma_1,1572089318,407,-0.2596,0.2546,0.0,1.0,0.5142,0.83
adult-alpha_1-beta_1-gamma_1,1572089321,408,0.0728,0.4626,0.0,1.0,0.3898,1.0
adult-alpha_1-beta_1-gamma_1,1572089324,409,0.0664,1.2085,0.0,1.0,1.1421,0.33
adult-alpha_1-beta_1-gamma_1,1572089327,410,0.6142,1.2941,0.0,1.0,0.6799,0.5
adult-alpha_1-beta_1-gamma_1,1572089330,411,0.1672,0.5618,0.0,1.0,0.3946,0.83
adult-alpha_1-beta_1-gamma_1,1572089333,412,0.8681,1.5239,0.0,1.0,0.6558,0.5
adult-alpha_1-beta_1-gamma_1,1572089336,413,0.9446,1.7296,0.0,1.0,0.785,0.67
adult-alpha_1-beta_1-gamma_1,1572089339,414,-0.3077,0.3594,0.0,1.0,0.667,0.5
adult-alpha_1-beta_1-gamma_1,1572089341,415,-0.0562,0.3906,0.0,1.0,0.4468,0.67
adult-alpha_1-beta_1-gamma_1,1572089345,416,0.2982,0.7007,0.0,1.0,0.4025,1.0
adult-alpha_1-beta_1-gamma_1,1572089348,417,0.4266,0.7073,0.0,1.0,0.2806,1.0
adult-alpha_1-beta_1-gamma_1,1572089351,418,-0.3888,0.7631,0.0,1.0,1.1519,0.5
adult-alpha_1-beta_1-gamma_1,1572089354,419,-0.0708,0.827,0.0,1.0,0.8978,0.67
adult-alpha_1-beta_1-gamma_1,1572089357,420,-0.2563,0.3894,0.0,1.0,0.6457,0.5
adult-alpha_1-beta_1-gamma_1,1572089360,421,-0.6662,0.4236,0.0,1.0,1.0898,0.5
adult-alpha_1-beta_1-gamma_1,1572089363,422,0.1921,0.4747,0.0,1.0,0.2826,1.0
adult-alpha_1-beta_1-gamma_1,1572089366,423,0.4579,0.8023,0.0,1.0,0.3444,0.83
adult-alpha_1-beta_1-gamma_1,1572089369,424,-0.2456,0.8546,0.0,1.0,1.1002,0.33
adult-alpha_1-beta_1-gamma_1,1572089372,425,-0.2729,0.3649,0.0,1.0,0.6378,0.67
adult-alpha_1-beta_1-gamma_1,1572089375,426,0.235,0.6174,0.0,1.0,0.3824,0.83
adult-alpha_1-beta_1-gamma_1,1572089378,427,0.0092,0.2998,0.0,1.0,0.2906,1.0
adult-alpha_1-beta_1-gamma_1,1572089381,428,0.1595,0.4558,0.0,1.0,0.2963,1.0
adult-alpha_1-beta_1-gamma_1,1572089384,429,-0.3522,0.6179,0.0,1.0,0.9701,0.5
adult-alpha_1-beta_1-gamma_1,1572089387,430,2.2625,2.4743,0.0,1.0,0.2118,1.0
adult-alpha_1-beta_1-gamma_1,1572089390,431,0.9676,1.1832,0.0,1.0,0.2157,1.0
adult-alpha_1-beta_1-gamma_1,1572089393,432,-0.4917,0.4459,0.0,1.0,0.9376,0.33
adult-alpha_1-beta_1-gamma_1,1572089396,433,2.3228,2.8148,0.0,1.0,0.492,0.67
adult-alpha_1-beta_1-gamma_1,1572089399,434,0.2291,0.8776,0.0,1.0,0.6485,0.5
adult-alpha_1-beta_1-gamma_1,1572089402,435,-0.0889,0.3839,0.0,1.0,0.4728,0.67
adult-alpha_1-beta_1-gamma_1,1572089405,436,0.0064,0.5566,0.0,1.0,0.5502,0.67
adult-alpha_1-beta_1-gamma_1,1572089408,437,-0.2068,0.5556,0.0,1.0,0.7624,0.5
adult-alpha_1-beta_1-gamma_1,1572089411,438,-0.2368,0.3954,0.0,1.0,0.6322,0.67
adult-alpha_1-beta_1-gamma_1,1572089414,439,-0.4439,0.422,0.0,1.0,0.8659,0.5
adult-alpha_1-beta_1-gamma_1,1572089417,440,-0.2624,0.409,0.0,1.0,0.6714,0.5
adult-alpha_1-beta_1-gamma_1,1572089420,441,-0.0445,0.5285,0.0,1.0,0.573,0.67
adult-alpha_1-beta_1-gamma_1,1572089423,442,-0.215,0.5531,0.0,1.0,0.7681,0.67
adult-alpha_1-beta_1-gamma_1,1572089426,443,-0.0407,0.2046,0.0,1.0,0.2454,1.0
adult-alpha_1-beta_1-gamma_1,1572089429,444,-0.4512,0.8402,0.0,1.0,1.2915,0.33
adult-alpha_1-beta_1-gamma_1,1572089432,445,0.8969,1.5193,0.0,1.0,0.6225,0.67
adult-alpha_1-beta_1-gamma_1,1572089435,446,1.0688,1.5549,0.0,1.0,0.486,0.83
adult-alpha_1-beta_1-gamma_1,1572089438,447,3.2907,3.8943,0.0,1.0,0.6036,0.67
adult-alpha_1-beta_1-gamma_1,1572089441,448,3.2822,4.0274,0.0,1.0,0.7452,0.67
adult-alpha_1-beta_1-gamma_1,1572089444,449,0.1476,0.8935,0.0,1.0,0.7458,0.5
adult-alpha_1-beta_1-gamma_1,1572089447,450,0.2386,1.169,0.0,1.0,0.9304,0.5
adult-alpha_1-beta_1-gamma_1,1572089450,451,0.0805,0.4255,0.0,1.0,0.345,1.0
adult-alpha_1-beta_1-gamma_1,1572089453,452,-0.2122,0.3927,0.0,1.0,0.6049,0.67
adult-alpha_1-beta_1-gamma_1,1572089456,453,0.0588,0.3792,0.0,1.0,0.3204,0.83
adult-alpha_1-beta_1-gamma_1,1572089459,454,-0.038,0.5278,0.0,1.0,0.5658,0.83
adult-alpha_1-beta_1-gamma_1,1572089462,455,0.6885,1.303,0.0,1.0,0.6145,0.67
adult-alpha_1-beta_1-gamma_1,1572089465,456,0.3903,0.7058,0.0,1.0,0.3156,0.83
adult-alpha_1-beta_1-gamma_1,1572089468,457,0.8678,1.248,0.0,1.0,0.3802,0.83
adult-alpha_1-beta_1-gamma_1,1572089471,458,0.1602,0.5767,0.0,1.0,0.4165,0.83
adult-alpha_1-beta_1-gamma_1,1572089474,459,0.0824,0.5502,0.0,1.0,0.4678,0.83
adult-alpha_1-beta_1-gamma_1,1572089477,460,0.0002,0.3916,0.0,1.0,0.3913,1.0
adult-alpha_1-beta_1-gamma_1,1572089480,461,-0.2661,0.3247,0.0,1.0,0.5908,0.5
adult-alpha_1-beta_1-gamma_1,1572089483,462,0.12,0.6308,0.0,1.0,0.5108,0.67
adult-alpha_1-beta_1-gamma_1,1572089486,463,1.7083,1.9046,0.0,1.0,0.1963,1.0
adult-alpha_1-beta_1-gamma_1,1572089489,464,0.148,0.7188,0.0,1.0,0.5709,0.67
adult-alpha_1-beta_1-gamma_1,1572089492,465,0.828,1.123,0.0,1.0,0.295,0.83
adult-alpha_1-beta_1-gamma_1,1572089495,466,-0.1541,0.4186,0.0,1.0,0.5727,0.5
adult-alpha_1-beta_1-gamma_1,1572089498,467,0.0403,0.4063,0.0,1.0,0.366,0.83
adult-alpha_1-beta_1-gamma_1,1572089501,468,0.7532,1.3461,0.0,1.0,0.5929,0.5
adult-alpha_1-beta_1-gamma_1,1572089504,469,0.5057,1.1109,0.0,1.0,0.6052,0.5
adult-alpha_1-beta_1-gamma_1,1572089507,470,0.1424,0.4749,0.0,1.0,0.3325,0.83
adult-alpha_1-beta_1-gamma_1,1572089510,471,-0.0073,0.5463,0.0,1.0,0.5537,0.67
adult-alpha_1-beta_1-gamma_1,1572089513,472,1.9897,2.7351,0.0,1.0,0.7454,0.5
adult-alpha_1-beta_1-gamma_1,1572089516,473,0.7109,1.0675,0.0,1.0,0.3566,1.0
adult-alpha_1-beta_1-gamma_1,1572089519,474,0.1807,0.3809,0.0,1.0,0.2002,1.0
adult-alpha_1-beta_1-gamma_1,1572089522,475,0.2067,0.526,0.0,1.0,0.3192,1.0
adult-alpha_1-beta_1-gamma_1,1572089525,476,0.3017,0.8811,0.0,1.0,0.5794,0.5
adult-alpha_1-beta_1-gamma_1,1572089528,477,0.9017,1.5838,0.0,1.0,0.6821,0.67
adult-alpha_1-beta_1-gamma_1,1572089531,478,0.9321,1.1876,0.0,1.0,0.2554,1.0
adult-alpha_1-beta_1-gamma_1,1572089534,479,0.06,0.3998,0.0,1.0,0.3398,1.0
adult-alpha_1-beta_1-gamma_1,1572089537,480,-0.4084,0.4849,0.0,1.0,0.8933,0.5
adult-alpha_1-beta_1-gamma_1,1572089540,481,0.0935,0.4401,0.0,1.0,0.3466,1.0
adult-alpha_1-beta_1-gamma_1,1572089543,482,0.3512,0.73,0.0,1.0,0.3788,0.83
adult-alpha_1-beta_1-gamma_1,1572089546,483,-0.2511,0.4591,0.0,1.0,0.7102,0.5
adult-alpha_1-beta_1-gamma_1,1572089549,484,0.4631,1.1103,0.0,1.0,0.6472,0.5
adult-alpha_1-beta_1-gamma_1,1572089552,485,0.3492,0.7975,0.0,1.0,0.4483,0.83
adult-alpha_1-beta_1-gamma_1,1572089555,486,0.3019,0.924,0.0,1.0,0.6221,0.83
adult-alpha_1-beta_1-gamma_1,1572089558,487,-0.2921,0.3173,0.0,1.0,0.6094,0.83
adult-alpha_1-beta_1-gamma_1,1572089561,488,-0.0601,0.3972,0.0,1.0,0.4573,0.83
adult-alpha_1-beta_1-gamma_1,1572089564,489,0.3001,1.0058,0.0,1.0,0.7057,0.5
adult-alpha_1-beta_1-gamma_1,1572089567,490,0.2601,0.6012,0.0,1.0,0.3411,1.0
adult-alpha_1-beta_1-gamma_1,1572089570,491,3.8977,4.3651,0.0,1.0,0.4674,0.67
adult-alpha_1-beta_1-gamma_1,1572089574,492,-0.182,0.4947,0.0,1.0,0.6767,0.67
adult-alpha_1-beta_1-gamma_1,1572089576,493,0.2405,0.5742,0.0,1.0,0.3337,1.0
adult-alpha_1-beta_1-gamma_1,1572089580,494,-0.1207,0.5001,0.0,1.0,0.6209,0.67
adult-alpha_1-beta_1-gamma_1,1572089583,495,-0.1022,0.7961,0.0,1.0,0.8983,0.67
adult-alpha_1-beta_1-gamma_1,1572089586,496,0.901,1.5224,0.0,1.0,0.6214,0.67
adult-alpha_1-beta_1-gamma_1,1572089589,497,0.2435,0.5836,0.0,1.0,0.3401,0.83
adult-alpha_1-beta_1-gamma_1,1572089592,498,-0.0335,0.3749,0.0,1.0,0.4084,0.83
adult-alpha_1-beta_1-gamma_1,1572089595,499,0.0445,0.5889,0.0,1.0,0.5444,0.5
adult-alpha_1-beta_1-gamma_1,1572089598,500,2.33,2.8223,0.0,1.0,0.4923,0.67
adult-alpha_1-beta_1-gamma_1,1572089601,501,0.3521,0.7162,0.0,1.0,0.3641,0.83
adult-alpha_1-beta_1-gamma_1,1572089604,502,0.3535,0.8129,0.0,1.0,0.4594,0.83
adult-alpha_1-beta_1-gamma_1,1572089607,503,2.2655,2.6172,0.0,1.0,0.3517,0.83
adult-alpha_1-beta_1-gamma_1,1572089610,504,2.767,2.9852,0.0,1.0,0.2182,1.0
adult-alpha_1-beta_1-gamma_1,1572089613,505,0.1823,0.5502,0.0,1.0,0.3679,0.83
adult-alpha_1-beta_1-gamma_1,1572089616,506,0.1985,0.6533,0.0,1.0,0.4547,0.83
adult-alpha_1-beta_1-gamma_1,1572089619,507,-0.1551,0.359,0.0,1.0,0.5142,0.83
adult-alpha_1-beta_1-gamma_1,1572089622,508,-0.4605,0.4828,0.0,1.0,0.9433,0.67
adult-alpha_1-beta_1-gamma_1,1572089625,509,2.0268,2.3452,0.0,1.0,0.3185,1.0
adult-alpha_1-beta_1-gamma_1,1572089628,510,-0.0748,0.3824,0.0,1.0,0.4572,0.83
adult-alpha_1-beta_1-gamma_1,1572089631,511,0.4262,0.7985,0.0,1.0,0.3722,0.83
adult-alpha_1-beta_1-gamma_1,1572089634,512,0.3456,0.914,0.0,1.0,0.5684,0.5
adult-alpha_1-beta_1-gamma_1,1572089637,513,0.0751,0.4546,0.0,1.0,0.3795,0.83
adult-alpha_1-beta_1-gamma_1,1572089640,514,2.6552,3.0669,0.0,1.0,0.4118,0.83
adult-alpha_1-beta_1-gamma_1,1572089643,515,0.2046,0.5016,0.0,1.0,0.297,0.83
adult-alpha_1-beta_1-gamma_1,1572089646,516,-0.1736,0.332,0.0,1.0,0.5056,0.83
adult-alpha_1-beta_1-gamma_1,1572089649,517,0.0198,0.6059,0.0,1.0,0.5861,0.67
adult-alpha_1-beta_1-gamma_1,1572089652,518,-0.0673,0.5963,0.0,1.0,0.6636,0.67
adult-alpha_1-beta_1-gamma_1,1572089655,519,-0.0047,0.4302,0.0,1.0,0.4349,0.83
adult-alpha_1-beta_1-gamma_1,1572089658,520,-0.0312,0.4028,0.0,1.0,0.434,0.67
adult-alpha_1-beta_1-gamma_1,1572089661,521,0.6732,1.0562,0.0,1.0,0.383,0.83
adult-alpha_1-beta_1-gamma_1,1572089664,522,-0.3947,0.3949,0.0,1.0,0.7896,0.5
adult-alpha_1-beta_1-gamma_1,1572089667,523,0.5151,0.9588,0.0,1.0,0.4437,0.83
adult-alpha_1-beta_1-gamma_1,1572089670,524,0.1344,0.5077,0.0,1.0,0.3732,0.83
adult-alpha_1-beta_1-gamma_1,1572089673,525,-0.1729,0.3544,0.0,1.0,0.5273,0.67
adult-alpha_1-beta_1-gamma_1,1572089676,526,-0.005,0.3807,0.0,1.0,0.3857,0.83
adult-alpha_1-beta_1-gamma_1,1572089679,527,0.0847,0.5662,0.0,1.0,0.4815,0.67
adult-alpha_1-beta_1-gamma_1,1572089682,528,0.0639,0.5014,0.0,1.0,0.4375,0.5
adult-alpha_1-beta_1-gamma_1,1572089685,529,-0.244,0.3708,0.0,1.0,0.6148,0.67
adult-alpha_1-beta_1-gamma_1,1572089688,530,-0.0725,0.3813,0.0,1.0,0.4538,0.67
adult-alpha_1-beta_1-gamma_1,1572089691,531,-0.0735,0.3544,0.0,1.0,0.4279,0.83
adult-alpha_1-beta_1-gamma_1,1572089694,532,-0.0023,0.3554,0.0,1.0,0.3577,0.67
adult-alpha_1-beta_1-gamma_1,1572089697,533,0.7815,1.1957,0.0,1.0,0.4142,1.0
adult-alpha_1-beta_1-gamma_1,1572089700,534,0.1075,0.8564,0.0,1.0,0.7488,0.5
adult-alpha_1-beta_1-gamma_1,1572089703,535,-0.0051,0.601,0.0,1.0,0.6061,0.33
adult-alpha_1-beta_1-gamma_1,1572089706,536,-0.1176,0.3057,0.0,1.0,0.4232,0.83
adult-alpha_1-beta_1-gamma_1,1572089709,537,0.0912,0.298,0.0,1.0,0.2067,1.0
adult-alpha_1-beta_1-gamma_1,1572089712,538,0.9678,1.4892,0.0,1.0,0.5213,0.83
adult-alpha_1-beta_1-gamma_1,1572089715,539,0.7017,1.4268,0.0,1.0,0.7251,0.67
adult-alpha_1-beta_1-gamma_1,1572089718,540,0.0928,0.5973,0.0,1.0,0.5044,0.67
adult-alpha_1-beta_1-gamma_1,1572089721,541,0.4713,0.9291,0.0,1.0,0.4577,0.83
adult-alpha_1-beta_1-gamma_1,1572089724,542,-0.783,0.5164,0.0,1.0,1.2994,0.33
adult-alpha_1-beta_1-gamma_1,1572089727,543,-0.1398,0.618,0.0,1.0,0.7578,0.33
adult-alpha_1-beta_1-gamma_1,1572089730,544,-0.0739,0.4899,0.0,1.0,0.5637,0.67
adult-alpha_1-beta_1-gamma_1,1572089733,545,-0.0516,0.3367,0.0,1.0,0.3883,0.67
adult-alpha_1-beta_1-gamma_1,1572089736,546,0.1137,0.5537,0.0,1.0,0.4399,0.83
adult-alpha_1-beta_1-gamma_1,1572089739,547,-0.3813,0.7915,0.0,1.0,1.1728,0.33
adult-alpha_1-beta_1-gamma_1,1572089742,548,0.0511,0.4704,0.0,1.0,0.4193,0.67
adult-alpha_1-beta_1-gamma_1,1572089745,549,0.8017,1.4011,0.0,1.0,0.5994,0.67
adult-alpha_1-beta_1-gamma_1,1572089748,550,1.7076,2.2635,0.0,1.0,0.556,0.83
adult-alpha_1-beta_1-gamma_1,1572089751,551,0.1077,0.4147,0.0,1.0,0.307,1.0
adult-alpha_1-beta_1-gamma_1,1572089754,552,0.1378,0.3431,0.0,1.0,0.2053,1.0
adult-alpha_1-beta_1-gamma_1,1572089757,553,1.1784,1.7724,0.0,1.0,0.594,0.83
adult-alpha_1-beta_1-gamma_1,1572089760,554,0.3326,0.9468,0.0,1.0,0.6142,0.67
adult-alpha_1-beta_1-gamma_1,1572089763,555,0.1475,0.4792,0.0,1.0,0.3317,0.83
adult-alpha_1-beta_1-gamma_1,1572089766,556,-0.0466,0.4815,0.0,1.0,0.5281,0.67
adult-alpha_1-beta_1-gamma_1,1572089769,557,0.0053,0.3154,0.0,1.0,0.31,0.83
adult-alpha_1-beta_1-gamma_1,1572089772,558,-0.4601,0.4536,0.0,1.0,0.9138,0.33
adult-alpha_1-beta_1-gamma_1,1572089775,559,0.3591,0.698,0.0,1.0,0.3389,1.0
adult-alpha_1-beta_1-gamma_1,1572089778,560,0.1714,0.5926,0.0,1.0,0.4212,0.83
adult-alpha_1-beta_1-gamma_1,1572089781,561,0.4089,1.0558,0.0,1.0,0.647,0.5
adult-alpha_1-beta_1-gamma_1,1572089784,562,0.0926,0.3,0.0,1.0,0.2075,1.0
adult-alpha_1-beta_1-gamma_1,1572089787,563,0.0901,0.3896,0.0,1.0,0.2994,1.0
adult-alpha_1-beta_1-gamma_1,1572089790,564,0.2326,0.7481,0.0,1.0,0.5155,0.67
adult-alpha_1-beta_1-gamma_1,1572089793,565,0.3816,0.9483,0.0,1.0,0.5666,0.67
adult-alpha_1-beta_1-gamma_1,1572089797,566,0.0881,0.6757,0.0,1.0,0.5876,0.67
adult-alpha_1-beta_1-gamma_1,1572089800,567,0.2699,0.4523,0.0,1.0,0.1824,0.83
adult-alpha_1-beta_1-gamma_1,1572089803,568,0.6615,1.0936,0.0,1.0,0.4321,0.83
adult-alpha_1-beta_1-gamma_1,1572089806,569,0.4955,0.7578,0.0,1.0,0.2623,1.0
adult-alpha_1-beta_1-gamma_1,1572089809,570,-0.2822,0.5153,0.0,1.0,0.7976,0.33
adult-alpha_1-beta_1-gamma_1,1572089812,571,0.3851,0.8348,0.0,1.0,0.4497,0.83
adult-alpha_1-beta_1-gamma_1,1572089815,572,0.0668,0.5349,0.0,1.0,0.4681,0.83
adult-alpha_1-beta_1-gamma_1,1572089818,573,1.627,2.2407,0.0,1.0,0.6137,0.5
adult-alpha_1-beta_1-gamma_1,1572089821,574,1.6944,2.3282,0.0,1.0,0.6338,0.67
adult-alpha_1-beta_1-gamma_1,1572089824,575,-0.1172,0.3524,0.0,1.0,0.4696,0.67
adult-alpha_1-beta_1-gamma_1,1572089827,576,2.8366,3.5218,0.0,1.0,0.6851,0.67
adult-alpha_1-beta_1-gamma_1,1572089829,577,0.909,1.916,0.0,1.0,1.007,0.67
adult-alpha_1-beta_1-gamma_1,1572089832,578,-0.1437,0.3992,0.0,1.0,0.5428,0.83
adult-alpha_1-beta_1-gamma_1,1572089835,579,0.1209,0.3928,0.0,1.0,0.272,1.0
adult-alpha_1-beta_1-gamma_1,1572089838,580,0.0484,0.5042,0.0,1.0,0.4558,0.67
adult-alpha_1-beta_1-gamma_1,1572089841,581,0.3045,0.5912,0.0,1.0,0.2867,1.0
adult-alpha_1-beta_1-gamma_1,1572089844,582,0.1322,0.5018,0.0,1.0,0.3697,0.83
adult-alpha_1-beta_1-gamma_1,1572089847,583,0.0136,0.4027,0.0,1.0,0.3891,0.83
adult-alpha_1-beta_1-gamma_1,1572089850,584,0.4841,1.3685,0.0,1.0,0.8843,0.17
adult-alpha_1-beta_1-gamma_1,1572089853,585,-0.1649,0.3535,0.0,1.0,0.5184,0.67
adult-alpha_1-beta_1-gamma_1,1572089856,586,-0.2361,0.2655,0.0,1.0,0.5016,0.5
adult-alpha_1-beta_1-gamma_1,1572089860,587,0.1007,1.1314,0.0,1.0,1.0307,0.33
adult-alpha_1-beta_1-gamma_1,1572089863,588,-0.0845,0.5037,0.0,1.0,0.5882,0.67
adult-alpha_1-beta_1-gamma_1,1572089866,589,-0.6604,0.3711,0.0,1.0,1.0316,0.5
adult-alpha_1-beta_1-gamma_1,1572089869,590,-0.1034,0.6232,0.0,1.0,0.7267,0.67
adult-alpha_1-beta_1-gamma_1,1572089872,591,-0.1434,0.4165,0.0,1.0,0.5599,0.67
adult-alpha_1-beta_1-gamma_1,1572089875,592,0.2718,0.7453,0.0,1.0,0.4734,0.67
adult-alpha_1-beta_1-gamma_1,1572089878,593,-0.1638,0.3549,0.0,1.0,0.5187,0.83
adult-alpha_1-beta_1-gamma_1,1572089881,594,0.2678,0.5013,0.0,1.0,0.2335,1.0
adult-alpha_1-beta_1-gamma_1,1572089884,595,0.3792,0.9251,0.0,1.0,0.5459,0.83
adult-alpha_1-beta_1-gamma_1,1572089887,596,0.0042,0.3315,0.0,1.0,0.3273,0.83
adult-alpha_1-beta_1-gamma_1,1572089890,597,0.6426,1.3211,0.0,1.0,0.6786,0.83
adult-alpha_1-beta_1-gamma_1,1572089893,598,-0.2442,0.4665,0.0,1.0,0.7107,0.83
adult-alpha_1-beta_1-gamma_1,1572089896,599,0.7144,0.893,0.0,1.0,0.1786,1.0
adult-alpha_1-beta_1-gamma_1,1572089899,600,0.7842,1.1568,0.0,1.0,0.3726,0.83
adult-alpha_1-beta_1-gamma_1,1572089902,601,-0.2456,0.4104,0.0,1.0,0.6559,0.67
adult-alpha_1-beta_1-gamma_1,1572089905,602,-0.2438,0.3321,0.0,1.0,0.5759,0.67
adult-alpha_1-beta_1-gamma_1,1572089908,603,1.6875,2.1983,0.0,1.0,0.5108,0.67
adult-alpha_1-beta_1-gamma_1,1572089911,604,0.3118,0.6304,0.0,1.0,0.3186,1.0
adult-alpha_1-beta_1-gamma_1,1572089914,605,0.0373,0.7307,0.0,1.0,0.6934,0.83
adult-alpha_1-beta_1-gamma_1,1572089917,606,1.1069,1.4594,0.0,1.0,0.3525,1.0
adult-alpha_1-beta_1-gamma_1,1572089920,607,0.2495,0.4965,0.0,1.0,0.247,1.0
adult-alpha_1-beta_1-gamma_1,1572089923,608,-0.1423,0.3438,0.0,1.0,0.4861,0.67
adult-alpha_1-beta_1-gamma_1,1572089926,609,0.122,0.5051,0.0,1.0,0.3831,0.83
adult-alpha_1-beta_1-gamma_1,1572089929,610,-0.1451,0.5621,0.0,1.0,0.7071,0.5
adult-alpha_1-beta_1-gamma_1,1572089932,611,-0.2678,0.5218,0.0,1.0,0.7896,0.33
adult-alpha_1-beta_1-gamma_1,1572089935,612,-0.1288,0.4422,0.0,1.0,0.5711,0.5
adult-alpha_1-beta_1-gamma_1,1572089938,613,0.0074,0.4878,0.0,1.0,0.4804,0.67
adult-alpha_1-beta_1-gamma_1,1572089941,614,-0.4744,0.3833,0.0,1.0,0.8577,0.17
adult-alpha_1-beta_1-gamma_1,1572089944,615,-0.1083,0.4842,0.0,1.0,0.5925,0.5
adult-alpha_1-beta_1-gamma_1,1572089947,616,0.0031,0.4012,0.0,1.0,0.3982,1.0
adult-alpha_1-beta_1-gamma_1,1572089950,617,-0.0117,0.4638,0.0,1.0,0.4755,0.67
adult-alpha_1-beta_1-gamma_1,1572089953,618,0.5426,0.872,0.0,1.0,0.3294,0.83
adult-alpha_1-beta_1-gamma_1,1572089956,619,0.1664,0.6752,0.0,1.0,0.5089,0.83
adult-alpha_1-beta_1-gamma_1,1572089959,620,0.7784,1.3282,0.0,1.0,0.5498,0.67
adult-alpha_1-beta_1-gamma_1,1572089962,621,0.8241,1.3589,0.0,1.0,0.5348,0.5
adult-alpha_1-beta_1-gamma_1,1572089965,622,0.0057,0.4283,0.0,1.0,0.4226,0.67
adult-alpha_1-beta_1-gamma_1,1572089968,623,1.5499,1.9187,0.0,1.0,0.3688,1.0
adult-alpha_1-beta_1-gamma_1,1572089971,624,0.057,0.7336,0.0,1.0,0.6766,0.67
adult-alpha_1-beta_1-gamma_1,1572089974,625,-0.2539,0.4378,0.0,1.0,0.6917,0.5
adult-alpha_1-beta_1-gamma_1,1572089977,626,-0.0884,0.7233,0.0,1.0,0.8117,0.5
adult-alpha_1-beta_1-gamma_1,1572089980,627,0.8272,1.1498,0.0,1.0,0.3226,0.83
adult-alpha_1-beta_1-gamma_1,1572089983,628,0.2014,0.8818,0.0,1.0,0.6804,0.33
adult-alpha_1-beta_1-gamma_1,1572089986,629,0.3519,1.0689,0.0,1.0,0.717,0.5
adult-alpha_1-beta_1-gamma_1,1572089989,630,-0.0346,0.6068,0.0,1.0,0.6414,0.83
adult-alpha_1-beta_1-gamma_1,1572089992,631,-0.0724,0.4394,0.0,1.0,0.5119,0.83
adult-alpha_1-beta_1-gamma_1,1572089995,632,0.1288,0.7876,0.0,1.0,0.6589,0.67
adult-alpha_1-beta_1-gamma_1,1572089998,633,0.9989,1.2794,0.0,1.0,0.2804,1.0
adult-alpha_1-beta_1-gamma_1,1572090001,634,0.2453,0.6574,0.0,1.0,0.4121,0.83
adult-alpha_1-beta_1-gamma_1,1572090004,635,1.4295,2.3487,0.0,1.0,0.9193,0.33
adult-alpha_1-beta_1-gamma_1,1572090007,636,0.3889,0.8532,0.0,1.0,0.4643,0.83
adult-alpha_1-beta_1-gamma_1,1572090010,637,0.1355,0.6302,0.0,1.0,0.4948,1.0
adult-alpha_1-beta_1-gamma_1,1572090014,638,-0.3456,0.4037,0.0,1.0,0.7492,0.33
adult-alpha_1-beta_1-gamma_1,1572090017,639,-0.0429,0.464,0.0,1.0,0.5069,0.67
adult-alpha_1-beta_1-gamma_1,1572090020,640,2.1911,2.8566,0.0,1.0,0.6655,0.67
adult-alpha_1-beta_1-gamma_1,1572090023,641,0.116,0.5827,0.0,1.0,0.4668,0.83
adult-alpha_1-beta_1-gamma_1,1572090026,642,2.5495,2.9976,0.0,1.0,0.4481,0.67
adult-alpha_1-beta_1-gamma_1,1572090029,643,0.1413,0.6423,0.0,1.0,0.501,0.67
adult-alpha_1-beta_1-gamma_1,1572090032,644,0.2281,0.6367,0.0,1.0,0.4085,0.83
adult-alpha_1-beta_1-gamma_1,1572090035,645,-0.0549,0.4317,0.0,1.0,0.4866,0.83
adult-alpha_1-beta_1-gamma_1,1572090038,646,-0.272,0.4303,0.0,1.0,0.7023,0.83
adult-alpha_1-beta_1-gamma_1,1572090041,647,-0.1189,0.5423,0.0,1.0,0.6612,0.67
adult-alpha_1-beta_1-gamma_1,1572090044,648,0.0901,0.3959,0.0,1.0,0.3058,0.83
adult-alpha_1-beta_1-gamma_1,1572090047,649,-0.1104,0.4184,0.0,1.0,0.5288,0.83
adult-alpha_1-beta_1-gamma_1,1572090050,650,0.73,1.2138,0.0,1.0,0.4837,0.83
adult-alpha_1-beta_1-gamma_1,1572090053,651,0.0147,0.2943,0.0,1.0,0.2796,1.0
adult-alpha_1-beta_1-gamma_1,1572090056,652,0.0568,0.4987,0.0,1.0,0.442,0.67
adult-alpha_1-beta_1-gamma_1,1572090059,653,-0.3783,0.3682,0.0,1.0,0.7465,0.5
adult-alpha_1-beta_1-gamma_1,1572090062,654,0.0863,0.6301,0.0,1.0,0.5438,0.67
adult-alpha_1-beta_1-gamma_1,1572090065,655,0.2109,0.7018,0.0,1.0,0.4908,0.83
adult-alpha_1-beta_1-gamma_1,1572090068,656,4.0586,4.3375,0.0,1.0,0.2788,0.83
adult-alpha_1-beta_1-gamma_1,1572090071,657,0.1835,0.5695,0.0,1.0,0.386,0.83
adult-alpha_1-beta_1-gamma_1,1572090074,658,0.5177,0.858,0.0,1.0,0.3404,0.67
adult-alpha_1-beta_1-gamma_1,1572090077,659,0.3768,0.6439,0.0,1.0,0.2671,0.83
adult-alpha_1-beta_1-gamma_1,1572090080,660,1.1989,1.685,0.0,1.0,0.4861,0.67
adult-alpha_1-beta_1-gamma_1,1572090083,661,0.1966,0.4088,0.0,1.0,0.2122,0.83
adult-alpha_1-beta_1-gamma_1,1572090086,662,-0.3788,0.5,0.0,1.0,0.8788,0.5
adult-alpha_1-beta_1-gamma_1,1572090089,663,-0.12,0.5155,0.0,1.0,0.6355,0.5
adult-alpha_1-beta_1-gamma_1,1572090092,664,0.228,0.8838,0.0,1.0,0.6558,0.67
adult-alpha_1-beta_1-gamma_1,1572090095,665,0.488,0.9418,0.0,1.0,0.4539,0.83
adult-alpha_1-beta_1-gamma_1,1572090098,666,-0.0931,0.5638,0.0,1.0,0.6569,0.67
adult-alpha_1-beta_1-gamma_1,1572090101,667,-0.2103,0.49,0.0,1.0,0.7003,0.67
adult-alpha_1-beta_1-gamma_1,1572090104,668,0.0884,0.6191,0.0,1.0,0.5307,0.83
adult-alpha_1-beta_1-gamma_1,1572090107,669,0.3249,0.5283,0.0,1.0,0.2034,1.0
adult-alpha_1-beta_1-gamma_1,1572090110,670,0.1237,0.5922,0.0,1.0,0.4685,0.67
adult-alpha_1-beta_1-gamma_1,1572090113,671,0.169,0.5962,0.0,1.0,0.4273,0.83
adult-alpha_1-beta_1-gamma_1,1572090116,672,-0.2744,0.4215,0.0,1.0,0.6959,0.5
adult-alpha_1-beta_1-gamma_1,1572090119,673,-0.0044,0.5664,0.0,1.0,0.5708,0.5
adult-alpha_1-beta_1-gamma_1,1572090122,674,-0.1204,0.3489,0.0,1.0,0.4693,0.83
adult-alpha_1-beta_1-gamma_1,1572090125,675,0.0787,0.5824,0.0,1.0,0.5037,0.5
adult-alpha_1-beta_1-gamma_1,1572090128,676,2.4566,3.316,0.0,1.0,0.8594,0.33
adult-alpha_1-beta_1-gamma_1,1572090131,677,-0.0049,0.7891,0.0,1.0,0.794,0.5
adult-alpha_1-beta_1-gamma_1,1572090134,678,0.1033,0.4357,0.0,1.0,0.3324,0.83
adult-alpha_1-beta_1-gamma_1,1572090137,679,0.908,1.8581,0.0,1.0,0.9501,0.33
adult-alpha_1-beta_1-gamma_1,1572090140,680,0.584,1.0261,0.0,1.0,0.4421,0.5
adult-alpha_1-beta_1-gamma_1,1572090143,681,0.2846,0.7344,0.0,1.0,0.4498,0.67
adult-alpha_1-beta_1-gamma_1,1572090146,682,0.1376,0.8542,0.0,1.0,0.7165,0.5
adult-alpha_1-beta_1-gamma_1,1572090149,683,1.1478,1.561,0.0,1.0,0.4132,0.83
adult-alpha_1-beta_1-gamma_1,1572090152,684,0.7549,1.2771,0.0,1.0,0.5222,0.5
adult-alpha_1-beta_1-gamma_1,1572090155,685,0.0691,0.4417,0.0,1.0,0.3726,0.83
adult-alpha_1-beta_1-gamma_1,1572090158,686,-0.183,0.4586,0.0,1.0,0.6416,0.67
adult-alpha_1-beta_1-gamma_1,1572090161,687,0.5968,1.2318,0.0,1.0,0.635,0.67
adult-alpha_1-beta_1-gamma_1,1572090164,688,0.8443,1.4948,0.0,1.0,0.6505,0.5
adult-alpha_1-beta_1-gamma_1,1572090167,689,-0.0655,0.5696,0.0,1.0,0.6351,0.67
adult-alpha_1-beta_1-gamma_1,1572090170,690,0.729,1.0984,0.0,1.0,0.3694,0.83
adult-alpha_1-beta_1-gamma_1,1572090173,691,-0.2287,0.6696,0.0,1.0,0.8983,0.67
adult-alpha_1-beta_1-gamma_1,1572090176,692,0.3992,0.8144,0.0,1.0,0.4152,0.83
adult-alpha_1-beta_1-gamma_1,1572090179,693,0.4944,0.8657,0.0,1.0,0.3713,0.83
adult-alpha_1-beta_1-gamma_1,1572090182,694,-0.1917,0.6034,0.0,1.0,0.7951,0.5
adult-alpha_1-beta_1-gamma_1,1572090185,695,0.3102,0.7541,0.0,1.0,0.4439,0.83
adult-alpha_1-beta_1-gamma_1,1572090188,696,0.225,0.4751,0.0,1.0,0.2502,0.83
adult-alpha_1-beta_1-gamma_1,1572090191,697,-0.0883,0.5315,0.0,1.0,0.6198,0.67
adult-alpha_1-beta_1-gamma_1,1572090194,698,1.0129,1.4262,0.0,1.0,0.4133,0.83
adult-alpha_1-beta_1-gamma_1,1572090197,699,-0.0339,0.4184,0.0,1.0,0.4523,0.67
adult-alpha_1-beta_1-gamma_1,1572090200,700,0.2786,0.6066,0.0,1.0,0.328,0.83
adult-alpha_1-beta_1-gamma_1,1572090203,701,0.1044,0.4786,0.0,1.0,0.3742,0.67
adult-alpha_1-beta_1-gamma_1,1572090206,702,-0.3187,0.5003,0.0,1.0,0.8189,0.33
adult-alpha_1-beta_1-gamma_1,1572090209,703,0.2499,0.7934,0.0,1.0,0.5436,0.83
adult-alpha_1-beta_1-gamma_1,1572090212,704,0.1996,0.9806,0.0,1.0,0.781,0.5
adult-alpha_1-beta_1-gamma_1,1572090215,705,0.2918,0.9372,0.0,1.0,0.6453,0.5
adult-alpha_1-beta_1-gamma_1,1572090218,706,0.0585,0.5654,0.0,1.0,0.5069,0.83
adult-alpha_1-beta_1-gamma_1,1572090221,707,0.1483,0.3862,0.0,1.0,0.2379,1.0
adult-alpha_1-beta_1-gamma_1,1572090224,708,1.0001,1.7883,0.0,1.0,0.7882,0.67
adult-alpha_1-beta_1-gamma_1,1572090227,709,0.0481,0.8083,0.0,1.0,0.7602,0.67
adult-alpha_1-beta_1-gamma_1,1572090230,710,-0.1409,0.3909,0.0,1.0,0.5318,0.67
adult-alpha_1-beta_1-gamma_1,1572090233,711,0.5146,1.036,0.0,1.0,0.5214,0.67
adult-alpha_1-beta_1-gamma_1,1572090236,712,-0.3826,0.4254,0.0,1.0,0.808,0.33
adult-alpha_1-beta_1-gamma_1,1572090239,713,-0.1992,0.3272,0.0,1.0,0.5264,0.5
adult-alpha_1-beta_1-gamma_1,1572090242,714,-0.6118,0.6401,0.0,1.0,1.2519,0.5
adult-alpha_1-beta_1-gamma_1,1572090245,715,1.3209,1.8417,0.0,1.0,0.5209,0.67
adult-alpha_1-beta_1-gamma_1,1572090248,716,0.1589,0.4618,0.0,1.0,0.3029,0.83
adult-alpha_1-beta_1-gamma_1,1572090251,717,-0.0807,0.4031,0.0,1.0,0.4838,0.83
adult-alpha_1-beta_1-gamma_1,1572090254,718,0.709,1.2557,0.0,1.0,0.5467,0.83
adult-alpha_1-beta_1-gamma_1,1572090257,719,0.3174,0.8462,0.0,1.0,0.5288,0.67
adult-alpha_1-beta_1-gamma_1,1572090260,720,0.314,0.545,0.0,1.0,0.2309,1.0
adult-alpha_1-beta_1-gamma_1,1572090263,721,-0.1177,0.4225,0.0,1.0,0.5403,0.5
adult-alpha_1-beta_1-gamma_1,1572090266,722,0.9431,1.3817,0.0,1.0,0.4386,0.83
adult-alpha_1-beta_1-gamma_1,1572090269,723,0.1037,0.568,0.0,1.0,0.4643,0.67
adult-alpha_1-beta_1-gamma_1,1572090272,724,1.8051,2.4118,0.0,1.0,0.6067,0.67
adult-alpha_1-beta_1-gamma_1,1572090275,725,-0.0267,0.3705,0.0,1.0,0.3971,0.67
adult-alpha_1-beta_1-gamma_1,1572090278,726,0.7428,1.2243,0.0,1.0,0.4814,0.83
adult-alpha_1-beta_1-gamma_1,1572090281,727,0.0823,0.8356,0.0,1.0,0.7533,0.67
adult-alpha_1-beta_1-gamma_1,1572090284,728,0.1274,0.5032,0.0,1.0,0.3759,1.0
adult-alpha_1-beta_1-gamma_1,1572090287,729,-0.0166,0.5103,0.0,1.0,0.5269,0.83
adult-alpha_1-beta_1-gamma_1,1572090290,730,1.7778,2.2574,0.0,1.0,0.4796,0.67
adult-alpha_1-beta_1-gamma_1,1572090293,731,0.3129,0.9227,0.0,1.0,0.6098,0.5
adult-alpha_1-beta_1-gamma_1,1572090296,732,-0.1849,0.3739,0.0,1.0,0.5588,0.5
adult-alpha_1-beta_1-gamma_1,1572090299,733,-0.2933,0.5149,0.0,1.0,0.8082,0.33
adult-alpha_1-beta_1-gamma_1,1572090302,734,0.4871,1.0063,0.0,1.0,0.5192,0.83
adult-alpha_1-beta_1-gamma_1,1572090305,735,-0.2723,0.4384,0.0,1.0,0.7107,0.83
adult-alpha_1-beta_1-gamma_1,1572090308,736,1.0546,1.5426,0.0,1.0,0.488,0.67
adult-alpha_1-beta_1-gamma_1,1572090311,737,0.0026,0.719,0.0,1.0,0.7164,0.67
adult-alpha_1-beta_1-gamma_1,1572090314,738,0.0812,0.4109,0.0,1.0,0.3297,1.0
adult-alpha_1-beta_1-gamma_1,1572090317,739,1.7885,2.5982,0.0,1.0,0.8097,0.33
adult-alpha_1-beta_1-gamma_1,1572090320,740,1.1955,1.4564,0.0,1.0,0.261,1.0
adult-alpha_1-beta_1-gamma_1,1572090323,741,1.1183,1.4485,0.0,1.0,0.3302,1.0
adult-alpha_1-beta_1-gamma_1,1572090326,742,0.4601,0.9523,0.0,1.0,0.4923,0.83
adult-alpha_1-beta_1-gamma_1,1572090329,743,0.1127,0.4126,0.0,1.0,0.3,1.0
adult-alpha_1-beta_1-gamma_1,1572090332,744,0.7393,1.1999,0.0,1.0,0.4606,0.83
adult-alpha_1-beta_1-gamma_1,1572090335,745,0.5916,1.2889,0.0,1.0,0.6973,0.33
adult-alpha_1-beta_1-gamma_1,1572090338,746,0.0009,0.5083,0.0,1.0,0.5075,0.67
adult-alpha_1-beta_1-gamma_1,1572090341,747,-0.0259,0.5522,0.0,1.0,0.5781,0.67
adult-alpha_1-beta_1-gamma_1,1572090344,748,0.1136,0.671,0.0,1.0,0.5573,0.83
adult-alpha_1-beta_1-gamma_1,1572090347,749,-0.0268,0.3939,0.0,1.0,0.4207,0.83
adult-alpha_1-beta_1-gamma_1,1572090350,750,0.1946,0.4433,0.0,1.0,0.2487,0.83
adult-alpha_1-beta_1-gamma_1,1572090353,751,1.2677,1.9317,0.0,1.0,0.664,0.83
adult-alpha_1-beta_1-gamma_1,1572090356,752,2.3443,3.0592,0.0,1.0,0.7149,0.67
adult-alpha_1-beta_1-gamma_1,1572090359,753,-0.2799,0.3549,0.0,1.0,0.6348,0.67
adult-alpha_1-beta_1-gamma_1,1572090362,754,-0.0283,0.5768,0.0,1.0,0.6051,0.5
adult-alpha_1-beta_1-gamma_1,1572090365,755,0.0917,0.503,0.0,1.0,0.4113,0.83
adult-alpha_1-beta_1-gamma_1,1572090368,756,0.157,0.5981,0.0,1.0,0.4411,0.83
adult-alpha_1-beta_1-gamma_1,1572090371,757,-0.0211,0.4638,0.0,1.0,0.485,0.83
adult-alpha_1-beta_1-gamma_1,1572090374,758,-0.4274,0.2775,0.0,1.0,0.7049,0.5
adult-alpha_1-beta_1-gamma_1,1572090378,759,0.0162,0.4457,0.0,1.0,0.4295,0.83
adult-alpha_1-beta_1-gamma_1,1572090381,760,0.2792,0.8047,0.0,1.0,0.5255,0.83
adult-alpha_1-beta_1-gamma_1,1572090384,761,0.0578,0.3259,0.0,1.0,0.2681,1.0
adult-alpha_1-beta_1-gamma_1,1572090387,762,-0.2923,0.4383,0.0,1.0,0.7306,0.5
adult-alpha_1-beta_1-gamma_1,1572090390,763,0.1313,0.6713,0.0,1.0,0.5401,0.67
adult-alpha_1-beta_1-gamma_1,1572090393,764,0.0311,0.7649,0.0,1.0,0.7338,0.67
adult-alpha_1-beta_1-gamma_1,1572090396,765,-0.2142,0.4332,0.0,1.0,0.6474,0.5
adult-alpha_1-beta_1-gamma_1,1572090399,766,0.0882,0.561,0.0,1.0,0.4727,0.83
adult-alpha_1-beta_1-gamma_1,1572090402,767,0.125,0.5008,0.0,1.0,0.3757,0.83
adult-alpha_1-beta_1-gamma_1,1572090405,768,-0.0537,0.4701,0.0,1.0,0.5238,0.83
adult-alpha_1-beta_1-gamma_1,1572090408,769,0.8409,1.1599,0.0,1.0,0.319,0.83
adult-alpha_1-beta_1-gamma_1,1572090411,770,-0.1797,0.3208,0.0,1.0,0.5005,1.0
adult-alpha_1-beta_1-gamma_1,1572090414,771,0.5236,1.0859,0.0,1.0,0.5623,0.67
adult-alpha_1-beta_1-gamma_1,1572090417,772,-0.1908,0.4275,0.0,1.0,0.6183,0.5
adult-alpha_1-beta_1-gamma_1,1572090420,773,0.1276,0.4112,0.0,1.0,0.2835,1.0
adult-alpha_1-beta_1-gamma_1,1572090423,774,0.1373,0.461,0.0,1.0,0.3237,0.83
adult-alpha_1-beta_1-gamma_1,1572090426,775,0.8144,1.0825,0.0,1.0,0.2682,1.0
adult-alpha_1-beta_1-gamma_1,1572090429,776,-0.2729,0.4035,0.0,1.0,0.6763,0.67
adult-alpha_1-beta_1-gamma_1,1572090432,777,1.1641,1.9368,0.0,1.0,0.7727,0.5
adult-alpha_1-beta_1-gamma_1,1572090435,778,0.4289,1.1974,0.0,1.0,0.7685,0.83
adult-alpha_1-beta_1-gamma_1,1572090438,779,0.4002,1.2998,0.0,1.0,0.8996,0.33
adult-alpha_1-beta_1-gamma_1,1572090441,780,1.9642,2.5024,0.0,1.0,0.5382,0.5
adult-alpha_1-beta_1-gamma_1,1572090444,781,0.0473,0.4789,0.0,1.0,0.4316,0.83
adult-alpha_1-beta_1-gamma_1,1572090447,782,-0.0396,0.6461,0.0,1.0,0.6857,0.67
adult-alpha_1-beta_1-gamma_1,1572090450,783,0.0729,0.5081,0.0,1.0,0.4352,0.83
adult-alpha_1-beta_1-gamma_1,1572090453,784,0.0714,0.5269,0.0,1.0,0.4555,0.67
adult-alpha_1-beta_1-gamma_1,1572090456,785,1.5471,2.023,0.0,1.0,0.4759,0.83
adult-alpha_1-beta_1-gamma_1,1572090459,786,0.3807,0.8413,0.0,1.0,0.4606,0.83
adult-alpha_1-beta_1-gamma_1,1572090462,787,2.3661,3.1824,0.0,1.0,0.8162,0.33
adult-alpha_1-beta_1-gamma_1,1572090465,788,0.3662,0.7457,0.0,1.0,0.3795,0.83
adult-alpha_1-beta_1-gamma_1,1572090468,789,0.3941,0.8126,0.0,1.0,0.4185,0.67
adult-alpha_1-beta_1-gamma_1,1572090471,790,-0.0877,0.3843,0.0,1.0,0.472,0.67
adult-alpha_1-beta_1-gamma_1,1572090474,791,0.0162,0.4522,0.0,1.0,0.436,0.83
adult-alpha_1-beta_1-gamma_1,1572090477,792,0.2007,0.4429,0.0,1.0,0.2421,1.0
adult-alpha_1-beta_1-gamma_1,1572090480,793,-0.2751,0.3251,0.0,1.0,0.6002,0.83
adult-alpha_1-beta_1-gamma_1,1572090483,794,0.6154,1.031,0.0,1.0,0.4156,0.67
adult-alpha_1-beta_1-gamma_1,1572090486,795,-0.0584,0.5479,0.0,1.0,0.6064,0.5
adult-alpha_1-beta_1-gamma_1,1572090489,796,0.0253,0.9787,0.0,1.0,0.9533,0.33
adult-alpha_1-beta_1-gamma_1,1572090492,797,-0.1582,0.567,0.0,1.0,0.7252,0.67
adult-alpha_1-beta_1-gamma_1,1572090495,798,0.4576,1.1262,0.0,1.0,0.6686,0.5
adult-alpha_1-beta_1-gamma_1,1572090499,799,-0.6854,0.4203,0.0,1.0,1.1057,0.5
adult-alpha_1-beta_1-gamma_1,1572090503,800,2.6263,3.1395,0.0,1.0,0.5132,0.67
adult-alpha_1-beta_1-gamma_1,1572090507,801,-0.3472,0.4293,0.0,1.0,0.7764,0.5
adult-alpha_1-beta_1-gamma_1,1572090512,802,-0.252,0.2832,0.0,1.0,0.5352,0.83
adult-alpha_1-beta_1-gamma_1,1572090516,803,0.6464,1.0447,0.0,1.0,0.3983,0.67
adult-alpha_1-beta_1-gamma_1,1572090520,804,-0.0339,0.9258,0.0,1.0,0.9597,0.5
adult-alpha_1-beta_1-gamma_1,1572090524,805,0.8379,1.2745,0.0,1.0,0.4366,0.83
adult-alpha_1-beta_1-gamma_1,1572090527,806,0.8003,1.3944,0.0,1.0,0.5941,0.83
adult-alpha_1-beta_1-gamma_1,1572090530,807,0.0304,0.662,0.0,1.0,0.6316,0.67
adult-alpha_1-beta_1-gamma_1,1572090533,808,0.5302,0.9138,0.0,1.0,0.3836,0.83
adult-alpha_1-beta_1-gamma_1,1572090537,809,0.1229,0.5931,0.0,1.0,0.4702,0.83
adult-alpha_1-beta_1-gamma_1,1572090540,810,0.1929,0.7688,0.0,1.0,0.5759,0.5
adult-alpha_1-beta_1-gamma_1,1572090543,811,0.9893,1.4123,0.0,1.0,0.423,0.83
adult-alpha_1-beta_1-gamma_1,1572090546,812,0.6667,1.0266,0.0,1.0,0.3599,0.83
adult-alpha_1-beta_1-gamma_1,1572090549,813,-0.5776,0.3569,0.0,1.0,0.9345,0.33
adult-alpha_1-beta_1-gamma_1,1572090552,814,0.1685,0.4347,0.0,1.0,0.2661,1.0
adult-alpha_1-beta_1-gamma_1,1572090555,815,0.0943,0.4673,0.0,1.0,0.373,0.83
adult-alpha_1-beta_1-gamma_1,1572090558,816,1.4904,1.8936,0.0,1.0,0.4032,0.83
adult-alpha_1-beta_1-gamma_1,1572090561,817,0.1514,0.5534,0.0,1.0,0.4021,0.83
adult-alpha_1-beta_1-gamma_1,1572090564,818,-0.3281,0.4563,0.0,1.0,0.7844,0.5
adult-alpha_1-beta_1-gamma_1,1572090567,819,0.9777,1.6476,0.0,1.0,0.6699,0.67
adult-alpha_1-beta_1-gamma_1,1572090570,820,-0.0262,0.688,0.0,1.0,0.7142,0.33
adult-alpha_1-beta_1-gamma_1,1572090573,821,0.8239,1.549,0.0,1.0,0.7252,0.33
adult-alpha_1-beta_1-gamma_1,1572090576,822,-0.007,0.5617,0.0,1.0,0.5687,0.67
adult-alpha_1-beta_1-gamma_1,1572090579,823,2.3895,3.1295,0.0,1.0,0.74,0.5
adult-alpha_1-beta_1-gamma_1,1572090582,824,-0.1266,0.4795,0.0,1.0,0.6062,0.67
adult-alpha_1-beta_1-gamma_1,1572090585,825,-0.0842,0.4648,0.0,1.0,0.549,0.67
adult-alpha_1-beta_1-gamma_1,1572090588,826,0.6733,1.4364,0.0,1.0,0.7631,0.67
adult-alpha_1-beta_1-gamma_1,1572090591,827,0.9785,1.1106,0.0,1.0,0.1321,1.0
adult-alpha_1-beta_1-gamma_1,1572090594,828,-0.2164,0.37,0.0,1.0,0.5864,0.5
adult-alpha_1-beta_1-gamma_1,1572090598,829,0.1298,0.6248,0.0,1.0,0.495,0.83
adult-alpha_1-beta_1-gamma_1,1572090601,830,-0.0386,0.4605,0.0,1.0,0.4992,0.83
adult-alpha_1-beta_1-gamma_1,1572090604,831,0.0274,0.5249,0.0,1.0,0.4975,0.67
adult-alpha_1-beta_1-gamma_1,1572090607,832,0.2377,0.5702,0.0,1.0,0.3325,0.83
adult-alpha_1-beta_1-gamma_1,1572090610,833,1.0164,1.5418,0.0,1.0,0.5254,0.83
adult-alpha_1-beta_1-gamma_1,1572090613,834,0.0398,0.399,0.0,1.0,0.3592,1.0
adult-alpha_1-beta_1-gamma_1,1572090616,835,-0.0523,0.3553,0.0,1.0,0.4076,0.83
adult-alpha_1-beta_1-gamma_1,1572090619,836,0.2077,0.6902,0.0,1.0,0.4825,0.67
adult-alpha_1-beta_1-gamma_1,1572090622,837,0.6771,1.3678,0.0,1.0,0.6907,0.67
adult-alpha_1-beta_1-gamma_1,1572090625,838,0.4266,0.7592,0.0,1.0,0.3326,1.0
adult-alpha_1-beta_1-gamma_1,1572090628,839,0.2424,0.8102,0.0,1.0,0.5678,0.67
adult-alpha_1-beta_1-gamma_1,1572090631,840,0.1927,0.4106,0.0,1.0,0.2179,1.0
adult-alpha_1-beta_1-gamma_1,1572090634,841,-0.1244,0.3662,0.0,1.0,0.4906,0.67
adult-alpha_1-beta_1-gamma_1,1572090637,842,0.0515,0.3176,0.0,1.0,0.2661,0.83
adult-alpha_1-beta_1-gamma_1,1572090640,843,0.2642,1.0134,0.0,1.0,0.7492,0.83
adult-alpha_1-beta_1-gamma_1,1572090643,844,1.0616,1.3761,0.0,1.0,0.3145,1.0
adult-alpha_1-beta_1-gamma_1,1572090646,845,-0.5467,0.417,0.0,1.0,0.9637,0.67
adult-alpha_1-beta_1-gamma_1,1572090649,846,-0.3073,0.7314,0.0,1.0,1.0387,0.5
adult-alpha_1-beta_1-gamma_1,1572090652,847,-0.4371,0.457,0.0,1.0,0.8941,0.5
adult-alpha_1-beta_1-gamma_1,1572090655,848,-0.1226,0.3787,0.0,1.0,0.5013,0.67
adult-alpha_1-beta_1-gamma_1,1572090658,849,0.0314,0.4892,0.0,1.0,0.4578,0.67
adult-alpha_1-beta_1-gamma_1,1572090661,850,-0.1684,0.3022,0.0,1.0,0.4707,0.5
adult-alpha_1-beta_1-gamma_1,1572090664,851,-0.0514,0.6002,0.0,1.0,0.6515,0.5
adult-alpha_1-beta_1-gamma_1,1572090667,852,0.0995,0.4485,0.0,1.0,0.3491,0.83
adult-alpha_1-beta_1-gamma_1,1572090670,853,0.0871,0.4199,0.0,1.0,0.3328,1.0
adult-alpha_1-beta_1-gamma_1,1572090673,854,0.0958,0.8025,0.0,1.0,0.7067,0.83
adult-alpha_1-beta_1-gamma_1,1572090676,855,0.3674,1.1289,0.0,1.0,0.7615,0.5
adult-alpha_1-beta_1-gamma_1,1572090680,856,-0.0315,0.4808,0.0,1.0,0.5123,0.5
adult-alpha_1-beta_1-gamma_1,1572090682,857,1.7214,2.0394,0.0,1.0,0.3181,0.83
adult-alpha_1-beta_1-gamma_1,1572090686,858,0.227,0.5218,0.0,1.0,0.2949,1.0
adult-alpha_1-beta_1-gamma_1,1572090689,859,-0.0353,0.4584,0.0,1.0,0.4937,0.83
adult-alpha_1-beta_1-gamma_1,1572090692,860,0.8251,1.8209,0.0,1.0,0.9958,0.5
adult-alpha_1-beta_1-gamma_1,1572090695,861,0.0054,0.3784,0.0,1.0,0.373,1.0
adult-alpha_1-beta_1-gamma_1,1572090698,862,1.4257,1.66,0.0,1.0,0.2343,1.0
adult-alpha_1-beta_1-gamma_1,1572090701,863,-0.1264,0.3701,0.0,1.0,0.4965,0.83
adult-alpha_1-beta_1-gamma_1,1572090704,864,-0.1303,0.5049,0.0,1.0,0.6352,0.67
adult-alpha_1-beta_1-gamma_1,1572090707,865,-0.021,0.4574,0.0,1.0,0.4784,0.67
adult-alpha_1-beta_1-gamma_1,1572090710,866,0.1532,0.5504,0.0,1.0,0.3971,0.67
adult-alpha_1-beta_1-gamma_1,1572090713,867,0.5511,1.0246,0.0,1.0,0.4734,0.67
adult-alpha_1-beta_1-gamma_1,1572090716,868,-0.1246,0.4066,0.0,1.0,0.5312,0.83
adult-alpha_1-beta_1-gamma_1,1572090719,869,-0.0786,0.4046,0.0,1.0,0.4831,0.83
adult-alpha_1-beta_1-gamma_1,1572090722,870,0.0105,0.4071,0.0,1.0,0.3966,0.83
adult-alpha_1-beta_1-gamma_1,1572090725,871,0.1183,0.3795,0.0,1.0,0.2612,1.0
adult-alpha_1-beta_1-gamma_1,1572090728,872,0.0726,0.5029,0.0,1.0,0.4303,1.0
adult-alpha_1-beta_1-gamma_1,1572090731,873,0.2951,1.202,0.0,1.0,0.9069,0.67
adult-alpha_1-beta_1-gamma_1,1572090734,874,-0.0156,0.8387,0.0,1.0,0.8543,0.33
adult-alpha_1-beta_1-gamma_1,1572090737,875,0.729,1.0061,0.0,1.0,0.2771,1.0
adult-alpha_1-beta_1-gamma_1,1572090740,876,-0.1962,0.3237,0.0,1.0,0.5199,0.67
adult-alpha_1-beta_1-gamma_1,1572090743,877,-0.1254,0.5569,0.0,1.0,0.6823,0.67
adult-alpha_1-beta_1-gamma_1,1572090746,878,0.0223,0.4897,0.0,1.0,0.4674,0.67
adult-alpha_1-beta_1-gamma_1,1572090749,879,0.0871,0.6401,0.0,1.0,0.553,0.67
adult-alpha_1-beta_1-gamma_1,1572090752,880,1.0031,1.7829,0.0,1.0,0.7798,0.33
adult-alpha_1-beta_1-gamma_1,1572090755,881,0.8541,1.2917,0.0,1.0,0.4376,0.83
adult-alpha_1-beta_1-gamma_1,1572090758,882,-0.1008,0.398,0.0,1.0,0.4988,0.83
adult-alpha_1-beta_1-gamma_1,1572090761,883,-0.0288,0.4533,0.0,1.0,0.4821,0.67
adult-alpha_1-beta_1-gamma_1,1572090764,884,0.6381,1.1186,0.0,1.0,0.4804,0.67
adult-alpha_1-beta_1-gamma_1,1572090767,885,0.2047,0.8493,0.0,1.0,0.6446,0.83
adult-alpha_1-beta_1-gamma_1,1572090770,886,-0.1819,0.459,0.0,1.0,0.6409,0.5
adult-alpha_1-beta_1-gamma_1,1572090773,887,-0.1749,0.5245,0.0,1.0,0.6994,0.5
adult-alpha_1-beta_1-gamma_1,1572090777,888,0.1668,0.6743,0.0,1.0,0.5075,0.83
adult-alpha_1-beta_1-gamma_1,1572090780,889,1.3641,1.7752,0.0,1.0,0.4111,0.83
adult-alpha_1-beta_1-gamma_1,1572090783,890,0.1969,1.1215,0.0,1.0,0.9247,0.17
adult-alpha_1-beta_1-gamma_1,1572090786,891,0.8839,1.2833,0.0,1.0,0.3993,1.0
adult-alpha_1-beta_1-gamma_1,1572090789,892,0.4296,1.273,0.0,1.0,0.8434,0.33
adult-alpha_1-beta_1-gamma_1,1572090792,893,0.5259,0.9819,0.0,1.0,0.4559,1.0
adult-alpha_1-beta_1-gamma_1,1572090795,894,-0.1145,0.4083,0.0,1.0,0.5227,0.83
adult-alpha_1-beta_1-gamma_1,1572090798,895,0.974,1.6455,0.0,1.0,0.6714,0.5
adult-alpha_1-beta_1-gamma_1,1572090801,896,-0.1675,0.4938,0.0,1.0,0.6613,0.67
adult-alpha_1-beta_1-gamma_1,1572090804,897,-0.1021,0.6758,0.0,1.0,0.7778,0.33
adult-alpha_1-beta_1-gamma_1,1572090807,898,0.1846,0.4642,0.0,1.0,0.2796,1.0
adult-alpha_1-beta_1-gamma_1,1572090810,899,0.4835,1.0245,0.0,1.0,0.541,0.83
adult-alpha_1-beta_1-gamma_1,1572090813,900,0.1535,0.7204,0.0,1.0,0.5669,0.67
adult-alpha_1-beta_1-gamma_1,1572090816,901,0.0267,0.4159,0.0,1.0,0.3892,0.83
adult-alpha_1-beta_1-gamma_1,1572090819,902,1.3859,1.7246,0.0,1.0,0.3387,1.0
adult-alpha_1-beta_1-gamma_1,1572090822,903,1.6811,3.0364,0.0,1.0,1.3553,0.33
adult-alpha_1-beta_1-gamma_1,1572090825,904,-0.1739,0.4957,0.0,1.0,0.6696,0.83
adult-alpha_1-beta_1-gamma_1,1572090828,905,-0.0057,0.5617,0.0,1.0,0.5674,0.67
adult-alpha_1-beta_1-gamma_1,1572090831,906,0.1964,0.6075,0.0,1.0,0.4111,0.83
adult-alpha_1-beta_1-gamma_1,1572090834,907,3.2376,3.5312,0.0,1.0,0.2937,1.0
adult-alpha_1-beta_1-gamma_1,1572090837,908,-0.1159,0.3437,0.0,1.0,0.4596,0.83
adult-alpha_1-beta_1-gamma_1,1572090840,909,0.7653,1.8792,0.0,1.0,1.1139,0.33
adult-alpha_1-beta_1-gamma_1,1572090843,910,-0.4892,0.3973,0.0,1.0,0.8865,0.67
adult-alpha_1-beta_1-gamma_1,1572090846,911,3.9266,4.0523,0.0,1.0,0.1257,1.0
adult-alpha_1-beta_1-gamma_1,1572090849,912,0.6932,1.2971,0.0,1.0,0.6039,0.5
adult-alpha_1-beta_1-gamma_1,1572090852,913,-0.1498,0.3478,0.0,1.0,0.4975,0.83
adult-alpha_1-beta_1-gamma_1,1572090855,914,0.347,0.7123,0.0,1.0,0.3653,0.83
adult-alpha_1-beta_1-gamma_1,1572090858,915,-0.087,0.5367,0.0,1.0,0.6237,0.5
adult-alpha_1-beta_1-gamma_1,1572090861,916,-0.2195,0.4819,0.0,1.0,0.7014,0.67
adult-alpha_1-beta_1-gamma_1,1572090864,917,0.077,0.4816,0.0,1.0,0.4046,0.83
adult-alpha_1-beta_1-gamma_1,1572090867,918,0.157,0.8231,0.0,1.0,0.6661,0.83
adult-alpha_1-beta_1-gamma_1,1572090870,919,-0.0328,0.4501,0.0,1.0,0.4829,0.83
adult-alpha_1-beta_1-gamma_1,1572090873,920,0.0136,0.3956,0.0,1.0,0.3821,1.0
adult-alpha_1-beta_1-gamma_1,1572090876,921,0.6163,0.9213,0.0,1.0,0.305,0.83
adult-alpha_1-beta_1-gamma_1,1572090879,922,0.873,1.4934,0.0,1.0,0.6204,0.83
adult-alpha_1-beta_1-gamma_1,1572090882,923,2.5023,3.0725,0.0,1.0,0.5701,0.67
adult-alpha_1-beta_1-gamma_1,1572090885,924,0.9054,1.3795,0.0,1.0,0.4741,0.67
adult-alpha_1-beta_1-gamma_1,1572090889,925,0.3214,0.9299,0.0,1.0,0.6085,0.83
adult-alpha_1-beta_1-gamma_1,1572090892,926,0.3669,0.9614,0.0,1.0,0.5945,0.5
adult-alpha_1-beta_1-gamma_1,1572090895,927,0.0235,0.4157,0.0,1.0,0.3922,0.83
adult-alpha_1-beta_1-gamma_1,1572090898,928,0.1595,0.6844,0.0,1.0,0.5248,0.67
adult-alpha_1-beta_1-gamma_1,1572090901,929,0.0048,0.4475,0.0,1.0,0.4427,0.67
adult-alpha_1-beta_1-gamma_1,1572090904,930,0.9554,1.2463,0.0,1.0,0.2909,0.83
adult-alpha_1-beta_1-gamma_1,1572090907,931,0.4168,1.2314,0.0,1.0,0.8146,0.5
adult-alpha_1-beta_1-gamma_1,1572090910,932,-0.1419,0.3763,0.0,1.0,0.5182,0.83
adult-alpha_1-beta_1-gamma_1,1572090913,933,0.7083,1.1225,0.0,1.0,0.4142,0.83
adult-alpha_1-beta_1-gamma_1,1572090916,934,0.1483,0.7739,0.0,1.0,0.6255,0.83
adult-alpha_1-beta_1-gamma_1,1572090919,935,1.7006,2.1578,0.0,1.0,0.4572,0.67
adult-alpha_1-beta_1-gamma_1,1572090922,936,-0.0025,0.6952,0.0,1.0,0.6977,0.83
adult-alpha_1-beta_1-gamma_1,1572090925,937,0.0302,0.315,0.0,1.0,0.2848,1.0
adult-alpha_1-beta_1-gamma_1,1572090928,938,0.1726,0.559,0.0,1.0,0.3864,0.67
adult-alpha_1-beta_1-gamma_1,1572090931,939,0.1328,0.5743,0.0,1.0,0.4415,0.83
adult-alpha_1-beta_1-gamma_1,1572090934,940,-0.109,0.2558,0.0,1.0,0.3648,0.83
adult-alpha_1-beta_1-gamma_1,1572090937,941,-0.1293,0.442,0.0,1.0,0.5713,0.67
adult-alpha_1-beta_1-gamma_1,1572090940,942,0.0009,0.4461,0.0,1.0,0.4452,1.0
adult-alpha_1-beta_1-gamma_1,1572090943,943,0.6699,1.3564,0.0,1.0,0.6865,0.83
adult-alpha_1-beta_1-gamma_1,1572090946,944,0.7666,1.6837,0.0,1.0,0.9171,0.5
adult-alpha_1-beta_1-gamma_1,1572090949,945,0.855,1.1845,0.0,1.0,0.3295,0.83
adult-alpha_1-beta_1-gamma_1,1572090952,946,1.9464,2.7708,0.0,1.0,0.8244,0.67
adult-alpha_1-beta_1-gamma_1,1572090955,947,0.1269,0.6915,0.0,1.0,0.5646,0.67
adult-alpha_1-beta_1-gamma_1,1572090958,948,0.6064,1.1131,0.0,1.0,0.5067,0.67
adult-alpha_1-beta_1-gamma_1,1572090961,949,-0.1385,0.295,0.0,1.0,0.4335,0.83
adult-alpha_1-beta_1-gamma_1,1572090964,950,-0.3276,0.3409,0.0,1.0,0.6685,0.67
adult-alpha_1-beta_1-gamma_1,1572090967,951,-0.1114,0.4852,0.0,1.0,0.5967,0.5
adult-alpha_1-beta_1-gamma_1,1572090970,952,-0.1789,0.4758,0.0,1.0,0.6547,0.5
adult-alpha_1-beta_1-gamma_1,1572090973,953,0.4163,0.7996,0.0,1.0,0.3833,0.83
adult-alpha_1-beta_1-gamma_1,1572090976,954,0.0073,0.6306,0.0,1.0,0.6233,0.67
adult-alpha_1-beta_1-gamma_1,1572090980,955,-0.1685,0.356,0.0,1.0,0.5244,0.67
adult-alpha_1-beta_1-gamma_1,1572090983,956,0.0008,0.48,0.0,1.0,0.4792,0.5
adult-alpha_1-beta_1-gamma_1,1572090985,957,-0.0255,0.4557,0.0,1.0,0.4812,0.83
adult-alpha_1-beta_1-gamma_1,1572090989,958,0.9122,1.4446,0.0,1.0,0.5324,0.83
adult-alpha_1-beta_1-gamma_1,1572090992,959,0.08,0.4189,0.0,1.0,0.3389,0.83
adult-alpha_1-beta_1-gamma_1,1572090995,960,0.6656,1.4585,0.0,1.0,0.7929,0.5
adult-alpha_1-beta_1-gamma_1,1572090998,961,-0.0274,0.4251,0.0,1.0,0.4525,0.83
adult-alpha_1-beta_1-gamma_1,1572091001,962,-0.0623,0.4983,0.0,1.0,0.5607,0.67
adult-alpha_1-beta_1-gamma_1,1572091004,963,-0.1789,0.4625,0.0,1.0,0.6414,0.83
adult-alpha_1-beta_1-gamma_1,1572091007,964,1.1904,1.7888,0.0,1.0,0.5984,0.67
adult-alpha_1-beta_1-gamma_1,1572091010,965,0.0876,0.515,0.0,1.0,0.4275,0.67
adult-alpha_1-beta_1-gamma_1,1572091013,966,-0.0227,0.3141,0.0,1.0,0.3368,1.0
adult-alpha_1-beta_1-gamma_1,1572091016,967,0.7046,1.1686,0.0,1.0,0.4639,0.83
adult-alpha_1-beta_1-gamma_1,1572091019,968,0.3769,0.7979,0.0,1.0,0.421,0.83
adult-alpha_1-beta_1-gamma_1,1572091022,969,-0.1518,0.4134,0.0,1.0,0.5652,0.67
adult-alpha_1-beta_1-gamma_1,1572091025,970,0.185,0.6802,0.0,1.0,0.4952,0.83
adult-alpha_1-beta_1-gamma_1,1572091028,971,0.0675,0.4555,0.0,1.0,0.388,0.83
adult-alpha_1-beta_1-gamma_1,1572091031,972,0.6413,0.8744,0.0,1.0,0.2332,0.83
adult-alpha_1-beta_1-gamma_1,1572091034,973,0.2801,0.5494,0.0,1.0,0.2693,1.0
adult-alpha_1-beta_1-gamma_1,1572091037,974,-0.0063,0.5546,0.0,1.0,0.5609,0.83
adult-alpha_1-beta_1-gamma_1,1572091040,975,-0.1982,0.3964,0.0,1.0,0.5946,0.67
adult-alpha_1-beta_1-gamma_1,1572091043,976,0.0702,0.4274,0.0,1.0,0.3572,1.0
adult-alpha_1-beta_1-gamma_1,1572091046,977,-0.1086,0.4291,0.0,1.0,0.5378,0.67
adult-alpha_1-beta_1-gamma_1,1572091049,978,0.0182,0.4876,0.0,1.0,0.4694,0.83
adult-alpha_1-beta_1-gamma_1,1572091052,979,0.3781,1.0044,0.0,1.0,0.6263,0.5
adult-alpha_1-beta_1-gamma_1,1572091055,980,-0.1593,0.3935,0.0,1.0,0.5528,0.67
adult-alpha_1-beta_1-gamma_1,1572091058,981,-0.289,0.4484,0.0,1.0,0.7374,0.5
adult-alpha_1-beta_1-gamma_1,1572091061,982,0.2224,0.7181,0.0,1.0,0.4957,0.67
adult-alpha_1-beta_1-gamma_1,1572091064,983,0.0053,0.3978,0.0,1.0,0.3925,0.83
adult-alpha_1-beta_1-gamma_1,1572091067,984,0.9378,1.3553,0.0,1.0,0.4175,0.83
adult-alpha_1-beta_1-gamma_1,1572091070,985,-0.2459,0.2844,0.0,1.0,0.5304,0.67
adult-alpha_1-beta_1-gamma_1,1572091074,986,3.8428,4.2217,0.0,1.0,0.3788,0.83
adult-alpha_1-beta_1-gamma_1,1572091077,987,-0.1171,0.3968,0.0,1.0,0.5139,0.67
adult-alpha_1-beta_1-gamma_1,1572091080,988,0.5563,1.112,0.0,1.0,0.5556,0.67
adult-alpha_1-beta_1-gamma_1,1572091083,989,0.2408,0.7259,0.0,1.0,0.4851,0.67
adult-alpha_1-beta_1-gamma_1,1572091086,990,0.6112,1.2168,0.0,1.0,0.6056,0.67
adult-alpha_1-beta_1-gamma_1,1572091089,991,0.0915,0.5034,0.0,1.0,0.4119,0.83
adult-alpha_1-beta_1-gamma_1,1572091092,992,1.087,1.2369,0.0,1.0,0.1499,1.0
adult-alpha_1-beta_1-gamma_1,1572091095,993,0.2719,0.8123,0.0,1.0,0.5405,0.67
adult-alpha_1-beta_1-gamma_1,1572091098,994,-0.0938,0.3663,0.0,1.0,0.4601,0.83
adult-alpha_1-beta_1-gamma_1,1572091101,995,-0.0402,0.5148,0.0,1.0,0.555,0.5
adult-alpha_1-beta_1-gamma_1,1572091104,996,0.8897,1.3159,0.0,1.0,0.4262,0.67
adult-alpha_1-beta_1-gamma_1,1572091107,997,0.06,0.4221,0.0,1.0,0.3621,0.83
adult-alpha_1-beta_1-gamma_1,1572091110,998,0.2034,0.8775,0.0,1.0,0.6741,0.5
adult-alpha_1-beta_1-gamma_1,1572091113,999,3.4347,3.7293,0.0,1.0,0.2945,0.83
