compas-alpha_1-beta_0.0-gamma_0.5,timestamp,epoch,enc_loss,dec_loss,cla_loss,cla_acc,dis_loss,dis_acc
compas-alpha_1-beta_0.0-gamma_0.5,1571659902,0,0.3663,0.0,0.6909,0.67,0.3246,0.63
compas-alpha_1-beta_0.0-gamma_0.5,1571659903,1,0.3683,0.0,0.6854,0.53,0.3171,0.6
compas-alpha_1-beta_0.0-gamma_0.5,1571659904,2,0.3831,0.0,0.6849,0.67,0.3018,0.63
compas-alpha_1-beta_0.0-gamma_0.5,1571659905,3,0.4351,0.0,0.6936,0.53,0.2586,0.83
compas-alpha_1-beta_0.0-gamma_0.5,1571659905,4,0.4456,0.0,0.6809,0.57,0.2352,0.9
compas-alpha_1-beta_0.0-gamma_0.5,1571659906,5,0.5102,0.0,0.6866,0.53,0.1763,0.97
compas-alpha_1-beta_0.0-gamma_0.5,1571659907,6,0.4862,0.0,0.6551,0.63,0.169,1.0
compas-alpha_1-beta_0.0-gamma_0.5,1571659907,7,0.4438,0.0,0.6306,0.7,0.1868,0.93
compas-alpha_1-beta_0.0-gamma_0.5,1571659908,8,0.4991,0.0,0.6671,0.63,0.1679,0.93
compas-alpha_1-beta_0.0-gamma_0.5,1571659909,9,0.5037,0.0,0.6491,0.67,0.1454,0.9
compas-alpha_1-beta_0.0-gamma_0.5,1571659909,10,0.5261,0.0,0.6679,0.7,0.1417,0.9
compas-alpha_1-beta_0.0-gamma_0.5,1571659910,11,0.5584,0.0,0.6762,0.6,0.1178,1.0
compas-alpha_1-beta_0.0-gamma_0.5,1571659911,12,0.5562,0.0,0.6447,0.7,0.0885,1.0
compas-alpha_1-beta_0.0-gamma_0.5,1571659911,13,0.5762,0.0,0.65,0.63,0.0738,1.0
compas-alpha_1-beta_0.0-gamma_0.5,1571659912,14,0.6093,0.0,0.6975,0.53,0.0882,0.93
compas-alpha_1-beta_0.0-gamma_0.5,1571659913,15,0.6568,0.0,0.7385,0.5,0.0816,1.0
compas-alpha_1-beta_0.0-gamma_0.5,1571659913,16,0.5309,0.0,0.6183,0.7,0.0874,0.97
compas-alpha_1-beta_0.0-gamma_0.5,1571659914,17,0.6417,0.0,0.7253,0.57,0.0836,1.0
compas-alpha_1-beta_0.0-gamma_0.5,1571659915,18,0.6603,0.0,0.7254,0.6,0.0651,0.97
compas-alpha_1-beta_0.0-gamma_0.5,1571659915,19,0.581,0.0,0.6343,0.7,0.0532,1.0
compas-alpha_1-beta_0.0-gamma_0.5,1571659916,20,0.6978,0.0,0.7471,0.63,0.0493,1.0
compas-alpha_1-beta_0.0-gamma_0.5,1571659916,21,0.6095,0.0,0.6608,0.67,0.0513,0.97
compas-alpha_1-beta_0.0-gamma_0.5,1571659917,22,0.6308,0.0,0.663,0.63,0.0322,1.0
compas-alpha_1-beta_0.0-gamma_0.5,1571659918,23,0.6467,0.0,0.6976,0.63,0.0509,1.0
compas-alpha_1-beta_0.0-gamma_0.5,1571659918,24,0.5594,0.0,0.6163,0.73,0.0569,0.97
compas-alpha_1-beta_0.0-gamma_0.5,1571659919,25,0.661,0.0,0.7109,0.53,0.0499,1.0
compas-alpha_1-beta_0.0-gamma_0.5,1571659920,26,0.612,0.0,0.6921,0.53,0.0801,0.93
compas-alpha_1-beta_0.0-gamma_0.5,1571659920,27,0.7122,0.0,0.7467,0.47,0.0345,1.0
compas-alpha_1-beta_0.0-gamma_0.5,1571659921,28,0.6375,0.0,0.6584,0.67,0.0209,1.0
compas-alpha_1-beta_0.0-gamma_0.5,1571659922,29,0.5697,0.0,0.6159,0.57,0.0462,0.97
compas-alpha_1-beta_0.0-gamma_0.5,1571659923,30,0.6538,0.0,0.6835,0.63,0.0297,1.0
compas-alpha_1-beta_0.0-gamma_0.5,1571659923,31,0.6209,0.0,0.6624,0.6,0.0415,1.0
compas-alpha_1-beta_0.0-gamma_0.5,1571659924,32,0.6449,0.0,0.6672,0.63,0.0223,1.0
compas-alpha_1-beta_0.0-gamma_0.5,1571659925,33,0.5641,0.0,0.602,0.63,0.0379,1.0
compas-alpha_1-beta_0.0-gamma_0.5,1571659926,34,0.6447,0.0,0.6874,0.53,0.0427,0.97
compas-alpha_1-beta_0.0-gamma_0.5,1571659927,35,0.5937,0.0,0.6178,0.57,0.0241,1.0
compas-alpha_1-beta_0.0-gamma_0.5,1571659928,36,0.6631,0.0,0.6888,0.53,0.0257,1.0
compas-alpha_1-beta_0.0-gamma_0.5,1571659928,37,0.6247,0.0,0.6365,0.67,0.0118,1.0
compas-alpha_1-beta_0.0-gamma_0.5,1571659929,38,0.6031,0.0,0.6315,0.7,0.0284,0.97
compas-alpha_1-beta_0.0-gamma_0.5,1571659930,39,0.5842,0.0,0.6267,0.63,0.0425,0.97
compas-alpha_1-beta_0.0-gamma_0.5,1571659931,40,0.5205,0.0,0.5521,0.73,0.0316,1.0
compas-alpha_1-beta_0.0-gamma_0.5,1571659931,41,0.6365,0.0,0.6768,0.6,0.0402,0.97
compas-alpha_1-beta_0.0-gamma_0.5,1571659932,42,0.5902,0.0,0.6175,0.73,0.0274,1.0
compas-alpha_1-beta_0.0-gamma_0.5,1571659933,43,0.6516,0.0,0.7014,0.5,0.0498,0.97
compas-alpha_1-beta_0.0-gamma_0.5,1571659934,44,0.5827,0.0,0.6029,0.73,0.0202,1.0
compas-alpha_1-beta_0.0-gamma_0.5,1571659935,45,0.737,0.0,0.7493,0.63,0.0123,1.0
compas-alpha_1-beta_0.0-gamma_0.5,1571659935,46,0.5852,0.0,0.5966,0.67,0.0114,1.0
compas-alpha_1-beta_0.0-gamma_0.5,1571659936,47,0.6429,0.0,0.6531,0.6,0.0102,1.0
compas-alpha_1-beta_0.0-gamma_0.5,1571659937,48,0.6015,0.0,0.6161,0.77,0.0146,1.0
compas-alpha_1-beta_0.0-gamma_0.5,1571659938,49,0.6962,0.0,0.705,0.57,0.0088,1.0
compas-alpha_1-beta_0.0-gamma_0.5,1571659939,50,0.615,0.0,0.6287,0.73,0.0138,1.0
compas-alpha_1-beta_0.0-gamma_0.5,1571659940,51,0.5885,0.0,0.5953,0.7,0.0068,1.0
compas-alpha_1-beta_0.0-gamma_0.5,1571659941,52,0.6322,0.0,0.6619,0.6,0.0297,1.0
compas-alpha_1-beta_0.0-gamma_0.5,1571659942,53,0.6909,0.0,0.6985,0.63,0.0076,1.0
compas-alpha_1-beta_0.0-gamma_0.5,1571659943,54,0.478,0.0,0.4826,0.93,0.0046,1.0
compas-alpha_1-beta_0.0-gamma_0.5,1571659943,55,0.6311,0.0,0.6456,0.6,0.0145,1.0
compas-alpha_1-beta_0.0-gamma_0.5,1571659944,56,0.5751,0.0,0.5946,0.67,0.0195,0.97
compas-alpha_1-beta_0.0-gamma_0.5,1571659944,57,0.6708,0.0,0.6842,0.7,0.0134,1.0
compas-alpha_1-beta_0.0-gamma_0.5,1571659945,58,0.596,0.0,0.5997,0.67,0.0036,1.0
compas-alpha_1-beta_0.0-gamma_0.5,1571659945,59,0.5722,0.0,0.5802,0.77,0.008,1.0
compas-alpha_1-beta_0.0-gamma_0.5,1571659946,60,0.7401,0.0,0.7437,0.63,0.0036,1.0
compas-alpha_1-beta_0.0-gamma_0.5,1571659946,61,0.6381,0.0,0.6458,0.53,0.0077,1.0
compas-alpha_1-beta_0.0-gamma_0.5,1571659947,62,0.646,0.0,0.6516,0.6,0.0056,1.0
compas-alpha_1-beta_0.0-gamma_0.5,1571659947,63,0.5465,0.0,0.567,0.63,0.0205,1.0
compas-alpha_1-beta_0.0-gamma_0.5,1571659948,64,0.6295,0.0,0.6317,0.63,0.0022,1.0
compas-alpha_1-beta_0.0-gamma_0.5,1571659949,65,0.745,0.0,0.7493,0.47,0.0043,1.0
compas-alpha_1-beta_0.0-gamma_0.5,1571659949,66,0.5111,0.0,0.5184,0.9,0.0072,1.0
compas-alpha_1-beta_0.0-gamma_0.5,1571659950,67,0.6102,0.0,0.6144,0.8,0.0042,1.0
compas-alpha_1-beta_0.0-gamma_0.5,1571659950,68,0.5579,0.0,0.5693,0.73,0.0114,1.0
compas-alpha_1-beta_0.0-gamma_0.5,1571659951,69,0.5046,0.0,0.511,0.67,0.0064,1.0
compas-alpha_1-beta_0.0-gamma_0.5,1571659951,70,0.6233,0.0,0.6385,0.53,0.0152,1.0
compas-alpha_1-beta_0.0-gamma_0.5,1571659952,71,0.5648,0.0,0.5732,0.67,0.0084,1.0
compas-alpha_1-beta_0.0-gamma_0.5,1571659953,72,0.61,0.0,0.6211,0.57,0.0111,1.0
compas-alpha_1-beta_0.0-gamma_0.5,1571659953,73,0.6158,0.0,0.6232,0.6,0.0074,1.0
compas-alpha_1-beta_0.0-gamma_0.5,1571659954,74,0.6276,0.0,0.6373,0.7,0.0097,1.0
compas-alpha_1-beta_0.0-gamma_0.5,1571659954,75,0.5641,0.0,0.5718,0.8,0.0077,1.0
compas-alpha_1-beta_0.0-gamma_0.5,1571659955,76,0.6108,0.0,0.6155,0.6,0.0047,1.0
compas-alpha_1-beta_0.0-gamma_0.5,1571659955,77,0.6732,0.0,0.6804,0.57,0.0072,1.0
compas-alpha_1-beta_0.0-gamma_0.5,1571659956,78,0.678,0.0,0.685,0.63,0.007,1.0
compas-alpha_1-beta_0.0-gamma_0.5,1571659956,79,0.5262,0.0,0.5274,0.73,0.0012,1.0
compas-alpha_1-beta_0.0-gamma_0.5,1571659957,80,0.5941,0.0,0.5986,0.63,0.0045,1.0
compas-alpha_1-beta_0.0-gamma_0.5,1571659958,81,0.6414,0.0,0.6508,0.57,0.0094,1.0
compas-alpha_1-beta_0.0-gamma_0.5,1571659958,82,0.6257,0.0,0.632,0.67,0.0063,1.0
compas-alpha_1-beta_0.0-gamma_0.5,1571659959,83,0.6114,0.0,0.632,0.57,0.0206,0.97
compas-alpha_1-beta_0.0-gamma_0.5,1571659959,84,0.6726,0.0,0.6767,0.7,0.0041,1.0
compas-alpha_1-beta_0.0-gamma_0.5,1571659960,85,0.5629,0.0,0.5659,0.83,0.0029,1.0
compas-alpha_1-beta_0.0-gamma_0.5,1571659960,86,0.708,0.0,0.7095,0.57,0.0015,1.0
compas-alpha_1-beta_0.0-gamma_0.5,1571659961,87,0.5599,0.0,0.569,0.73,0.0091,1.0
compas-alpha_1-beta_0.0-gamma_0.5,1571659961,88,0.6532,0.0,0.6552,0.63,0.002,1.0
compas-alpha_1-beta_0.0-gamma_0.5,1571659962,89,0.6023,0.0,0.6052,0.63,0.0029,1.0
compas-alpha_1-beta_0.0-gamma_0.5,1571659963,90,0.6342,0.0,0.6385,0.7,0.0044,1.0
compas-alpha_1-beta_0.0-gamma_0.5,1571659963,91,0.548,0.0,0.5531,0.77,0.0051,1.0
compas-alpha_1-beta_0.0-gamma_0.5,1571659964,92,0.634,0.0,0.6373,0.6,0.0033,1.0
compas-alpha_1-beta_0.0-gamma_0.5,1571659964,93,0.5943,0.0,0.6112,0.7,0.0169,1.0
compas-alpha_1-beta_0.0-gamma_0.5,1571659965,94,0.677,0.0,0.6807,0.53,0.0037,1.0
compas-alpha_1-beta_0.0-gamma_0.5,1571659966,95,0.5384,0.0,0.5457,0.8,0.0073,1.0
compas-alpha_1-beta_0.0-gamma_0.5,1571659966,96,0.6303,0.0,0.6311,0.7,0.0008,1.0
compas-alpha_1-beta_0.0-gamma_0.5,1571659967,97,0.5786,0.0,0.5797,0.67,0.0012,1.0
compas-alpha_1-beta_0.0-gamma_0.5,1571659967,98,0.6636,0.0,0.6755,0.57,0.0118,1.0
compas-alpha_1-beta_0.0-gamma_0.5,1571659968,99,0.6706,0.0,0.6748,0.63,0.0042,1.0
compas-alpha_1-beta_0.0-gamma_0.5,1571659968,100,0.7085,0.0,0.7158,0.7,0.0073,1.0
compas-alpha_1-beta_0.0-gamma_0.5,1571659969,101,0.7027,0.0,0.7058,0.53,0.0031,1.0
compas-alpha_1-beta_0.0-gamma_0.5,1571659969,102,0.6001,0.0,0.6079,0.7,0.0078,1.0
compas-alpha_1-beta_0.0-gamma_0.5,1571659970,103,0.6132,0.0,0.6149,0.7,0.0016,1.0
compas-alpha_1-beta_0.0-gamma_0.5,1571659970,104,0.6048,0.0,0.6088,0.7,0.004,1.0
compas-alpha_1-beta_0.0-gamma_0.5,1571659971,105,0.6676,0.0,0.6704,0.63,0.0028,1.0
compas-alpha_1-beta_0.0-gamma_0.5,1571659971,106,0.6601,0.0,0.671,0.57,0.0109,1.0
compas-alpha_1-beta_0.0-gamma_0.5,1571659972,107,0.5365,0.0,0.5546,0.77,0.018,0.97
compas-alpha_1-beta_0.0-gamma_0.5,1571659972,108,0.6152,0.0,0.6202,0.67,0.005,1.0
compas-alpha_1-beta_0.0-gamma_0.5,1571659973,109,0.5845,0.0,0.5853,0.77,0.0008,1.0
compas-alpha_1-beta_0.0-gamma_0.5,1571659974,110,0.5875,0.0,0.5891,0.73,0.0017,1.0
compas-alpha_1-beta_0.0-gamma_0.5,1571659974,111,0.7358,0.0,0.7422,0.57,0.0064,1.0
compas-alpha_1-beta_0.0-gamma_0.5,1571659975,112,0.6756,0.0,0.6835,0.63,0.008,1.0
compas-alpha_1-beta_0.0-gamma_0.5,1571659975,113,0.6632,0.0,0.6639,0.63,0.0007,1.0
compas-alpha_1-beta_0.0-gamma_0.5,1571659976,114,0.6649,0.0,0.6658,0.57,0.0009,1.0
compas-alpha_1-beta_0.0-gamma_0.5,1571659976,115,0.5901,0.0,0.5912,0.77,0.0011,1.0
compas-alpha_1-beta_0.0-gamma_0.5,1571659977,116,0.5893,0.0,0.5906,0.7,0.0013,1.0
compas-alpha_1-beta_0.0-gamma_0.5,1571659977,117,0.6057,0.0,0.6117,0.63,0.006,1.0
compas-alpha_1-beta_0.0-gamma_0.5,1571659978,118,0.5253,0.0,0.5284,0.8,0.0031,1.0
compas-alpha_1-beta_0.0-gamma_0.5,1571659978,119,0.5785,0.0,0.58,0.87,0.0016,1.0
compas-alpha_1-beta_0.0-gamma_0.5,1571659979,120,0.578,0.0,0.5792,0.67,0.0012,1.0
compas-alpha_1-beta_0.0-gamma_0.5,1571659979,121,0.6676,0.0,0.6686,0.6,0.001,1.0
compas-alpha_1-beta_0.0-gamma_0.5,1571659980,122,0.6436,0.0,0.6479,0.63,0.0043,1.0
compas-alpha_1-beta_0.0-gamma_0.5,1571659980,123,0.5673,0.0,0.5701,0.63,0.0028,1.0
compas-alpha_1-beta_0.0-gamma_0.5,1571659981,124,0.614,0.0,0.6155,0.7,0.0015,1.0
compas-alpha_1-beta_0.0-gamma_0.5,1571659982,125,0.5536,0.0,0.5591,0.77,0.0055,1.0
compas-alpha_1-beta_0.0-gamma_0.5,1571659982,126,0.7164,0.0,0.72,0.57,0.0036,1.0
compas-alpha_1-beta_0.0-gamma_0.5,1571659983,127,0.6042,0.0,0.6065,0.77,0.0024,1.0
compas-alpha_1-beta_0.0-gamma_0.5,1571659983,128,0.6403,0.0,0.6407,0.63,0.0004,1.0
compas-alpha_1-beta_0.0-gamma_0.5,1571659984,129,0.6124,0.0,0.6149,0.7,0.0025,1.0
compas-alpha_1-beta_0.0-gamma_0.5,1571659985,130,0.572,0.0,0.5733,0.73,0.0013,1.0
compas-alpha_1-beta_0.0-gamma_0.5,1571659985,131,0.5756,0.0,0.5776,0.73,0.002,1.0
compas-alpha_1-beta_0.0-gamma_0.5,1571659986,132,0.6285,0.0,0.6298,0.67,0.0013,1.0
compas-alpha_1-beta_0.0-gamma_0.5,1571659986,133,0.6884,0.0,0.6908,0.67,0.0023,1.0
compas-alpha_1-beta_0.0-gamma_0.5,1571659987,134,0.6387,0.0,0.6411,0.83,0.0024,1.0
compas-alpha_1-beta_0.0-gamma_0.5,1571659988,135,0.6512,0.0,0.6587,0.7,0.0075,1.0
compas-alpha_1-beta_0.0-gamma_0.5,1571659988,136,0.6352,0.0,0.6361,0.63,0.0009,1.0
compas-alpha_1-beta_0.0-gamma_0.5,1571659989,137,0.651,0.0,0.6516,0.63,0.0006,1.0
compas-alpha_1-beta_0.0-gamma_0.5,1571659989,138,0.6635,0.0,0.6662,0.57,0.0028,1.0
compas-alpha_1-beta_0.0-gamma_0.5,1571659990,139,0.5404,0.0,0.5415,0.8,0.0012,1.0
compas-alpha_1-beta_0.0-gamma_0.5,1571659990,140,0.6543,0.0,0.6552,0.6,0.0009,1.0
compas-alpha_1-beta_0.0-gamma_0.5,1571659991,141,0.6856,0.0,0.6861,0.53,0.0005,1.0
compas-alpha_1-beta_0.0-gamma_0.5,1571659992,142,0.6677,0.0,0.6681,0.63,0.0004,1.0
compas-alpha_1-beta_0.0-gamma_0.5,1571659992,143,0.6217,0.0,0.6233,0.63,0.0016,1.0
compas-alpha_1-beta_0.0-gamma_0.5,1571659993,144,0.5887,0.0,0.5952,0.7,0.0065,1.0
compas-alpha_1-beta_0.0-gamma_0.5,1571659993,145,0.7331,0.0,0.7389,0.57,0.0058,1.0
compas-alpha_1-beta_0.0-gamma_0.5,1571659994,146,0.6341,0.0,0.6348,0.77,0.0007,1.0
compas-alpha_1-beta_0.0-gamma_0.5,1571659994,147,0.5753,0.0,0.5777,0.73,0.0024,1.0
compas-alpha_1-beta_0.0-gamma_0.5,1571659995,148,0.6192,0.0,0.6219,0.77,0.0027,1.0
compas-alpha_1-beta_0.0-gamma_0.5,1571659995,149,0.627,0.0,0.6276,0.63,0.0005,1.0
compas-alpha_1-beta_0.0-gamma_0.5,1571659996,150,0.6721,0.0,0.6729,0.47,0.0008,1.0
compas-alpha_1-beta_0.0-gamma_0.5,1571659996,151,0.6336,0.0,0.636,0.57,0.0023,1.0
compas-alpha_1-beta_0.0-gamma_0.5,1571659997,152,0.64,0.0,0.6417,0.6,0.0016,1.0
compas-alpha_1-beta_0.0-gamma_0.5,1571659998,153,0.5381,0.0,0.5387,0.83,0.0006,1.0
compas-alpha_1-beta_0.0-gamma_0.5,1571659998,154,0.6624,0.0,0.6631,0.63,0.0008,1.0
compas-alpha_1-beta_0.0-gamma_0.5,1571659999,155,0.78,0.0,0.7814,0.47,0.0014,1.0
compas-alpha_1-beta_0.0-gamma_0.5,1571659999,156,0.6398,0.0,0.6414,0.67,0.0016,1.0
compas-alpha_1-beta_0.0-gamma_0.5,1571660000,157,0.5454,0.0,0.5479,0.83,0.0025,1.0
compas-alpha_1-beta_0.0-gamma_0.5,1571660000,158,0.6293,0.0,0.6298,0.7,0.0005,1.0
compas-alpha_1-beta_0.0-gamma_0.5,1571660001,159,0.7123,0.0,0.7137,0.53,0.0014,1.0
compas-alpha_1-beta_0.0-gamma_0.5,1571660001,160,0.6407,0.0,0.6411,0.67,0.0003,1.0
compas-alpha_1-beta_0.0-gamma_0.5,1571660002,161,0.5623,0.0,0.5647,0.73,0.0024,1.0
compas-alpha_1-beta_0.0-gamma_0.5,1571660002,162,0.5612,0.0,0.5624,0.77,0.0012,1.0
compas-alpha_1-beta_0.0-gamma_0.5,1571660003,163,0.6096,0.0,0.6148,0.73,0.0052,1.0
compas-alpha_1-beta_0.0-gamma_0.5,1571660003,164,0.7213,0.0,0.7234,0.63,0.0021,1.0
compas-alpha_1-beta_0.0-gamma_0.5,1571660004,165,0.5673,0.0,0.5678,0.83,0.0004,1.0
compas-alpha_1-beta_0.0-gamma_0.5,1571660005,166,0.6136,0.0,0.615,0.7,0.0014,1.0
compas-alpha_1-beta_0.0-gamma_0.5,1571660005,167,0.5548,0.0,0.5587,0.77,0.0038,1.0
compas-alpha_1-beta_0.0-gamma_0.5,1571660006,168,0.6552,0.0,0.6594,0.6,0.0042,1.0
compas-alpha_1-beta_0.0-gamma_0.5,1571660006,169,0.6812,0.0,0.682,0.6,0.0008,1.0
compas-alpha_1-beta_0.0-gamma_0.5,1571660007,170,0.6089,0.0,0.6094,0.7,0.0005,1.0
compas-alpha_1-beta_0.0-gamma_0.5,1571660007,171,0.6771,0.0,0.678,0.57,0.0009,1.0
compas-alpha_1-beta_0.0-gamma_0.5,1571660008,172,0.5981,0.0,0.599,0.53,0.0008,1.0
compas-alpha_1-beta_0.0-gamma_0.5,1571660008,173,0.6206,0.0,0.6279,0.8,0.0073,1.0
compas-alpha_1-beta_0.0-gamma_0.5,1571660009,174,0.6073,0.0,0.6079,0.8,0.0006,1.0
compas-alpha_1-beta_0.0-gamma_0.5,1571660009,175,0.6028,0.0,0.6048,0.7,0.002,1.0
compas-alpha_1-beta_0.0-gamma_0.5,1571660010,176,0.6126,0.0,0.6131,0.77,0.0004,1.0
compas-alpha_1-beta_0.0-gamma_0.5,1571660010,177,0.584,0.0,0.5843,0.73,0.0004,1.0
compas-alpha_1-beta_0.0-gamma_0.5,1571660011,178,0.6249,0.0,0.6321,0.67,0.0072,1.0
compas-alpha_1-beta_0.0-gamma_0.5,1571660011,179,0.704,0.0,0.7043,0.57,0.0002,1.0
compas-alpha_1-beta_0.0-gamma_0.5,1571660012,180,0.679,0.0,0.6853,0.6,0.0063,1.0
compas-alpha_1-beta_0.0-gamma_0.5,1571660013,181,0.5366,0.0,0.5397,0.77,0.0031,1.0
compas-alpha_1-beta_0.0-gamma_0.5,1571660013,182,0.6735,0.0,0.6772,0.6,0.0037,1.0
compas-alpha_1-beta_0.0-gamma_0.5,1571660014,183,0.7726,0.0,0.7741,0.47,0.0014,1.0
compas-alpha_1-beta_0.0-gamma_0.5,1571660014,184,0.5957,0.0,0.5997,0.77,0.0039,1.0
compas-alpha_1-beta_0.0-gamma_0.5,1571660015,185,0.6635,0.0,0.6638,0.6,0.0003,1.0
compas-alpha_1-beta_0.0-gamma_0.5,1571660015,186,0.6273,0.0,0.629,0.63,0.0017,1.0
compas-alpha_1-beta_0.0-gamma_0.5,1571660016,187,0.7007,0.0,0.7009,0.53,0.0002,1.0
compas-alpha_1-beta_0.0-gamma_0.5,1571660017,188,0.634,0.0,0.6352,0.67,0.0012,1.0
compas-alpha_1-beta_0.0-gamma_0.5,1571660017,189,0.6756,0.0,0.6772,0.7,0.0016,1.0
compas-alpha_1-beta_0.0-gamma_0.5,1571660018,190,0.6944,0.0,0.695,0.57,0.0007,1.0
compas-alpha_1-beta_0.0-gamma_0.5,1571660018,191,0.651,0.0,0.6529,0.7,0.0019,1.0
compas-alpha_1-beta_0.0-gamma_0.5,1571660019,192,0.6899,0.0,0.6901,0.57,0.0002,1.0
compas-alpha_1-beta_0.0-gamma_0.5,1571660019,193,0.6965,0.0,0.6968,0.63,0.0003,1.0
compas-alpha_1-beta_0.0-gamma_0.5,1571660020,194,0.6975,0.0,0.6977,0.53,0.0001,1.0
compas-alpha_1-beta_0.0-gamma_0.5,1571660021,195,0.679,0.0,0.6819,0.6,0.0028,1.0
compas-alpha_1-beta_0.0-gamma_0.5,1571660021,196,0.7198,0.0,0.7203,0.73,0.0005,1.0
compas-alpha_1-beta_0.0-gamma_0.5,1571660022,197,0.5996,0.0,0.6005,0.63,0.0009,1.0
compas-alpha_1-beta_0.0-gamma_0.5,1571660022,198,0.5394,0.0,0.5434,0.77,0.004,1.0
compas-alpha_1-beta_0.0-gamma_0.5,1571660023,199,0.5486,0.0,0.5499,0.77,0.0012,1.0
compas-alpha_1-beta_0.0-gamma_0.5,1571660023,200,0.6832,0.0,0.684,0.53,0.0008,1.0
compas-alpha_1-beta_0.0-gamma_0.5,1571660024,201,0.6097,0.0,0.6097,0.6,0.0,1.0
compas-alpha_1-beta_0.0-gamma_0.5,1571660024,202,0.7021,0.0,0.7024,0.5,0.0004,1.0
compas-alpha_1-beta_0.0-gamma_0.5,1571660025,203,0.6428,0.0,0.6428,0.6,0.0,1.0
compas-alpha_1-beta_0.0-gamma_0.5,1571660025,204,0.5417,0.0,0.545,0.73,0.0033,1.0
compas-alpha_1-beta_0.0-gamma_0.5,1571660026,205,0.4482,0.0,0.4484,0.9,0.0001,1.0
compas-alpha_1-beta_0.0-gamma_0.5,1571660027,206,0.5722,0.0,0.5731,0.77,0.0009,1.0
compas-alpha_1-beta_0.0-gamma_0.5,1571660027,207,0.5384,0.0,0.54,0.8,0.0015,1.0
compas-alpha_1-beta_0.0-gamma_0.5,1571660028,208,0.7275,0.0,0.7293,0.7,0.0018,1.0
compas-alpha_1-beta_0.0-gamma_0.5,1571660028,209,0.6437,0.0,0.646,0.63,0.0022,1.0
compas-alpha_1-beta_0.0-gamma_0.5,1571660029,210,0.6849,0.0,0.6852,0.53,0.0003,1.0
compas-alpha_1-beta_0.0-gamma_0.5,1571660030,211,0.6205,0.0,0.6209,0.63,0.0004,1.0
compas-alpha_1-beta_0.0-gamma_0.5,1571660030,212,0.5832,0.0,0.5834,0.7,0.0002,1.0
compas-alpha_1-beta_0.0-gamma_0.5,1571660031,213,0.6759,0.0,0.678,0.67,0.0022,1.0
compas-alpha_1-beta_0.0-gamma_0.5,1571660032,214,0.6592,0.0,0.6604,0.63,0.0011,1.0
compas-alpha_1-beta_0.0-gamma_0.5,1571660033,215,0.6347,0.0,0.6351,0.73,0.0004,1.0
compas-alpha_1-beta_0.0-gamma_0.5,1571660033,216,0.5907,0.0,0.602,0.73,0.0113,1.0
compas-alpha_1-beta_0.0-gamma_0.5,1571660034,217,0.5232,0.0,0.5238,0.83,0.0007,1.0
compas-alpha_1-beta_0.0-gamma_0.5,1571660035,218,0.6022,0.0,0.6041,0.8,0.0019,1.0
compas-alpha_1-beta_0.0-gamma_0.5,1571660036,219,0.6806,0.0,0.681,0.6,0.0004,1.0
compas-alpha_1-beta_0.0-gamma_0.5,1571660036,220,0.5697,0.0,0.5707,0.77,0.001,1.0
compas-alpha_1-beta_0.0-gamma_0.5,1571660037,221,0.6416,0.0,0.6431,0.7,0.0015,1.0
compas-alpha_1-beta_0.0-gamma_0.5,1571660038,222,0.6616,0.0,0.662,0.6,0.0004,1.0
compas-alpha_1-beta_0.0-gamma_0.5,1571660039,223,0.6037,0.0,0.6064,0.63,0.0028,1.0
compas-alpha_1-beta_0.0-gamma_0.5,1571660040,224,0.5354,0.0,0.5372,0.77,0.0018,1.0
compas-alpha_1-beta_0.0-gamma_0.5,1571660040,225,0.5478,0.0,0.5478,0.77,0.0001,1.0
compas-alpha_1-beta_0.0-gamma_0.5,1571660041,226,0.6775,0.0,0.6779,0.63,0.0004,1.0
compas-alpha_1-beta_0.0-gamma_0.5,1571660042,227,0.6235,0.0,0.6251,0.67,0.0016,1.0
compas-alpha_1-beta_0.0-gamma_0.5,1571660043,228,0.6156,0.0,0.6167,0.67,0.001,1.0
compas-alpha_1-beta_0.0-gamma_0.5,1571660043,229,0.6745,0.0,0.6758,0.7,0.0013,1.0
compas-alpha_1-beta_0.0-gamma_0.5,1571660044,230,0.4893,0.0,0.4905,0.77,0.0012,1.0
compas-alpha_1-beta_0.0-gamma_0.5,1571660045,231,0.6554,0.0,0.6566,0.6,0.0012,1.0
compas-alpha_1-beta_0.0-gamma_0.5,1571660046,232,0.6915,0.0,0.6921,0.53,0.0006,1.0
compas-alpha_1-beta_0.0-gamma_0.5,1571660046,233,0.5296,0.0,0.5297,0.73,0.0001,1.0
compas-alpha_1-beta_0.0-gamma_0.5,1571660047,234,0.587,0.0,0.5871,0.67,0.0001,1.0
compas-alpha_1-beta_0.0-gamma_0.5,1571660048,235,0.5959,0.0,0.598,0.7,0.0021,1.0
compas-alpha_1-beta_0.0-gamma_0.5,1571660048,236,0.6486,0.0,0.6489,0.7,0.0003,1.0
compas-alpha_1-beta_0.0-gamma_0.5,1571660049,237,0.5352,0.0,0.5355,0.73,0.0003,1.0
compas-alpha_1-beta_0.0-gamma_0.5,1571660050,238,0.6011,0.0,0.6025,0.6,0.0014,1.0
compas-alpha_1-beta_0.0-gamma_0.5,1571660051,239,0.5318,0.0,0.5323,0.7,0.0004,1.0
compas-alpha_1-beta_0.0-gamma_0.5,1571660051,240,0.6244,0.0,0.6245,0.57,0.0001,1.0
compas-alpha_1-beta_0.0-gamma_0.5,1571660052,241,0.5043,0.0,0.505,0.87,0.0006,1.0
compas-alpha_1-beta_0.0-gamma_0.5,1571660053,242,0.7382,0.0,0.7386,0.57,0.0004,1.0
compas-alpha_1-beta_0.0-gamma_0.5,1571660053,243,0.6732,0.0,0.6744,0.6,0.0011,1.0
compas-alpha_1-beta_0.0-gamma_0.5,1571660054,244,0.6714,0.0,0.6717,0.63,0.0003,1.0
compas-alpha_1-beta_0.0-gamma_0.5,1571660055,245,0.6585,0.0,0.6592,0.53,0.0007,1.0
compas-alpha_1-beta_0.0-gamma_0.5,1571660055,246,0.7151,0.0,0.7162,0.57,0.001,1.0
compas-alpha_1-beta_0.0-gamma_0.5,1571660056,247,0.6348,0.0,0.6353,0.57,0.0006,1.0
compas-alpha_1-beta_0.0-gamma_0.5,1571660057,248,0.6093,0.0,0.6098,0.67,0.0005,1.0
compas-alpha_1-beta_0.0-gamma_0.5,1571660058,249,0.609,0.0,0.611,0.67,0.002,1.0
compas-alpha_1-beta_0.0-gamma_0.5,1571660058,250,0.5504,0.0,0.5505,0.8,0.0,1.0
compas-alpha_1-beta_0.0-gamma_0.5,1571660059,251,0.6593,0.0,0.6599,0.57,0.0005,1.0
compas-alpha_1-beta_0.0-gamma_0.5,1571660059,252,0.5303,0.0,0.5308,0.77,0.0004,1.0
compas-alpha_1-beta_0.0-gamma_0.5,1571660060,253,0.5973,0.0,0.5985,0.67,0.0012,1.0
compas-alpha_1-beta_0.0-gamma_0.5,1571660061,254,0.5394,0.0,0.5394,0.8,0.0001,1.0
compas-alpha_1-beta_0.0-gamma_0.5,1571660061,255,0.6467,0.0,0.6477,0.6,0.001,1.0
compas-alpha_1-beta_0.0-gamma_0.5,1571660062,256,0.5279,0.0,0.5279,0.77,0.0,1.0
compas-alpha_1-beta_0.0-gamma_0.5,1571660062,257,0.6076,0.0,0.6086,0.63,0.001,1.0
compas-alpha_1-beta_0.0-gamma_0.5,1571660063,258,0.5741,0.0,0.5741,0.8,0.0001,1.0
compas-alpha_1-beta_0.0-gamma_0.5,1571660063,259,0.7069,0.0,0.7085,0.57,0.0017,1.0
compas-alpha_1-beta_0.0-gamma_0.5,1571660064,260,0.6713,0.0,0.6719,0.67,0.0006,1.0
compas-alpha_1-beta_0.0-gamma_0.5,1571660064,261,0.6018,0.0,0.6023,0.6,0.0004,1.0
compas-alpha_1-beta_0.0-gamma_0.5,1571660065,262,0.6828,0.0,0.6834,0.57,0.0007,1.0
compas-alpha_1-beta_0.0-gamma_0.5,1571660065,263,0.6531,0.0,0.6535,0.63,0.0004,1.0
compas-alpha_1-beta_0.0-gamma_0.5,1571660066,264,0.6291,0.0,0.6301,0.63,0.001,1.0
compas-alpha_1-beta_0.0-gamma_0.5,1571660066,265,0.5658,0.0,0.5664,0.7,0.0006,1.0
compas-alpha_1-beta_0.0-gamma_0.5,1571660067,266,0.6347,0.0,0.6351,0.67,0.0004,1.0
compas-alpha_1-beta_0.0-gamma_0.5,1571660068,267,0.4882,0.0,0.4885,0.77,0.0003,1.0
compas-alpha_1-beta_0.0-gamma_0.5,1571660068,268,0.6738,0.0,0.674,0.53,0.0003,1.0
compas-alpha_1-beta_0.0-gamma_0.5,1571660069,269,0.6793,0.0,0.6796,0.53,0.0003,1.0
compas-alpha_1-beta_0.0-gamma_0.5,1571660069,270,0.7245,0.0,0.7272,0.53,0.0027,1.0
compas-alpha_1-beta_0.0-gamma_0.5,1571660070,271,0.6449,0.0,0.6451,0.63,0.0002,1.0
compas-alpha_1-beta_0.0-gamma_0.5,1571660070,272,0.5378,0.0,0.5386,0.77,0.0008,1.0
compas-alpha_1-beta_0.0-gamma_0.5,1571660071,273,0.5372,0.0,0.5379,0.7,0.0007,1.0
compas-alpha_1-beta_0.0-gamma_0.5,1571660071,274,0.5996,0.0,0.6001,0.67,0.0005,1.0
compas-alpha_1-beta_0.0-gamma_0.5,1571660072,275,0.6012,0.0,0.6047,0.63,0.0035,1.0
compas-alpha_1-beta_0.0-gamma_0.5,1571660073,276,0.6648,0.0,0.6649,0.63,0.0001,1.0
compas-alpha_1-beta_0.0-gamma_0.5,1571660073,277,0.6609,0.0,0.6618,0.63,0.0009,1.0
compas-alpha_1-beta_0.0-gamma_0.5,1571660074,278,0.5605,0.0,0.5606,0.8,0.0001,1.0
compas-alpha_1-beta_0.0-gamma_0.5,1571660074,279,0.5937,0.0,0.5942,0.63,0.0005,1.0
compas-alpha_1-beta_0.0-gamma_0.5,1571660075,280,0.5544,0.0,0.5545,0.73,0.0001,1.0
compas-alpha_1-beta_0.0-gamma_0.5,1571660075,281,0.6929,0.0,0.6929,0.5,0.0,1.0
compas-alpha_1-beta_0.0-gamma_0.5,1571660076,282,0.4942,0.0,0.4947,0.83,0.0006,1.0
compas-alpha_1-beta_0.0-gamma_0.5,1571660077,283,0.6078,0.0,0.6093,0.6,0.0015,1.0
compas-alpha_1-beta_0.0-gamma_0.5,1571660077,284,0.6132,0.0,0.6133,0.67,0.0,1.0
compas-alpha_1-beta_0.0-gamma_0.5,1571660078,285,0.7308,0.0,0.7313,0.6,0.0005,1.0
compas-alpha_1-beta_0.0-gamma_0.5,1571660078,286,0.7048,0.0,0.7048,0.7,0.0,1.0
compas-alpha_1-beta_0.0-gamma_0.5,1571660079,287,0.7656,0.0,0.7662,0.57,0.0006,1.0
compas-alpha_1-beta_0.0-gamma_0.5,1571660079,288,0.6646,0.0,0.6647,0.63,0.0001,1.0
compas-alpha_1-beta_0.0-gamma_0.5,1571660080,289,0.6201,0.0,0.6201,0.73,0.0,1.0
compas-alpha_1-beta_0.0-gamma_0.5,1571660080,290,0.7031,0.0,0.7034,0.6,0.0003,1.0
compas-alpha_1-beta_0.0-gamma_0.5,1571660081,291,0.6234,0.0,0.6236,0.7,0.0003,1.0
compas-alpha_1-beta_0.0-gamma_0.5,1571660082,292,0.4974,0.0,0.4974,0.83,0.0001,1.0
compas-alpha_1-beta_0.0-gamma_0.5,1571660082,293,0.6919,0.0,0.6921,0.57,0.0002,1.0
compas-alpha_1-beta_0.0-gamma_0.5,1571660083,294,0.5869,0.0,0.5873,0.8,0.0004,1.0
compas-alpha_1-beta_0.0-gamma_0.5,1571660083,295,0.5922,0.0,0.5923,0.7,0.0001,1.0
compas-alpha_1-beta_0.0-gamma_0.5,1571660084,296,0.657,0.0,0.6571,0.67,0.0,1.0
compas-alpha_1-beta_0.0-gamma_0.5,1571660084,297,0.5781,0.0,0.5786,0.8,0.0004,1.0
compas-alpha_1-beta_0.0-gamma_0.5,1571660085,298,0.6362,0.0,0.6363,0.6,0.0001,1.0
compas-alpha_1-beta_0.0-gamma_0.5,1571660085,299,0.5921,0.0,0.5923,0.77,0.0002,1.0
compas-alpha_1-beta_0.0-gamma_0.5,1571660086,300,0.5811,0.0,0.5821,0.63,0.0011,1.0
compas-alpha_1-beta_0.0-gamma_0.5,1571660086,301,0.6123,0.0,0.6127,0.7,0.0003,1.0
compas-alpha_1-beta_0.0-gamma_0.5,1571660087,302,0.5819,0.0,0.5822,0.7,0.0003,1.0
compas-alpha_1-beta_0.0-gamma_0.5,1571660087,303,0.4897,0.0,0.4904,0.8,0.0006,1.0
compas-alpha_1-beta_0.0-gamma_0.5,1571660088,304,0.6176,0.0,0.618,0.67,0.0004,1.0
compas-alpha_1-beta_0.0-gamma_0.5,1571660088,305,0.5807,0.0,0.5814,0.77,0.0007,1.0
compas-alpha_1-beta_0.0-gamma_0.5,1571660089,306,0.5735,0.0,0.5737,0.67,0.0002,1.0
compas-alpha_1-beta_0.0-gamma_0.5,1571660090,307,0.6237,0.0,0.6244,0.63,0.0006,1.0
compas-alpha_1-beta_0.0-gamma_0.5,1571660090,308,0.6438,0.0,0.6439,0.7,0.0,1.0
compas-alpha_1-beta_0.0-gamma_0.5,1571660091,309,0.7031,0.0,0.7033,0.6,0.0002,1.0
compas-alpha_1-beta_0.0-gamma_0.5,1571660091,310,0.627,0.0,0.6282,0.67,0.0012,1.0
compas-alpha_1-beta_0.0-gamma_0.5,1571660092,311,0.6595,0.0,0.6604,0.63,0.001,1.0
compas-alpha_1-beta_0.0-gamma_0.5,1571660092,312,0.597,0.0,0.5972,0.7,0.0002,1.0
compas-alpha_1-beta_0.0-gamma_0.5,1571660093,313,0.6078,0.0,0.6084,0.63,0.0006,1.0
compas-alpha_1-beta_0.0-gamma_0.5,1571660093,314,0.63,0.0,0.63,0.67,0.0,1.0
compas-alpha_1-beta_0.0-gamma_0.5,1571660094,315,0.5558,0.0,0.5558,0.73,0.0,1.0
compas-alpha_1-beta_0.0-gamma_0.5,1571660094,316,0.6107,0.0,0.6108,0.7,0.0001,1.0
compas-alpha_1-beta_0.0-gamma_0.5,1571660095,317,0.6883,0.0,0.689,0.63,0.0006,1.0
compas-alpha_1-beta_0.0-gamma_0.5,1571660096,318,0.5932,0.0,0.5936,0.7,0.0003,1.0
compas-alpha_1-beta_0.0-gamma_0.5,1571660096,319,0.5681,0.0,0.5681,0.7,0.0,1.0
compas-alpha_1-beta_0.0-gamma_0.5,1571660097,320,0.6061,0.0,0.6069,0.63,0.0008,1.0
compas-alpha_1-beta_0.0-gamma_0.5,1571660097,321,0.5627,0.0,0.5628,0.83,0.0,1.0
compas-alpha_1-beta_0.0-gamma_0.5,1571660098,322,0.6497,0.0,0.6502,0.57,0.0005,1.0
compas-alpha_1-beta_0.0-gamma_0.5,1571660098,323,0.584,0.0,0.584,0.63,0.0,1.0
compas-alpha_1-beta_0.0-gamma_0.5,1571660099,324,0.6408,0.0,0.6408,0.7,0.0,1.0
compas-alpha_1-beta_0.0-gamma_0.5,1571660099,325,0.6901,0.0,0.6901,0.6,0.0,1.0
compas-alpha_1-beta_0.0-gamma_0.5,1571660100,326,0.6805,0.0,0.6814,0.57,0.001,1.0
compas-alpha_1-beta_0.0-gamma_0.5,1571660101,327,0.6612,0.0,0.6616,0.57,0.0004,1.0
compas-alpha_1-beta_0.0-gamma_0.5,1571660101,328,0.6312,0.0,0.6313,0.67,0.0,1.0
compas-alpha_1-beta_0.0-gamma_0.5,1571660102,329,0.611,0.0,0.6118,0.73,0.0009,1.0
compas-alpha_1-beta_0.0-gamma_0.5,1571660102,330,0.6013,0.0,0.6013,0.7,0.0,1.0
compas-alpha_1-beta_0.0-gamma_0.5,1571660103,331,0.6718,0.0,0.672,0.6,0.0002,1.0
compas-alpha_1-beta_0.0-gamma_0.5,1571660103,332,0.7354,0.0,0.7355,0.6,0.0001,1.0
compas-alpha_1-beta_0.0-gamma_0.5,1571660104,333,0.6111,0.0,0.6116,0.7,0.0005,1.0
compas-alpha_1-beta_0.0-gamma_0.5,1571660104,334,0.6132,0.0,0.6132,0.7,0.0,1.0
compas-alpha_1-beta_0.0-gamma_0.5,1571660105,335,0.6599,0.0,0.6599,0.57,0.0,1.0
compas-alpha_1-beta_0.0-gamma_0.5,1571660105,336,0.5483,0.0,0.5487,0.77,0.0004,1.0
compas-alpha_1-beta_0.0-gamma_0.5,1571660106,337,0.5226,0.0,0.5226,0.77,0.0,1.0
compas-alpha_1-beta_0.0-gamma_0.5,1571660107,338,0.6681,0.0,0.6684,0.77,0.0003,1.0
compas-alpha_1-beta_0.0-gamma_0.5,1571660107,339,0.6004,0.0,0.6006,0.67,0.0001,1.0
compas-alpha_1-beta_0.0-gamma_0.5,1571660108,340,0.5431,0.0,0.5431,0.8,0.0,1.0
compas-alpha_1-beta_0.0-gamma_0.5,1571660108,341,0.6567,0.0,0.6567,0.63,0.0,1.0
compas-alpha_1-beta_0.0-gamma_0.5,1571660109,342,0.5731,0.0,0.5731,0.7,0.0,1.0
compas-alpha_1-beta_0.0-gamma_0.5,1571660109,343,0.6839,0.0,0.6843,0.6,0.0004,1.0
compas-alpha_1-beta_0.0-gamma_0.5,1571660110,344,0.7006,0.0,0.7007,0.6,0.0,1.0
compas-alpha_1-beta_0.0-gamma_0.5,1571660111,345,0.6962,0.0,0.697,0.67,0.0008,1.0
compas-alpha_1-beta_0.0-gamma_0.5,1571660111,346,0.6954,0.0,0.6955,0.67,0.0001,1.0
compas-alpha_1-beta_0.0-gamma_0.5,1571660112,347,0.6763,0.0,0.6768,0.63,0.0005,1.0
compas-alpha_1-beta_0.0-gamma_0.5,1571660112,348,0.6907,0.0,0.6909,0.6,0.0002,1.0
compas-alpha_1-beta_0.0-gamma_0.5,1571660113,349,0.6855,0.0,0.6858,0.63,0.0003,1.0
compas-alpha_1-beta_0.0-gamma_0.5,1571660113,350,0.622,0.0,0.6227,0.7,0.0007,1.0
compas-alpha_1-beta_0.0-gamma_0.5,1571660114,351,0.6275,0.0,0.6279,0.7,0.0004,1.0
compas-alpha_1-beta_0.0-gamma_0.5,1571660114,352,0.4736,0.0,0.4736,0.87,0.0,1.0
compas-alpha_1-beta_0.0-gamma_0.5,1571660115,353,0.5386,0.0,0.5392,0.77,0.0005,1.0
compas-alpha_1-beta_0.0-gamma_0.5,1571660116,354,0.6183,0.0,0.6189,0.67,0.0006,1.0
compas-alpha_1-beta_0.0-gamma_0.5,1571660116,355,0.6322,0.0,0.6322,0.63,0.0,1.0
compas-alpha_1-beta_0.0-gamma_0.5,1571660117,356,0.6649,0.0,0.6649,0.67,0.0,1.0
compas-alpha_1-beta_0.0-gamma_0.5,1571660117,357,0.6585,0.0,0.6588,0.67,0.0003,1.0
compas-alpha_1-beta_0.0-gamma_0.5,1571660118,358,0.4688,0.0,0.4688,0.9,0.0,1.0
compas-alpha_1-beta_0.0-gamma_0.5,1571660118,359,0.5857,0.0,0.5869,0.73,0.0011,1.0
compas-alpha_1-beta_0.0-gamma_0.5,1571660119,360,0.6172,0.0,0.6175,0.73,0.0003,1.0
compas-alpha_1-beta_0.0-gamma_0.5,1571660119,361,0.5582,0.0,0.5585,0.77,0.0003,1.0
compas-alpha_1-beta_0.0-gamma_0.5,1571660120,362,0.5698,0.0,0.5699,0.77,0.0,1.0
compas-alpha_1-beta_0.0-gamma_0.5,1571660120,363,0.5081,0.0,0.5081,0.8,0.0,1.0
compas-alpha_1-beta_0.0-gamma_0.5,1571660121,364,0.5766,0.0,0.5768,0.7,0.0002,1.0
compas-alpha_1-beta_0.0-gamma_0.5,1571660121,365,0.7203,0.0,0.7203,0.53,0.0,1.0
compas-alpha_1-beta_0.0-gamma_0.5,1571660122,366,0.5964,0.0,0.5965,0.7,0.0001,1.0
compas-alpha_1-beta_0.0-gamma_0.5,1571660122,367,0.6997,0.0,0.6997,0.47,0.0,1.0
compas-alpha_1-beta_0.0-gamma_0.5,1571660123,368,0.5316,0.0,0.5317,0.83,0.0001,1.0
compas-alpha_1-beta_0.0-gamma_0.5,1571660123,369,0.6515,0.0,0.6515,0.6,0.0,1.0
compas-alpha_1-beta_0.0-gamma_0.5,1571660124,370,0.6642,0.0,0.6643,0.53,0.0001,1.0
compas-alpha_1-beta_0.0-gamma_0.5,1571660125,371,0.708,0.0,0.7083,0.57,0.0003,1.0
compas-alpha_1-beta_0.0-gamma_0.5,1571660125,372,0.6957,0.0,0.6958,0.53,0.0,1.0
compas-alpha_1-beta_0.0-gamma_0.5,1571660126,373,0.6569,0.0,0.6569,0.67,0.0,1.0
compas-alpha_1-beta_0.0-gamma_0.5,1571660126,374,0.5921,0.0,0.5921,0.73,0.0,1.0
compas-alpha_1-beta_0.0-gamma_0.5,1571660127,375,0.6052,0.0,0.6056,0.73,0.0004,1.0
compas-alpha_1-beta_0.0-gamma_0.5,1571660127,376,0.6496,0.0,0.6497,0.6,0.0001,1.0
compas-alpha_1-beta_0.0-gamma_0.5,1571660128,377,0.6273,0.0,0.6274,0.67,0.0001,1.0
compas-alpha_1-beta_0.0-gamma_0.5,1571660128,378,0.5639,0.0,0.564,0.67,0.0001,1.0
compas-alpha_1-beta_0.0-gamma_0.5,1571660129,379,0.7611,0.0,0.7613,0.5,0.0001,1.0
compas-alpha_1-beta_0.0-gamma_0.5,1571660130,380,0.529,0.0,0.5292,0.8,0.0002,1.0
compas-alpha_1-beta_0.0-gamma_0.5,1571660130,381,0.6559,0.0,0.6559,0.63,0.0,1.0
compas-alpha_1-beta_0.0-gamma_0.5,1571660131,382,0.7404,0.0,0.7406,0.47,0.0002,1.0
compas-alpha_1-beta_0.0-gamma_0.5,1571660131,383,0.5886,0.0,0.5887,0.7,0.0,1.0
compas-alpha_1-beta_0.0-gamma_0.5,1571660132,384,0.5606,0.0,0.5606,0.67,0.0,1.0
compas-alpha_1-beta_0.0-gamma_0.5,1571660132,385,0.6601,0.0,0.6602,0.7,0.0,1.0
compas-alpha_1-beta_0.0-gamma_0.5,1571660133,386,0.5341,0.0,0.5341,0.8,0.0,1.0
compas-alpha_1-beta_0.0-gamma_0.5,1571660134,387,0.5735,0.0,0.5738,0.73,0.0003,1.0
compas-alpha_1-beta_0.0-gamma_0.5,1571660134,388,0.5695,0.0,0.5696,0.8,0.0001,1.0
compas-alpha_1-beta_0.0-gamma_0.5,1571660135,389,0.6688,0.0,0.6698,0.57,0.001,1.0
compas-alpha_1-beta_0.0-gamma_0.5,1571660135,390,0.5925,0.0,0.5925,0.67,0.0,1.0
compas-alpha_1-beta_0.0-gamma_0.5,1571660136,391,0.5466,0.0,0.5468,0.77,0.0003,1.0
compas-alpha_1-beta_0.0-gamma_0.5,1571660136,392,0.6291,0.0,0.6292,0.63,0.0001,1.0
compas-alpha_1-beta_0.0-gamma_0.5,1571660137,393,0.7216,0.0,0.7218,0.6,0.0002,1.0
compas-alpha_1-beta_0.0-gamma_0.5,1571660137,394,0.6556,0.0,0.6556,0.63,0.0001,1.0
compas-alpha_1-beta_0.0-gamma_0.5,1571660138,395,0.7414,0.0,0.7416,0.57,0.0002,1.0
compas-alpha_1-beta_0.0-gamma_0.5,1571660138,396,0.6061,0.0,0.6065,0.63,0.0004,1.0
compas-alpha_1-beta_0.0-gamma_0.5,1571660139,397,0.647,0.0,0.6477,0.63,0.0007,1.0
compas-alpha_1-beta_0.0-gamma_0.5,1571660140,398,0.5498,0.0,0.5499,0.8,0.0001,1.0
compas-alpha_1-beta_0.0-gamma_0.5,1571660140,399,0.536,0.0,0.5362,0.73,0.0002,1.0
compas-alpha_1-beta_0.0-gamma_0.5,1571660141,400,0.5571,0.0,0.5571,0.83,0.0,1.0
compas-alpha_1-beta_0.0-gamma_0.5,1571660141,401,0.6334,0.0,0.6337,0.73,0.0004,1.0
compas-alpha_1-beta_0.0-gamma_0.5,1571660142,402,0.5845,0.0,0.5845,0.7,0.0,1.0
compas-alpha_1-beta_0.0-gamma_0.5,1571660142,403,0.6972,0.0,0.6972,0.6,0.0001,1.0
compas-alpha_1-beta_0.0-gamma_0.5,1571660143,404,0.6232,0.0,0.6234,0.7,0.0002,1.0
compas-alpha_1-beta_0.0-gamma_0.5,1571660143,405,0.521,0.0,0.521,0.8,0.0,1.0
compas-alpha_1-beta_0.0-gamma_0.5,1571660144,406,0.701,0.0,0.701,0.53,0.0,1.0
compas-alpha_1-beta_0.0-gamma_0.5,1571660144,407,0.6326,0.0,0.6326,0.63,0.0,1.0
compas-alpha_1-beta_0.0-gamma_0.5,1571660145,408,0.7935,0.0,0.7938,0.47,0.0004,1.0
compas-alpha_1-beta_0.0-gamma_0.5,1571660145,409,0.5814,0.0,0.5815,0.57,0.0001,1.0
compas-alpha_1-beta_0.0-gamma_0.5,1571660146,410,0.6576,0.0,0.6577,0.63,0.0001,1.0
compas-alpha_1-beta_0.0-gamma_0.5,1571660147,411,0.5805,0.0,0.5805,0.73,0.0,1.0
compas-alpha_1-beta_0.0-gamma_0.5,1571660147,412,0.6031,0.0,0.6031,0.7,0.0,1.0
compas-alpha_1-beta_0.0-gamma_0.5,1571660148,413,0.4585,0.0,0.4586,0.83,0.0,1.0
compas-alpha_1-beta_0.0-gamma_0.5,1571660148,414,0.5886,0.0,0.5886,0.73,0.0,1.0
compas-alpha_1-beta_0.0-gamma_0.5,1571660149,415,0.5531,0.0,0.5533,0.77,0.0001,1.0
compas-alpha_1-beta_0.0-gamma_0.5,1571660149,416,0.6432,0.0,0.6433,0.63,0.0001,1.0
compas-alpha_1-beta_0.0-gamma_0.5,1571660150,417,0.5812,0.0,0.5812,0.7,0.0,1.0
compas-alpha_1-beta_0.0-gamma_0.5,1571660150,418,0.6635,0.0,0.6635,0.63,0.0001,1.0
compas-alpha_1-beta_0.0-gamma_0.5,1571660151,419,0.5997,0.0,0.5997,0.77,0.0,1.0
compas-alpha_1-beta_0.0-gamma_0.5,1571660151,420,0.5711,0.0,0.5711,0.73,0.0,1.0
compas-alpha_1-beta_0.0-gamma_0.5,1571660152,421,0.5453,0.0,0.5453,0.8,0.0,1.0
compas-alpha_1-beta_0.0-gamma_0.5,1571660152,422,0.742,0.0,0.7422,0.57,0.0002,1.0
compas-alpha_1-beta_0.0-gamma_0.5,1571660153,423,0.7014,0.0,0.7014,0.57,0.0,1.0
compas-alpha_1-beta_0.0-gamma_0.5,1571660154,424,0.5562,0.0,0.5564,0.8,0.0002,1.0
compas-alpha_1-beta_0.0-gamma_0.5,1571660154,425,0.5481,0.0,0.5484,0.73,0.0003,1.0
compas-alpha_1-beta_0.0-gamma_0.5,1571660155,426,0.604,0.0,0.6041,0.7,0.0001,1.0
compas-alpha_1-beta_0.0-gamma_0.5,1571660155,427,0.5225,0.0,0.5225,0.8,0.0,1.0
compas-alpha_1-beta_0.0-gamma_0.5,1571660156,428,0.5813,0.0,0.5814,0.77,0.0001,1.0
compas-alpha_1-beta_0.0-gamma_0.5,1571660156,429,0.6382,0.0,0.6383,0.57,0.0001,1.0
compas-alpha_1-beta_0.0-gamma_0.5,1571660157,430,0.5799,0.0,0.58,0.73,0.0001,1.0
compas-alpha_1-beta_0.0-gamma_0.5,1571660157,431,0.6394,0.0,0.6394,0.57,0.0,1.0
compas-alpha_1-beta_0.0-gamma_0.5,1571660158,432,0.57,0.0,0.5701,0.8,0.0002,1.0
compas-alpha_1-beta_0.0-gamma_0.5,1571660158,433,0.6351,0.0,0.6354,0.57,0.0003,1.0
compas-alpha_1-beta_0.0-gamma_0.5,1571660159,434,0.6645,0.0,0.6645,0.63,0.0,1.0
compas-alpha_1-beta_0.0-gamma_0.5,1571660160,435,0.5409,0.0,0.5409,0.73,0.0,1.0
compas-alpha_1-beta_0.0-gamma_0.5,1571660160,436,0.5861,0.0,0.5863,0.63,0.0002,1.0
compas-alpha_1-beta_0.0-gamma_0.5,1571660161,437,0.5339,0.0,0.534,0.73,0.0002,1.0
compas-alpha_1-beta_0.0-gamma_0.5,1571660162,438,0.5984,0.0,0.5984,0.63,0.0,1.0
compas-alpha_1-beta_0.0-gamma_0.5,1571660163,439,0.4985,0.0,0.4985,0.83,0.0001,1.0
compas-alpha_1-beta_0.0-gamma_0.5,1571660164,440,0.622,0.0,0.6221,0.67,0.0001,1.0
compas-alpha_1-beta_0.0-gamma_0.5,1571660165,441,0.6361,0.0,0.6363,0.6,0.0002,1.0
compas-alpha_1-beta_0.0-gamma_0.5,1571660166,442,0.5057,0.0,0.5057,0.83,0.0,1.0
compas-alpha_1-beta_0.0-gamma_0.5,1571660166,443,0.5666,0.0,0.5666,0.73,0.0001,1.0
compas-alpha_1-beta_0.0-gamma_0.5,1571660167,444,0.618,0.0,0.6181,0.7,0.0002,1.0
compas-alpha_1-beta_0.0-gamma_0.5,1571660168,445,0.6489,0.0,0.649,0.7,0.0,1.0
compas-alpha_1-beta_0.0-gamma_0.5,1571660168,446,0.5837,0.0,0.5838,0.7,0.0001,1.0
compas-alpha_1-beta_0.0-gamma_0.5,1571660169,447,0.7003,0.0,0.7004,0.57,0.0001,1.0
compas-alpha_1-beta_0.0-gamma_0.5,1571660170,448,0.7054,0.0,0.7055,0.53,0.0001,1.0
compas-alpha_1-beta_0.0-gamma_0.5,1571660170,449,0.5722,0.0,0.5722,0.7,0.0001,1.0
compas-alpha_1-beta_0.0-gamma_0.5,1571660171,450,0.5557,0.0,0.5557,0.77,0.0,1.0
compas-alpha_1-beta_0.0-gamma_0.5,1571660172,451,0.6486,0.0,0.6486,0.73,0.0001,1.0
compas-alpha_1-beta_0.0-gamma_0.5,1571660172,452,0.6288,0.0,0.6288,0.77,0.0,1.0
compas-alpha_1-beta_0.0-gamma_0.5,1571660173,453,0.5538,0.0,0.554,0.73,0.0002,1.0
compas-alpha_1-beta_0.0-gamma_0.5,1571660174,454,0.5656,0.0,0.5657,0.73,0.0001,1.0
compas-alpha_1-beta_0.0-gamma_0.5,1571660174,455,0.5951,0.0,0.5951,0.77,0.0,1.0
compas-alpha_1-beta_0.0-gamma_0.5,1571660175,456,0.6688,0.0,0.6689,0.57,0.0001,1.0
compas-alpha_1-beta_0.0-gamma_0.5,1571660176,457,0.6287,0.0,0.629,0.67,0.0003,1.0
compas-alpha_1-beta_0.0-gamma_0.5,1571660176,458,0.5539,0.0,0.554,0.7,0.0,1.0
compas-alpha_1-beta_0.0-gamma_0.5,1571660177,459,0.4751,0.0,0.4751,0.8,0.0001,1.0
compas-alpha_1-beta_0.0-gamma_0.5,1571660178,460,0.5967,0.0,0.5967,0.67,0.0001,1.0
compas-alpha_1-beta_0.0-gamma_0.5,1571660179,461,0.5624,0.0,0.5624,0.73,0.0,1.0
compas-alpha_1-beta_0.0-gamma_0.5,1571660179,462,0.6235,0.0,0.6237,0.6,0.0001,1.0
compas-alpha_1-beta_0.0-gamma_0.5,1571660180,463,0.6419,0.0,0.6419,0.6,0.0001,1.0
compas-alpha_1-beta_0.0-gamma_0.5,1571660181,464,0.7274,0.0,0.7276,0.6,0.0002,1.0
compas-alpha_1-beta_0.0-gamma_0.5,1571660181,465,0.4848,0.0,0.4848,0.83,0.0,1.0
compas-alpha_1-beta_0.0-gamma_0.5,1571660182,466,0.5342,0.0,0.5343,0.77,0.0,1.0
compas-alpha_1-beta_0.0-gamma_0.5,1571660183,467,0.5676,0.0,0.5676,0.7,0.0,1.0
compas-alpha_1-beta_0.0-gamma_0.5,1571660183,468,0.71,0.0,0.71,0.63,0.0,1.0
compas-alpha_1-beta_0.0-gamma_0.5,1571660184,469,0.5685,0.0,0.5685,0.83,0.0001,1.0
compas-alpha_1-beta_0.0-gamma_0.5,1571660185,470,0.732,0.0,0.732,0.47,0.0,1.0
compas-alpha_1-beta_0.0-gamma_0.5,1571660185,471,0.5853,0.0,0.5854,0.7,0.0,1.0
compas-alpha_1-beta_0.0-gamma_0.5,1571660186,472,0.6003,0.0,0.6004,0.63,0.0001,1.0
compas-alpha_1-beta_0.0-gamma_0.5,1571660186,473,0.6569,0.0,0.657,0.53,0.0001,1.0
compas-alpha_1-beta_0.0-gamma_0.5,1571660187,474,0.6277,0.0,0.6277,0.63,0.0,1.0
compas-alpha_1-beta_0.0-gamma_0.5,1571660188,475,0.6705,0.0,0.6705,0.63,0.0,1.0
compas-alpha_1-beta_0.0-gamma_0.5,1571660188,476,0.5836,0.0,0.5836,0.77,0.0001,1.0
compas-alpha_1-beta_0.0-gamma_0.5,1571660189,477,0.6491,0.0,0.6491,0.67,0.0,1.0
compas-alpha_1-beta_0.0-gamma_0.5,1571660190,478,0.5589,0.0,0.5589,0.7,0.0,1.0
compas-alpha_1-beta_0.0-gamma_0.5,1571660191,479,0.6087,0.0,0.6087,0.7,0.0001,1.0
compas-alpha_1-beta_0.0-gamma_0.5,1571660191,480,0.681,0.0,0.681,0.63,0.0,1.0
compas-alpha_1-beta_0.0-gamma_0.5,1571660192,481,0.5105,0.0,0.5106,0.83,0.0001,1.0
compas-alpha_1-beta_0.0-gamma_0.5,1571660193,482,0.5677,0.0,0.5677,0.73,0.0,1.0
compas-alpha_1-beta_0.0-gamma_0.5,1571660193,483,0.5475,0.0,0.5476,0.8,0.0001,1.0
compas-alpha_1-beta_0.0-gamma_0.5,1571660194,484,0.6166,0.0,0.6167,0.63,0.0001,1.0
compas-alpha_1-beta_0.0-gamma_0.5,1571660195,485,0.6294,0.0,0.6294,0.7,0.0,1.0
compas-alpha_1-beta_0.0-gamma_0.5,1571660195,486,0.6185,0.0,0.6185,0.6,0.0,1.0
compas-alpha_1-beta_0.0-gamma_0.5,1571660196,487,0.6502,0.0,0.6503,0.57,0.0001,1.0
compas-alpha_1-beta_0.0-gamma_0.5,1571660197,488,0.6492,0.0,0.6492,0.57,0.0,1.0
compas-alpha_1-beta_0.0-gamma_0.5,1571660198,489,0.7683,0.0,0.7684,0.5,0.0,1.0
compas-alpha_1-beta_0.0-gamma_0.5,1571660198,490,0.7355,0.0,0.7355,0.63,0.0,1.0
compas-alpha_1-beta_0.0-gamma_0.5,1571660199,491,0.676,0.0,0.676,0.63,0.0,1.0
compas-alpha_1-beta_0.0-gamma_0.5,1571660199,492,0.6662,0.0,0.6662,0.6,0.0001,1.0
compas-alpha_1-beta_0.0-gamma_0.5,1571660200,493,0.5499,0.0,0.5499,0.73,0.0,1.0
compas-alpha_1-beta_0.0-gamma_0.5,1571660201,494,0.6196,0.0,0.6196,0.67,0.0001,1.0
compas-alpha_1-beta_0.0-gamma_0.5,1571660201,495,0.6621,0.0,0.6621,0.63,0.0,1.0
compas-alpha_1-beta_0.0-gamma_0.5,1571660202,496,0.6773,0.0,0.6774,0.63,0.0,1.0
compas-alpha_1-beta_0.0-gamma_0.5,1571660203,497,0.615,0.0,0.6152,0.7,0.0001,1.0
compas-alpha_1-beta_0.0-gamma_0.5,1571660203,498,0.5484,0.0,0.5484,0.77,0.0,1.0
compas-alpha_1-beta_0.0-gamma_0.5,1571660204,499,0.5903,0.0,0.5904,0.7,0.0001,1.0
compas-alpha_1-beta_0.0-gamma_0.5,1571660205,500,0.6608,0.0,0.6608,0.63,0.0,1.0
compas-alpha_1-beta_0.0-gamma_0.5,1571660206,501,0.5666,0.0,0.5666,0.7,0.0,1.0
compas-alpha_1-beta_0.0-gamma_0.5,1571660206,502,0.6741,0.0,0.6742,0.67,0.0,1.0
compas-alpha_1-beta_0.0-gamma_0.5,1571660207,503,0.5849,0.0,0.5849,0.73,0.0,1.0
compas-alpha_1-beta_0.0-gamma_0.5,1571660208,504,0.6275,0.0,0.6275,0.7,0.0,1.0
compas-alpha_1-beta_0.0-gamma_0.5,1571660209,505,0.7158,0.0,0.7159,0.57,0.0001,1.0
compas-alpha_1-beta_0.0-gamma_0.5,1571660209,506,0.6167,0.0,0.6168,0.73,0.0001,1.0
compas-alpha_1-beta_0.0-gamma_0.5,1571660210,507,0.6051,0.0,0.6053,0.7,0.0001,1.0
compas-alpha_1-beta_0.0-gamma_0.5,1571660211,508,0.5818,0.0,0.5819,0.63,0.0,1.0
compas-alpha_1-beta_0.0-gamma_0.5,1571660211,509,0.6611,0.0,0.6613,0.57,0.0001,1.0
compas-alpha_1-beta_0.0-gamma_0.5,1571660212,510,0.6658,0.0,0.6659,0.7,0.0,1.0
compas-alpha_1-beta_0.0-gamma_0.5,1571660213,511,0.6443,0.0,0.6443,0.73,0.0,1.0
compas-alpha_1-beta_0.0-gamma_0.5,1571660213,512,0.5806,0.0,0.5806,0.73,0.0,1.0
compas-alpha_1-beta_0.0-gamma_0.5,1571660214,513,0.6366,0.0,0.6367,0.63,0.0001,1.0
compas-alpha_1-beta_0.0-gamma_0.5,1571660214,514,0.726,0.0,0.726,0.57,0.0,1.0
compas-alpha_1-beta_0.0-gamma_0.5,1571660215,515,0.7147,0.0,0.7147,0.5,0.0,1.0
compas-alpha_1-beta_0.0-gamma_0.5,1571660216,516,0.6176,0.0,0.6176,0.73,0.0,1.0
compas-alpha_1-beta_0.0-gamma_0.5,1571660216,517,0.7284,0.0,0.7284,0.53,0.0,1.0
compas-alpha_1-beta_0.0-gamma_0.5,1571660217,518,0.5588,0.0,0.5588,0.8,0.0,1.0
compas-alpha_1-beta_0.0-gamma_0.5,1571660218,519,0.579,0.0,0.5791,0.73,0.0001,1.0
compas-alpha_1-beta_0.0-gamma_0.5,1571660218,520,0.5946,0.0,0.5948,0.67,0.0001,1.0
compas-alpha_1-beta_0.0-gamma_0.5,1571660219,521,0.6854,0.0,0.6854,0.63,0.0001,1.0
compas-alpha_1-beta_0.0-gamma_0.5,1571660220,522,0.5665,0.0,0.5666,0.77,0.0001,1.0
compas-alpha_1-beta_0.0-gamma_0.5,1571660220,523,0.6264,0.0,0.6264,0.57,0.0,1.0
compas-alpha_1-beta_0.0-gamma_0.5,1571660221,524,0.4672,0.0,0.4672,0.83,0.0,1.0
compas-alpha_1-beta_0.0-gamma_0.5,1571660222,525,0.6126,0.0,0.6126,0.77,0.0,1.0
compas-alpha_1-beta_0.0-gamma_0.5,1571660222,526,0.6496,0.0,0.6496,0.57,0.0,1.0
compas-alpha_1-beta_0.0-gamma_0.5,1571660223,527,0.6065,0.0,0.6065,0.67,0.0,1.0
compas-alpha_1-beta_0.0-gamma_0.5,1571660223,528,0.5409,0.0,0.541,0.77,0.0001,1.0
compas-alpha_1-beta_0.0-gamma_0.5,1571660224,529,0.5828,0.0,0.5828,0.63,0.0,1.0
compas-alpha_1-beta_0.0-gamma_0.5,1571660225,530,0.5826,0.0,0.5827,0.7,0.0001,1.0
compas-alpha_1-beta_0.0-gamma_0.5,1571660225,531,0.6693,0.0,0.6693,0.67,0.0001,1.0
compas-alpha_1-beta_0.0-gamma_0.5,1571660226,532,0.5858,0.0,0.5858,0.63,0.0,1.0
compas-alpha_1-beta_0.0-gamma_0.5,1571660227,533,0.6801,0.0,0.6801,0.7,0.0,1.0
compas-alpha_1-beta_0.0-gamma_0.5,1571660227,534,0.7386,0.0,0.7387,0.57,0.0001,1.0
compas-alpha_1-beta_0.0-gamma_0.5,1571660228,535,0.6644,0.0,0.6644,0.63,0.0,1.0
compas-alpha_1-beta_0.0-gamma_0.5,1571660229,536,0.6394,0.0,0.6396,0.6,0.0002,1.0
compas-alpha_1-beta_0.0-gamma_0.5,1571660229,537,0.6757,0.0,0.6757,0.63,0.0,1.0
compas-alpha_1-beta_0.0-gamma_0.5,1571660230,538,0.6365,0.0,0.6366,0.57,0.0,1.0
compas-alpha_1-beta_0.0-gamma_0.5,1571660231,539,0.6533,0.0,0.6534,0.7,0.0,1.0
compas-alpha_1-beta_0.0-gamma_0.5,1571660231,540,0.6004,0.0,0.6008,0.63,0.0003,1.0
compas-alpha_1-beta_0.0-gamma_0.5,1571660232,541,0.6508,0.0,0.6508,0.63,0.0,1.0
compas-alpha_1-beta_0.0-gamma_0.5,1571660233,542,0.6269,0.0,0.627,0.77,0.0001,1.0
compas-alpha_1-beta_0.0-gamma_0.5,1571660233,543,0.6209,0.0,0.6209,0.63,0.0,1.0
compas-alpha_1-beta_0.0-gamma_0.5,1571660234,544,0.6304,0.0,0.6305,0.6,0.0,1.0
compas-alpha_1-beta_0.0-gamma_0.5,1571660234,545,0.7469,0.0,0.7469,0.57,0.0,1.0
compas-alpha_1-beta_0.0-gamma_0.5,1571660235,546,0.5672,0.0,0.5672,0.73,0.0,1.0
compas-alpha_1-beta_0.0-gamma_0.5,1571660236,547,0.6576,0.0,0.6576,0.7,0.0,1.0
compas-alpha_1-beta_0.0-gamma_0.5,1571660236,548,0.7347,0.0,0.7347,0.6,0.0,1.0
compas-alpha_1-beta_0.0-gamma_0.5,1571660237,549,0.7152,0.0,0.7152,0.53,0.0,1.0
compas-alpha_1-beta_0.0-gamma_0.5,1571660238,550,0.7072,0.0,0.7072,0.57,0.0,1.0
compas-alpha_1-beta_0.0-gamma_0.5,1571660238,551,0.6105,0.0,0.6105,0.67,0.0,1.0
compas-alpha_1-beta_0.0-gamma_0.5,1571660239,552,0.5757,0.0,0.5757,0.67,0.0,1.0
compas-alpha_1-beta_0.0-gamma_0.5,1571660240,553,0.6404,0.0,0.6404,0.6,0.0,1.0
compas-alpha_1-beta_0.0-gamma_0.5,1571660240,554,0.6972,0.0,0.6972,0.57,0.0,1.0
compas-alpha_1-beta_0.0-gamma_0.5,1571660241,555,0.5838,0.0,0.5838,0.7,0.0,1.0
compas-alpha_1-beta_0.0-gamma_0.5,1571660242,556,0.644,0.0,0.6441,0.57,0.0001,1.0
compas-alpha_1-beta_0.0-gamma_0.5,1571660242,557,0.4994,0.0,0.4994,0.83,0.0,1.0
compas-alpha_1-beta_0.0-gamma_0.5,1571660243,558,0.5035,0.0,0.5035,0.87,0.0,1.0
compas-alpha_1-beta_0.0-gamma_0.5,1571660244,559,0.6271,0.0,0.6271,0.7,0.0,1.0
compas-alpha_1-beta_0.0-gamma_0.5,1571660244,560,0.5317,0.0,0.5317,0.73,0.0,1.0
compas-alpha_1-beta_0.0-gamma_0.5,1571660245,561,0.6601,0.0,0.6601,0.7,0.0,1.0
compas-alpha_1-beta_0.0-gamma_0.5,1571660245,562,0.6172,0.0,0.6172,0.7,0.0,1.0
compas-alpha_1-beta_0.0-gamma_0.5,1571660246,563,0.587,0.0,0.5871,0.73,0.0001,1.0
compas-alpha_1-beta_0.0-gamma_0.5,1571660247,564,0.663,0.0,0.663,0.67,0.0,1.0
compas-alpha_1-beta_0.0-gamma_0.5,1571660247,565,0.5566,0.0,0.5566,0.7,0.0,1.0
compas-alpha_1-beta_0.0-gamma_0.5,1571660248,566,0.6068,0.0,0.6069,0.73,0.0,1.0
compas-alpha_1-beta_0.0-gamma_0.5,1571660249,567,0.6807,0.0,0.6807,0.57,0.0,1.0
compas-alpha_1-beta_0.0-gamma_0.5,1571660249,568,0.5936,0.0,0.5937,0.63,0.0,1.0
compas-alpha_1-beta_0.0-gamma_0.5,1571660250,569,0.6702,0.0,0.6702,0.5,0.0,1.0
compas-alpha_1-beta_0.0-gamma_0.5,1571660251,570,0.5588,0.0,0.5588,0.77,0.0,1.0
compas-alpha_1-beta_0.0-gamma_0.5,1571660251,571,0.5346,0.0,0.5346,0.8,0.0,1.0
compas-alpha_1-beta_0.0-gamma_0.5,1571660252,572,0.6219,0.0,0.6219,0.73,0.0,1.0
compas-alpha_1-beta_0.0-gamma_0.5,1571660253,573,0.6429,0.0,0.6431,0.63,0.0002,1.0
compas-alpha_1-beta_0.0-gamma_0.5,1571660253,574,0.5975,0.0,0.5975,0.7,0.0,1.0
compas-alpha_1-beta_0.0-gamma_0.5,1571660254,575,0.5647,0.0,0.5647,0.8,0.0,1.0
compas-alpha_1-beta_0.0-gamma_0.5,1571660255,576,0.5894,0.0,0.5894,0.7,0.0,1.0
compas-alpha_1-beta_0.0-gamma_0.5,1571660255,577,0.6007,0.0,0.6007,0.8,0.0,1.0
compas-alpha_1-beta_0.0-gamma_0.5,1571660256,578,0.6448,0.0,0.6448,0.6,0.0,1.0
compas-alpha_1-beta_0.0-gamma_0.5,1571660257,579,0.7398,0.0,0.7398,0.67,0.0,1.0
compas-alpha_1-beta_0.0-gamma_0.5,1571660257,580,0.5533,0.0,0.5533,0.77,0.0,1.0
compas-alpha_1-beta_0.0-gamma_0.5,1571660258,581,0.6366,0.0,0.6366,0.7,0.0,1.0
compas-alpha_1-beta_0.0-gamma_0.5,1571660259,582,0.6009,0.0,0.6009,0.7,0.0,1.0
compas-alpha_1-beta_0.0-gamma_0.5,1571660259,583,0.6294,0.0,0.6294,0.73,0.0,1.0
compas-alpha_1-beta_0.0-gamma_0.5,1571660260,584,0.7002,0.0,0.7002,0.6,0.0,1.0
compas-alpha_1-beta_0.0-gamma_0.5,1571660261,585,0.627,0.0,0.627,0.67,0.0,1.0
compas-alpha_1-beta_0.0-gamma_0.5,1571660261,586,0.5858,0.0,0.5858,0.77,0.0,1.0
compas-alpha_1-beta_0.0-gamma_0.5,1571660262,587,0.6686,0.0,0.6686,0.63,0.0,1.0
compas-alpha_1-beta_0.0-gamma_0.5,1571660263,588,0.6444,0.0,0.6444,0.6,0.0,1.0
compas-alpha_1-beta_0.0-gamma_0.5,1571660263,589,0.6761,0.0,0.6761,0.63,0.0,1.0
compas-alpha_1-beta_0.0-gamma_0.5,1571660264,590,0.6345,0.0,0.6345,0.53,0.0,1.0
compas-alpha_1-beta_0.0-gamma_0.5,1571660264,591,0.7462,0.0,0.7462,0.6,0.0,1.0
compas-alpha_1-beta_0.0-gamma_0.5,1571660265,592,0.6235,0.0,0.6235,0.7,0.0,1.0
compas-alpha_1-beta_0.0-gamma_0.5,1571660266,593,0.5911,0.0,0.5911,0.77,0.0,1.0
compas-alpha_1-beta_0.0-gamma_0.5,1571660266,594,0.7281,0.0,0.7281,0.57,0.0,1.0
compas-alpha_1-beta_0.0-gamma_0.5,1571660267,595,0.5467,0.0,0.5467,0.77,0.0,1.0
compas-alpha_1-beta_0.0-gamma_0.5,1571660268,596,0.6229,0.0,0.6229,0.67,0.0,1.0
compas-alpha_1-beta_0.0-gamma_0.5,1571660268,597,0.6976,0.0,0.6976,0.53,0.0,1.0
compas-alpha_1-beta_0.0-gamma_0.5,1571660269,598,0.6011,0.0,0.6011,0.63,0.0,1.0
compas-alpha_1-beta_0.0-gamma_0.5,1571660270,599,0.5534,0.0,0.5534,0.77,0.0,1.0
compas-alpha_1-beta_0.0-gamma_0.5,1571660270,600,0.6566,0.0,0.6566,0.67,0.0,1.0
compas-alpha_1-beta_0.0-gamma_0.5,1571660271,601,0.5396,0.0,0.5396,0.73,0.0,1.0
compas-alpha_1-beta_0.0-gamma_0.5,1571660272,602,0.5624,0.0,0.5624,0.73,0.0,1.0
compas-alpha_1-beta_0.0-gamma_0.5,1571660273,603,0.5648,0.0,0.5648,0.67,0.0,1.0
compas-alpha_1-beta_0.0-gamma_0.5,1571660273,604,0.6257,0.0,0.6258,0.7,0.0,1.0
compas-alpha_1-beta_0.0-gamma_0.5,1571660274,605,0.5801,0.0,0.5801,0.63,0.0,1.0
compas-alpha_1-beta_0.0-gamma_0.5,1571660274,606,0.5766,0.0,0.5766,0.73,0.0,1.0
compas-alpha_1-beta_0.0-gamma_0.5,1571660275,607,0.5431,0.0,0.5432,0.83,0.0,1.0
compas-alpha_1-beta_0.0-gamma_0.5,1571660276,608,0.5627,0.0,0.5627,0.73,0.0,1.0
compas-alpha_1-beta_0.0-gamma_0.5,1571660276,609,0.5291,0.0,0.5291,0.8,0.0,1.0
compas-alpha_1-beta_0.0-gamma_0.5,1571660277,610,0.5095,0.0,0.5096,0.77,0.0,1.0
compas-alpha_1-beta_0.0-gamma_0.5,1571660278,611,0.7036,0.0,0.7036,0.47,0.0,1.0
compas-alpha_1-beta_0.0-gamma_0.5,1571660278,612,0.687,0.0,0.6871,0.67,0.0,1.0
compas-alpha_1-beta_0.0-gamma_0.5,1571660279,613,0.5908,0.0,0.5908,0.73,0.0,1.0
compas-alpha_1-beta_0.0-gamma_0.5,1571660280,614,0.6065,0.0,0.6065,0.7,0.0,1.0
compas-alpha_1-beta_0.0-gamma_0.5,1571660280,615,0.6553,0.0,0.6553,0.63,0.0,1.0
compas-alpha_1-beta_0.0-gamma_0.5,1571660281,616,0.6454,0.0,0.6454,0.6,0.0,1.0
compas-alpha_1-beta_0.0-gamma_0.5,1571660282,617,0.6027,0.0,0.6027,0.63,0.0,1.0
compas-alpha_1-beta_0.0-gamma_0.5,1571660282,618,0.599,0.0,0.599,0.7,0.0,1.0
compas-alpha_1-beta_0.0-gamma_0.5,1571660283,619,0.673,0.0,0.673,0.67,0.0,1.0
compas-alpha_1-beta_0.0-gamma_0.5,1571660284,620,0.7289,0.0,0.7289,0.5,0.0,1.0
compas-alpha_1-beta_0.0-gamma_0.5,1571660284,621,0.5771,0.0,0.5771,0.77,0.0,1.0
compas-alpha_1-beta_0.0-gamma_0.5,1571660285,622,0.6136,0.0,0.6136,0.67,0.0,1.0
compas-alpha_1-beta_0.0-gamma_0.5,1571660286,623,0.5944,0.0,0.5944,0.7,0.0,1.0
compas-alpha_1-beta_0.0-gamma_0.5,1571660286,624,0.6513,0.0,0.6513,0.63,0.0,1.0
compas-alpha_1-beta_0.0-gamma_0.5,1571660287,625,0.6736,0.0,0.6736,0.6,0.0,1.0
compas-alpha_1-beta_0.0-gamma_0.5,1571660288,626,0.6147,0.0,0.6147,0.7,0.0,1.0
compas-alpha_1-beta_0.0-gamma_0.5,1571660288,627,0.6239,0.0,0.6239,0.67,0.0,1.0
compas-alpha_1-beta_0.0-gamma_0.5,1571660289,628,0.666,0.0,0.666,0.7,0.0,1.0
compas-alpha_1-beta_0.0-gamma_0.5,1571660290,629,0.5768,0.0,0.5768,0.77,0.0,1.0
compas-alpha_1-beta_0.0-gamma_0.5,1571660290,630,0.5835,0.0,0.5835,0.73,0.0,1.0
compas-alpha_1-beta_0.0-gamma_0.5,1571660291,631,0.6668,0.0,0.6668,0.53,0.0,1.0
compas-alpha_1-beta_0.0-gamma_0.5,1571660292,632,0.6208,0.0,0.6208,0.7,0.0,1.0
compas-alpha_1-beta_0.0-gamma_0.5,1571660292,633,0.671,0.0,0.671,0.63,0.0,1.0
compas-alpha_1-beta_0.0-gamma_0.5,1571660293,634,0.6937,0.0,0.6937,0.6,0.0,1.0
compas-alpha_1-beta_0.0-gamma_0.5,1571660294,635,0.6109,0.0,0.6109,0.67,0.0,1.0
compas-alpha_1-beta_0.0-gamma_0.5,1571660294,636,0.6386,0.0,0.6386,0.53,0.0,1.0
compas-alpha_1-beta_0.0-gamma_0.5,1571660295,637,0.6609,0.0,0.6609,0.77,0.0,1.0
compas-alpha_1-beta_0.0-gamma_0.5,1571660296,638,0.7416,0.0,0.7417,0.6,0.0,1.0
compas-alpha_1-beta_0.0-gamma_0.5,1571660296,639,0.6701,0.0,0.6701,0.7,0.0,1.0
compas-alpha_1-beta_0.0-gamma_0.5,1571660297,640,0.663,0.0,0.6631,0.67,0.0,1.0
compas-alpha_1-beta_0.0-gamma_0.5,1571660298,641,0.6584,0.0,0.6584,0.63,0.0,1.0
compas-alpha_1-beta_0.0-gamma_0.5,1571660298,642,0.535,0.0,0.535,0.73,0.0,1.0
compas-alpha_1-beta_0.0-gamma_0.5,1571660299,643,0.6707,0.0,0.6707,0.57,0.0,1.0
compas-alpha_1-beta_0.0-gamma_0.5,1571660300,644,0.6108,0.0,0.6108,0.63,0.0,1.0
compas-alpha_1-beta_0.0-gamma_0.5,1571660300,645,0.6365,0.0,0.6365,0.63,0.0,1.0
compas-alpha_1-beta_0.0-gamma_0.5,1571660301,646,0.6064,0.0,0.6064,0.6,0.0,1.0
compas-alpha_1-beta_0.0-gamma_0.5,1571660302,647,0.5236,0.0,0.5236,0.7,0.0,1.0
compas-alpha_1-beta_0.0-gamma_0.5,1571660302,648,0.6324,0.0,0.6324,0.67,0.0,1.0
compas-alpha_1-beta_0.0-gamma_0.5,1571660303,649,0.6016,0.0,0.6016,0.73,0.0,1.0
compas-alpha_1-beta_0.0-gamma_0.5,1571660303,650,0.5979,0.0,0.5979,0.67,0.0,1.0
compas-alpha_1-beta_0.0-gamma_0.5,1571660304,651,0.6461,0.0,0.6461,0.63,0.0,1.0
compas-alpha_1-beta_0.0-gamma_0.5,1571660305,652,0.5724,0.0,0.5724,0.73,0.0,1.0
compas-alpha_1-beta_0.0-gamma_0.5,1571660305,653,0.5385,0.0,0.5385,0.67,0.0,1.0
compas-alpha_1-beta_0.0-gamma_0.5,1571660306,654,0.7036,0.0,0.7036,0.57,0.0,1.0
compas-alpha_1-beta_0.0-gamma_0.5,1571660307,655,0.6132,0.0,0.6132,0.63,0.0,1.0
compas-alpha_1-beta_0.0-gamma_0.5,1571660307,656,0.632,0.0,0.632,0.63,0.0,1.0
compas-alpha_1-beta_0.0-gamma_0.5,1571660308,657,0.5944,0.0,0.5944,0.7,0.0,1.0
compas-alpha_1-beta_0.0-gamma_0.5,1571660308,658,0.7812,0.0,0.7812,0.47,0.0,1.0
compas-alpha_1-beta_0.0-gamma_0.5,1571660309,659,0.5088,0.0,0.5088,0.83,0.0,1.0
compas-alpha_1-beta_0.0-gamma_0.5,1571660310,660,0.5622,0.0,0.5623,0.7,0.0001,1.0
compas-alpha_1-beta_0.0-gamma_0.5,1571660310,661,0.634,0.0,0.634,0.7,0.0,1.0
compas-alpha_1-beta_0.0-gamma_0.5,1571660311,662,0.5321,0.0,0.5321,0.83,0.0,1.0
compas-alpha_1-beta_0.0-gamma_0.5,1571660312,663,0.627,0.0,0.627,0.53,0.0,1.0
compas-alpha_1-beta_0.0-gamma_0.5,1571660312,664,0.5717,0.0,0.5717,0.77,0.0,1.0
compas-alpha_1-beta_0.0-gamma_0.5,1571660313,665,0.6141,0.0,0.6141,0.63,0.0,1.0
compas-alpha_1-beta_0.0-gamma_0.5,1571660314,666,0.6298,0.0,0.6298,0.63,0.0,1.0
compas-alpha_1-beta_0.0-gamma_0.5,1571660314,667,0.6475,0.0,0.6476,0.63,0.0,1.0
compas-alpha_1-beta_0.0-gamma_0.5,1571660315,668,0.6192,0.0,0.6192,0.7,0.0,1.0
compas-alpha_1-beta_0.0-gamma_0.5,1571660316,669,0.5539,0.0,0.5539,0.77,0.0,1.0
compas-alpha_1-beta_0.0-gamma_0.5,1571660317,670,0.6663,0.0,0.6664,0.63,0.0,1.0
compas-alpha_1-beta_0.0-gamma_0.5,1571660317,671,0.6411,0.0,0.6411,0.67,0.0,1.0
compas-alpha_1-beta_0.0-gamma_0.5,1571660318,672,0.5809,0.0,0.5809,0.57,0.0,1.0
compas-alpha_1-beta_0.0-gamma_0.5,1571660319,673,0.5538,0.0,0.5538,0.77,0.0,1.0
compas-alpha_1-beta_0.0-gamma_0.5,1571660319,674,0.6056,0.0,0.6056,0.63,0.0,1.0
compas-alpha_1-beta_0.0-gamma_0.5,1571660320,675,0.5663,0.0,0.5663,0.73,0.0,1.0
compas-alpha_1-beta_0.0-gamma_0.5,1571660321,676,0.6637,0.0,0.6637,0.73,0.0,1.0
compas-alpha_1-beta_0.0-gamma_0.5,1571660322,677,0.658,0.0,0.658,0.73,0.0,1.0
compas-alpha_1-beta_0.0-gamma_0.5,1571660322,678,0.7299,0.0,0.7299,0.57,0.0,1.0
compas-alpha_1-beta_0.0-gamma_0.5,1571660323,679,0.6436,0.0,0.6436,0.67,0.0,1.0
compas-alpha_1-beta_0.0-gamma_0.5,1571660324,680,0.6191,0.0,0.6191,0.67,0.0,1.0
compas-alpha_1-beta_0.0-gamma_0.5,1571660325,681,0.5899,0.0,0.5899,0.73,0.0,1.0
compas-alpha_1-beta_0.0-gamma_0.5,1571660325,682,0.5788,0.0,0.5788,0.73,0.0,1.0
compas-alpha_1-beta_0.0-gamma_0.5,1571660326,683,0.5608,0.0,0.5608,0.7,0.0,1.0
compas-alpha_1-beta_0.0-gamma_0.5,1571660327,684,0.6906,0.0,0.6906,0.67,0.0,1.0
compas-alpha_1-beta_0.0-gamma_0.5,1571660327,685,0.5834,0.0,0.5835,0.73,0.0001,1.0
compas-alpha_1-beta_0.0-gamma_0.5,1571660328,686,0.6263,0.0,0.6263,0.63,0.0,1.0
compas-alpha_1-beta_0.0-gamma_0.5,1571660329,687,0.5884,0.0,0.5884,0.7,0.0,1.0
compas-alpha_1-beta_0.0-gamma_0.5,1571660329,688,0.596,0.0,0.596,0.77,0.0,1.0
compas-alpha_1-beta_0.0-gamma_0.5,1571660330,689,0.5551,0.0,0.5551,0.73,0.0,1.0
compas-alpha_1-beta_0.0-gamma_0.5,1571660331,690,0.7046,0.0,0.7046,0.6,0.0,1.0
compas-alpha_1-beta_0.0-gamma_0.5,1571660331,691,0.6912,0.0,0.6912,0.57,0.0,1.0
compas-alpha_1-beta_0.0-gamma_0.5,1571660332,692,0.7229,0.0,0.723,0.57,0.0,1.0
compas-alpha_1-beta_0.0-gamma_0.5,1571660332,693,0.6858,0.0,0.6858,0.63,0.0,1.0
compas-alpha_1-beta_0.0-gamma_0.5,1571660333,694,0.5493,0.0,0.5494,0.8,0.0,1.0
compas-alpha_1-beta_0.0-gamma_0.5,1571660334,695,0.6048,0.0,0.6048,0.67,0.0,1.0
compas-alpha_1-beta_0.0-gamma_0.5,1571660334,696,0.6429,0.0,0.6429,0.6,0.0,1.0
compas-alpha_1-beta_0.0-gamma_0.5,1571660335,697,0.6453,0.0,0.6453,0.63,0.0,1.0
compas-alpha_1-beta_0.0-gamma_0.5,1571660336,698,0.621,0.0,0.621,0.73,0.0,1.0
compas-alpha_1-beta_0.0-gamma_0.5,1571660336,699,0.534,0.0,0.534,0.8,0.0,1.0
compas-alpha_1-beta_0.0-gamma_0.5,1571660337,700,0.5945,0.0,0.5945,0.67,0.0,1.0
compas-alpha_1-beta_0.0-gamma_0.5,1571660338,701,0.5214,0.0,0.5214,0.73,0.0,1.0
compas-alpha_1-beta_0.0-gamma_0.5,1571660339,702,0.7589,0.0,0.7589,0.53,0.0,1.0
compas-alpha_1-beta_0.0-gamma_0.5,1571660339,703,0.5996,0.0,0.5996,0.63,0.0,1.0
compas-alpha_1-beta_0.0-gamma_0.5,1571660340,704,0.6694,0.0,0.6695,0.63,0.0,1.0
compas-alpha_1-beta_0.0-gamma_0.5,1571660341,705,0.6035,0.0,0.6035,0.73,0.0,1.0
compas-alpha_1-beta_0.0-gamma_0.5,1571660341,706,0.6639,0.0,0.6639,0.7,0.0,1.0
compas-alpha_1-beta_0.0-gamma_0.5,1571660342,707,0.6221,0.0,0.6221,0.7,0.0,1.0
compas-alpha_1-beta_0.0-gamma_0.5,1571660343,708,0.6636,0.0,0.6636,0.6,0.0,1.0
compas-alpha_1-beta_0.0-gamma_0.5,1571660343,709,0.6097,0.0,0.6097,0.63,0.0,1.0
compas-alpha_1-beta_0.0-gamma_0.5,1571660344,710,0.6649,0.0,0.6649,0.57,0.0,1.0
compas-alpha_1-beta_0.0-gamma_0.5,1571660344,711,0.6996,0.0,0.6996,0.57,0.0,1.0
compas-alpha_1-beta_0.0-gamma_0.5,1571660345,712,0.6737,0.0,0.6737,0.73,0.0,1.0
compas-alpha_1-beta_0.0-gamma_0.5,1571660346,713,0.5408,0.0,0.5409,0.7,0.0,1.0
compas-alpha_1-beta_0.0-gamma_0.5,1571660346,714,0.7082,0.0,0.7082,0.63,0.0,1.0
compas-alpha_1-beta_0.0-gamma_0.5,1571660347,715,0.546,0.0,0.546,0.73,0.0,1.0
compas-alpha_1-beta_0.0-gamma_0.5,1571660348,716,0.7315,0.0,0.7315,0.57,0.0,1.0
compas-alpha_1-beta_0.0-gamma_0.5,1571660348,717,0.6223,0.0,0.6223,0.63,0.0,1.0
compas-alpha_1-beta_0.0-gamma_0.5,1571660349,718,0.5326,0.0,0.5326,0.77,0.0,1.0
compas-alpha_1-beta_0.0-gamma_0.5,1571660350,719,0.5878,0.0,0.5878,0.67,0.0,1.0
compas-alpha_1-beta_0.0-gamma_0.5,1571660350,720,0.6188,0.0,0.6188,0.57,0.0,1.0
compas-alpha_1-beta_0.0-gamma_0.5,1571660351,721,0.579,0.0,0.579,0.7,0.0,1.0
compas-alpha_1-beta_0.0-gamma_0.5,1571660352,722,0.6844,0.0,0.6844,0.53,0.0,1.0
compas-alpha_1-beta_0.0-gamma_0.5,1571660352,723,0.6045,0.0,0.6045,0.67,0.0,1.0
compas-alpha_1-beta_0.0-gamma_0.5,1571660353,724,0.5535,0.0,0.5535,0.73,0.0,1.0
compas-alpha_1-beta_0.0-gamma_0.5,1571660353,725,0.6193,0.0,0.6193,0.63,0.0,1.0
compas-alpha_1-beta_0.0-gamma_0.5,1571660354,726,0.6929,0.0,0.6929,0.6,0.0,1.0
compas-alpha_1-beta_0.0-gamma_0.5,1571660355,727,0.5303,0.0,0.5303,0.73,0.0,1.0
compas-alpha_1-beta_0.0-gamma_0.5,1571660355,728,0.6814,0.0,0.6814,0.53,0.0,1.0
compas-alpha_1-beta_0.0-gamma_0.5,1571660356,729,0.5247,0.0,0.5247,0.77,0.0,1.0
compas-alpha_1-beta_0.0-gamma_0.5,1571660357,730,0.479,0.0,0.479,0.9,0.0,1.0
compas-alpha_1-beta_0.0-gamma_0.5,1571660357,731,0.5581,0.0,0.5581,0.67,0.0,1.0
compas-alpha_1-beta_0.0-gamma_0.5,1571660358,732,0.6245,0.0,0.6245,0.67,0.0,1.0
compas-alpha_1-beta_0.0-gamma_0.5,1571660359,733,0.6532,0.0,0.6532,0.67,0.0,1.0
compas-alpha_1-beta_0.0-gamma_0.5,1571660359,734,0.6102,0.0,0.6102,0.73,0.0,1.0
compas-alpha_1-beta_0.0-gamma_0.5,1571660360,735,0.6194,0.0,0.6194,0.67,0.0,1.0
compas-alpha_1-beta_0.0-gamma_0.5,1571660360,736,0.6221,0.0,0.6221,0.67,0.0,1.0
compas-alpha_1-beta_0.0-gamma_0.5,1571660361,737,0.6708,0.0,0.6708,0.6,0.0,1.0
compas-alpha_1-beta_0.0-gamma_0.5,1571660362,738,0.6368,0.0,0.6368,0.63,0.0,1.0
compas-alpha_1-beta_0.0-gamma_0.5,1571660362,739,0.6049,0.0,0.6049,0.67,0.0,1.0
compas-alpha_1-beta_0.0-gamma_0.5,1571660363,740,0.5206,0.0,0.5206,0.8,0.0,1.0
compas-alpha_1-beta_0.0-gamma_0.5,1571660364,741,0.5856,0.0,0.5856,0.7,0.0,1.0
compas-alpha_1-beta_0.0-gamma_0.5,1571660364,742,0.5885,0.0,0.5885,0.7,0.0,1.0
compas-alpha_1-beta_0.0-gamma_0.5,1571660365,743,0.5408,0.0,0.5408,0.7,0.0,1.0
compas-alpha_1-beta_0.0-gamma_0.5,1571660366,744,0.6383,0.0,0.6383,0.6,0.0,1.0
compas-alpha_1-beta_0.0-gamma_0.5,1571660366,745,0.6054,0.0,0.6054,0.63,0.0,1.0
compas-alpha_1-beta_0.0-gamma_0.5,1571660367,746,0.6529,0.0,0.6529,0.6,0.0,1.0
compas-alpha_1-beta_0.0-gamma_0.5,1571660367,747,0.5755,0.0,0.5755,0.73,0.0,1.0
compas-alpha_1-beta_0.0-gamma_0.5,1571660368,748,0.5818,0.0,0.5818,0.63,0.0,1.0
compas-alpha_1-beta_0.0-gamma_0.5,1571660369,749,0.6753,0.0,0.6753,0.6,0.0,1.0
compas-alpha_1-beta_0.0-gamma_0.5,1571660369,750,0.6128,0.0,0.6128,0.63,0.0,1.0
compas-alpha_1-beta_0.0-gamma_0.5,1571660370,751,0.5187,0.0,0.5187,0.77,0.0,1.0
compas-alpha_1-beta_0.0-gamma_0.5,1571660370,752,0.5567,0.0,0.5567,0.7,0.0,1.0
compas-alpha_1-beta_0.0-gamma_0.5,1571660371,753,0.5795,0.0,0.5795,0.73,0.0,1.0
compas-alpha_1-beta_0.0-gamma_0.5,1571660372,754,0.5688,0.0,0.5688,0.77,0.0,1.0
compas-alpha_1-beta_0.0-gamma_0.5,1571660372,755,0.6133,0.0,0.6133,0.63,0.0,1.0
compas-alpha_1-beta_0.0-gamma_0.5,1571660373,756,0.6151,0.0,0.6151,0.77,0.0,1.0
compas-alpha_1-beta_0.0-gamma_0.5,1571660373,757,0.5756,0.0,0.5756,0.77,0.0,1.0
compas-alpha_1-beta_0.0-gamma_0.5,1571660374,758,0.621,0.0,0.621,0.73,0.0,1.0
compas-alpha_1-beta_0.0-gamma_0.5,1571660374,759,0.5264,0.0,0.5264,0.83,0.0,1.0
compas-alpha_1-beta_0.0-gamma_0.5,1571660375,760,0.5841,0.0,0.5842,0.67,0.0,1.0
compas-alpha_1-beta_0.0-gamma_0.5,1571660375,761,0.7155,0.0,0.7155,0.67,0.0,1.0
compas-alpha_1-beta_0.0-gamma_0.5,1571660376,762,0.6947,0.0,0.6947,0.6,0.0,1.0
compas-alpha_1-beta_0.0-gamma_0.5,1571660377,763,0.6137,0.0,0.6137,0.63,0.0,1.0
compas-alpha_1-beta_0.0-gamma_0.5,1571660377,764,0.5336,0.0,0.5336,0.8,0.0,1.0
compas-alpha_1-beta_0.0-gamma_0.5,1571660378,765,0.6776,0.0,0.6776,0.6,0.0,1.0
compas-alpha_1-beta_0.0-gamma_0.5,1571660378,766,0.6086,0.0,0.6086,0.63,0.0,1.0
compas-alpha_1-beta_0.0-gamma_0.5,1571660379,767,0.7074,0.0,0.7074,0.53,0.0,1.0
compas-alpha_1-beta_0.0-gamma_0.5,1571660380,768,0.5286,0.0,0.5286,0.77,0.0,1.0
compas-alpha_1-beta_0.0-gamma_0.5,1571660380,769,0.5691,0.0,0.5691,0.77,0.0,1.0
compas-alpha_1-beta_0.0-gamma_0.5,1571660381,770,0.6305,0.0,0.6305,0.67,0.0,1.0
compas-alpha_1-beta_0.0-gamma_0.5,1571660381,771,0.7714,0.0,0.7714,0.53,0.0,1.0
compas-alpha_1-beta_0.0-gamma_0.5,1571660382,772,0.5077,0.0,0.5077,0.8,0.0,1.0
compas-alpha_1-beta_0.0-gamma_0.5,1571660382,773,0.6258,0.0,0.6258,0.67,0.0,1.0
compas-alpha_1-beta_0.0-gamma_0.5,1571660383,774,0.6007,0.0,0.6007,0.67,0.0,1.0
compas-alpha_1-beta_0.0-gamma_0.5,1571660383,775,0.6176,0.0,0.6176,0.67,0.0,1.0
compas-alpha_1-beta_0.0-gamma_0.5,1571660384,776,0.6903,0.0,0.6903,0.53,0.0,1.0
compas-alpha_1-beta_0.0-gamma_0.5,1571660384,777,0.6075,0.0,0.6075,0.67,0.0,1.0
compas-alpha_1-beta_0.0-gamma_0.5,1571660385,778,0.6895,0.0,0.6895,0.6,0.0,1.0
compas-alpha_1-beta_0.0-gamma_0.5,1571660385,779,0.6508,0.0,0.6508,0.7,0.0,1.0
compas-alpha_1-beta_0.0-gamma_0.5,1571660386,780,0.6397,0.0,0.6397,0.6,0.0,1.0
compas-alpha_1-beta_0.0-gamma_0.5,1571660386,781,0.5625,0.0,0.5625,0.73,0.0,1.0
compas-alpha_1-beta_0.0-gamma_0.5,1571660387,782,0.6705,0.0,0.6705,0.57,0.0,1.0
compas-alpha_1-beta_0.0-gamma_0.5,1571660388,783,0.6315,0.0,0.6315,0.6,0.0,1.0
compas-alpha_1-beta_0.0-gamma_0.5,1571660388,784,0.6283,0.0,0.6283,0.67,0.0,1.0
compas-alpha_1-beta_0.0-gamma_0.5,1571660389,785,0.5815,0.0,0.5815,0.77,0.0,1.0
compas-alpha_1-beta_0.0-gamma_0.5,1571660389,786,0.6392,0.0,0.6392,0.73,0.0,1.0
compas-alpha_1-beta_0.0-gamma_0.5,1571660390,787,0.7517,0.0,0.7517,0.5,0.0,1.0
compas-alpha_1-beta_0.0-gamma_0.5,1571660391,788,0.6147,0.0,0.6147,0.67,0.0,1.0
compas-alpha_1-beta_0.0-gamma_0.5,1571660391,789,0.6996,0.0,0.6996,0.53,0.0,1.0
compas-alpha_1-beta_0.0-gamma_0.5,1571660392,790,0.4883,0.0,0.4883,0.77,0.0,1.0
compas-alpha_1-beta_0.0-gamma_0.5,1571660392,791,0.7754,0.0,0.7754,0.5,0.0,1.0
compas-alpha_1-beta_0.0-gamma_0.5,1571660393,792,0.6482,0.0,0.6482,0.7,0.0,1.0
compas-alpha_1-beta_0.0-gamma_0.5,1571660394,793,0.5371,0.0,0.5371,0.77,0.0,1.0
compas-alpha_1-beta_0.0-gamma_0.5,1571660394,794,0.524,0.0,0.524,0.83,0.0,1.0
compas-alpha_1-beta_0.0-gamma_0.5,1571660395,795,0.6276,0.0,0.6276,0.63,0.0,1.0
compas-alpha_1-beta_0.0-gamma_0.5,1571660395,796,0.658,0.0,0.658,0.73,0.0,1.0
compas-alpha_1-beta_0.0-gamma_0.5,1571660396,797,0.6022,0.0,0.6022,0.67,0.0,1.0
compas-alpha_1-beta_0.0-gamma_0.5,1571660396,798,0.6099,0.0,0.6099,0.73,0.0,1.0
compas-alpha_1-beta_0.0-gamma_0.5,1571660397,799,0.572,0.0,0.572,0.63,0.0,1.0
compas-alpha_1-beta_0.0-gamma_0.5,1571660398,800,0.6439,0.0,0.6439,0.6,0.0,1.0
compas-alpha_1-beta_0.0-gamma_0.5,1571660398,801,0.6498,0.0,0.6498,0.63,0.0,1.0
compas-alpha_1-beta_0.0-gamma_0.5,1571660399,802,0.6737,0.0,0.6737,0.6,0.0,1.0
compas-alpha_1-beta_0.0-gamma_0.5,1571660399,803,0.6669,0.0,0.6669,0.63,0.0,1.0
compas-alpha_1-beta_0.0-gamma_0.5,1571660400,804,0.5592,0.0,0.5592,0.77,0.0,1.0
compas-alpha_1-beta_0.0-gamma_0.5,1571660400,805,0.5563,0.0,0.5563,0.63,0.0,1.0
compas-alpha_1-beta_0.0-gamma_0.5,1571660401,806,0.5689,0.0,0.5689,0.8,0.0,1.0
compas-alpha_1-beta_0.0-gamma_0.5,1571660401,807,0.7549,0.0,0.7549,0.6,0.0,1.0
compas-alpha_1-beta_0.0-gamma_0.5,1571660402,808,0.573,0.0,0.573,0.7,0.0,1.0
compas-alpha_1-beta_0.0-gamma_0.5,1571660403,809,0.5637,0.0,0.5637,0.77,0.0,1.0
compas-alpha_1-beta_0.0-gamma_0.5,1571660403,810,0.538,0.0,0.538,0.7,0.0,1.0
compas-alpha_1-beta_0.0-gamma_0.5,1571660404,811,0.6293,0.0,0.6293,0.63,0.0,1.0
compas-alpha_1-beta_0.0-gamma_0.5,1571660404,812,0.6015,0.0,0.6015,0.67,0.0,1.0
compas-alpha_1-beta_0.0-gamma_0.5,1571660405,813,0.5267,0.0,0.5267,0.83,0.0,1.0
compas-alpha_1-beta_0.0-gamma_0.5,1571660405,814,0.6242,0.0,0.6242,0.63,0.0,1.0
compas-alpha_1-beta_0.0-gamma_0.5,1571660406,815,0.628,0.0,0.628,0.73,0.0,1.0
compas-alpha_1-beta_0.0-gamma_0.5,1571660406,816,0.6241,0.0,0.6241,0.7,0.0,1.0
compas-alpha_1-beta_0.0-gamma_0.5,1571660407,817,0.6099,0.0,0.6099,0.6,0.0,1.0
compas-alpha_1-beta_0.0-gamma_0.5,1571660407,818,0.6081,0.0,0.6081,0.63,0.0,1.0
compas-alpha_1-beta_0.0-gamma_0.5,1571660408,819,0.4896,0.0,0.4896,0.77,0.0,1.0
compas-alpha_1-beta_0.0-gamma_0.5,1571660408,820,0.6492,0.0,0.6492,0.6,0.0,1.0
compas-alpha_1-beta_0.0-gamma_0.5,1571660409,821,0.7342,0.0,0.7342,0.6,0.0,1.0
compas-alpha_1-beta_0.0-gamma_0.5,1571660409,822,0.5526,0.0,0.5526,0.73,0.0,1.0
compas-alpha_1-beta_0.0-gamma_0.5,1571660410,823,0.6354,0.0,0.6354,0.73,0.0,1.0
compas-alpha_1-beta_0.0-gamma_0.5,1571660410,824,0.6249,0.0,0.6249,0.7,0.0,1.0
compas-alpha_1-beta_0.0-gamma_0.5,1571660411,825,0.5455,0.0,0.5455,0.8,0.0,1.0
compas-alpha_1-beta_0.0-gamma_0.5,1571660411,826,0.651,0.0,0.651,0.63,0.0,1.0
compas-alpha_1-beta_0.0-gamma_0.5,1571660412,827,0.4618,0.0,0.4618,0.8,0.0,1.0
compas-alpha_1-beta_0.0-gamma_0.5,1571660413,828,0.6913,0.0,0.6913,0.53,0.0,1.0
compas-alpha_1-beta_0.0-gamma_0.5,1571660413,829,0.6196,0.0,0.6196,0.57,0.0,1.0
compas-alpha_1-beta_0.0-gamma_0.5,1571660414,830,0.6595,0.0,0.6595,0.67,0.0,1.0
compas-alpha_1-beta_0.0-gamma_0.5,1571660414,831,0.5729,0.0,0.5729,0.77,0.0,1.0
compas-alpha_1-beta_0.0-gamma_0.5,1571660415,832,0.5843,0.0,0.5843,0.7,0.0,1.0
compas-alpha_1-beta_0.0-gamma_0.5,1571660415,833,0.565,0.0,0.565,0.73,0.0,1.0
compas-alpha_1-beta_0.0-gamma_0.5,1571660416,834,0.6646,0.0,0.6646,0.53,0.0,1.0
compas-alpha_1-beta_0.0-gamma_0.5,1571660416,835,0.5287,0.0,0.5287,0.7,0.0,1.0
compas-alpha_1-beta_0.0-gamma_0.5,1571660417,836,0.5315,0.0,0.5315,0.8,0.0,1.0
compas-alpha_1-beta_0.0-gamma_0.5,1571660417,837,0.5103,0.0,0.5103,0.83,0.0,1.0
compas-alpha_1-beta_0.0-gamma_0.5,1571660418,838,0.5453,0.0,0.5453,0.67,0.0,1.0
compas-alpha_1-beta_0.0-gamma_0.5,1571660419,839,0.572,0.0,0.572,0.73,0.0,1.0
compas-alpha_1-beta_0.0-gamma_0.5,1571660420,840,0.5421,0.0,0.5421,0.77,0.0,1.0
compas-alpha_1-beta_0.0-gamma_0.5,1571660420,841,0.6259,0.0,0.6259,0.73,0.0,1.0
compas-alpha_1-beta_0.0-gamma_0.5,1571660421,842,0.7704,0.0,0.7704,0.47,0.0,1.0
compas-alpha_1-beta_0.0-gamma_0.5,1571660422,843,0.5904,0.0,0.5904,0.67,0.0,1.0
compas-alpha_1-beta_0.0-gamma_0.5,1571660422,844,0.5629,0.0,0.5629,0.73,0.0,1.0
compas-alpha_1-beta_0.0-gamma_0.5,1571660423,845,0.5736,0.0,0.5736,0.67,0.0,1.0
compas-alpha_1-beta_0.0-gamma_0.5,1571660424,846,0.6264,0.0,0.6264,0.67,0.0,1.0
compas-alpha_1-beta_0.0-gamma_0.5,1571660424,847,0.5823,0.0,0.5823,0.73,0.0,1.0
compas-alpha_1-beta_0.0-gamma_0.5,1571660425,848,0.6084,0.0,0.6084,0.6,0.0,1.0
compas-alpha_1-beta_0.0-gamma_0.5,1571660426,849,0.6956,0.0,0.6956,0.6,0.0,1.0
compas-alpha_1-beta_0.0-gamma_0.5,1571660426,850,0.6941,0.0,0.6941,0.63,0.0,1.0
compas-alpha_1-beta_0.0-gamma_0.5,1571660427,851,0.6344,0.0,0.6344,0.57,0.0,1.0
compas-alpha_1-beta_0.0-gamma_0.5,1571660427,852,0.5917,0.0,0.5917,0.7,0.0,1.0
compas-alpha_1-beta_0.0-gamma_0.5,1571660428,853,0.6018,0.0,0.6018,0.63,0.0,1.0
compas-alpha_1-beta_0.0-gamma_0.5,1571660429,854,0.6128,0.0,0.6128,0.63,0.0,1.0
compas-alpha_1-beta_0.0-gamma_0.5,1571660429,855,0.7051,0.0,0.7051,0.57,0.0,1.0
compas-alpha_1-beta_0.0-gamma_0.5,1571660430,856,0.5665,0.0,0.5666,0.73,0.0,1.0
compas-alpha_1-beta_0.0-gamma_0.5,1571660431,857,0.6354,0.0,0.6354,0.73,0.0,1.0
compas-alpha_1-beta_0.0-gamma_0.5,1571660431,858,0.5451,0.0,0.5451,0.77,0.0,1.0
compas-alpha_1-beta_0.0-gamma_0.5,1571660432,859,0.6304,0.0,0.6304,0.67,0.0,1.0
compas-alpha_1-beta_0.0-gamma_0.5,1571660432,860,0.5708,0.0,0.5708,0.77,0.0,1.0
compas-alpha_1-beta_0.0-gamma_0.5,1571660433,861,0.6833,0.0,0.6833,0.6,0.0,1.0
compas-alpha_1-beta_0.0-gamma_0.5,1571660434,862,0.5341,0.0,0.5341,0.83,0.0,1.0
compas-alpha_1-beta_0.0-gamma_0.5,1571660434,863,0.6961,0.0,0.6961,0.57,0.0,1.0
compas-alpha_1-beta_0.0-gamma_0.5,1571660435,864,0.625,0.0,0.625,0.53,0.0,1.0
compas-alpha_1-beta_0.0-gamma_0.5,1571660436,865,0.6902,0.0,0.6902,0.57,0.0,1.0
compas-alpha_1-beta_0.0-gamma_0.5,1571660436,866,0.5758,0.0,0.5758,0.7,0.0,1.0
compas-alpha_1-beta_0.0-gamma_0.5,1571660437,867,0.5904,0.0,0.5905,0.67,0.0,1.0
compas-alpha_1-beta_0.0-gamma_0.5,1571660438,868,0.6101,0.0,0.6101,0.6,0.0,1.0
compas-alpha_1-beta_0.0-gamma_0.5,1571660438,869,0.7829,0.0,0.7829,0.53,0.0,1.0
compas-alpha_1-beta_0.0-gamma_0.5,1571660439,870,0.6169,0.0,0.6169,0.73,0.0,1.0
compas-alpha_1-beta_0.0-gamma_0.5,1571660440,871,0.7302,0.0,0.7302,0.57,0.0,1.0
compas-alpha_1-beta_0.0-gamma_0.5,1571660440,872,0.5713,0.0,0.5713,0.7,0.0,1.0
compas-alpha_1-beta_0.0-gamma_0.5,1571660441,873,0.6819,0.0,0.6819,0.57,0.0,1.0
compas-alpha_1-beta_0.0-gamma_0.5,1571660441,874,0.701,0.0,0.701,0.53,0.0,1.0
compas-alpha_1-beta_0.0-gamma_0.5,1571660442,875,0.6109,0.0,0.6109,0.57,0.0,1.0
compas-alpha_1-beta_0.0-gamma_0.5,1571660443,876,0.6244,0.0,0.6244,0.63,0.0,1.0
compas-alpha_1-beta_0.0-gamma_0.5,1571660443,877,0.6388,0.0,0.6388,0.6,0.0,1.0
compas-alpha_1-beta_0.0-gamma_0.5,1571660444,878,0.6418,0.0,0.6418,0.73,0.0,1.0
compas-alpha_1-beta_0.0-gamma_0.5,1571660445,879,0.5642,0.0,0.5642,0.7,0.0,1.0
compas-alpha_1-beta_0.0-gamma_0.5,1571660446,880,0.6532,0.0,0.6532,0.73,0.0,1.0
compas-alpha_1-beta_0.0-gamma_0.5,1571660446,881,0.6501,0.0,0.6501,0.67,0.0,1.0
compas-alpha_1-beta_0.0-gamma_0.5,1571660447,882,0.6447,0.0,0.6447,0.7,0.0,1.0
compas-alpha_1-beta_0.0-gamma_0.5,1571660448,883,0.6561,0.0,0.6561,0.7,0.0,1.0
compas-alpha_1-beta_0.0-gamma_0.5,1571660448,884,0.6207,0.0,0.6207,0.7,0.0,1.0
compas-alpha_1-beta_0.0-gamma_0.5,1571660449,885,0.5629,0.0,0.5629,0.77,0.0,1.0
compas-alpha_1-beta_0.0-gamma_0.5,1571660450,886,0.6903,0.0,0.6903,0.63,0.0,1.0
compas-alpha_1-beta_0.0-gamma_0.5,1571660450,887,0.5396,0.0,0.5396,0.8,0.0,1.0
compas-alpha_1-beta_0.0-gamma_0.5,1571660451,888,0.7426,0.0,0.7426,0.53,0.0,1.0
compas-alpha_1-beta_0.0-gamma_0.5,1571660452,889,0.677,0.0,0.677,0.6,0.0,1.0
compas-alpha_1-beta_0.0-gamma_0.5,1571660452,890,0.6993,0.0,0.6993,0.6,0.0,1.0
compas-alpha_1-beta_0.0-gamma_0.5,1571660453,891,0.5921,0.0,0.5921,0.7,0.0,1.0
compas-alpha_1-beta_0.0-gamma_0.5,1571660454,892,0.6131,0.0,0.6131,0.67,0.0,1.0
compas-alpha_1-beta_0.0-gamma_0.5,1571660454,893,0.659,0.0,0.659,0.67,0.0,1.0
compas-alpha_1-beta_0.0-gamma_0.5,1571660455,894,0.6272,0.0,0.6272,0.67,0.0,1.0
compas-alpha_1-beta_0.0-gamma_0.5,1571660456,895,0.5146,0.0,0.5146,0.77,0.0,1.0
compas-alpha_1-beta_0.0-gamma_0.5,1571660457,896,0.593,0.0,0.593,0.67,0.0,1.0
compas-alpha_1-beta_0.0-gamma_0.5,1571660457,897,0.6553,0.0,0.6553,0.57,0.0,1.0
compas-alpha_1-beta_0.0-gamma_0.5,1571660458,898,0.644,0.0,0.644,0.67,0.0,1.0
compas-alpha_1-beta_0.0-gamma_0.5,1571660459,899,0.6415,0.0,0.6415,0.63,0.0,1.0
compas-alpha_1-beta_0.0-gamma_0.5,1571660459,900,0.6099,0.0,0.6099,0.67,0.0,1.0
compas-alpha_1-beta_0.0-gamma_0.5,1571660460,901,0.5426,0.0,0.5426,0.73,0.0,1.0
compas-alpha_1-beta_0.0-gamma_0.5,1571660460,902,0.6015,0.0,0.6015,0.73,0.0,1.0
compas-alpha_1-beta_0.0-gamma_0.5,1571660461,903,0.5394,0.0,0.5394,0.73,0.0,1.0
compas-alpha_1-beta_0.0-gamma_0.5,1571660462,904,0.6229,0.0,0.6229,0.67,0.0,1.0
compas-alpha_1-beta_0.0-gamma_0.5,1571660462,905,0.6089,0.0,0.6089,0.6,0.0,1.0
compas-alpha_1-beta_0.0-gamma_0.5,1571660463,906,0.596,0.0,0.596,0.73,0.0,1.0
compas-alpha_1-beta_0.0-gamma_0.5,1571660464,907,0.5679,0.0,0.5679,0.63,0.0,1.0
compas-alpha_1-beta_0.0-gamma_0.5,1571660465,908,0.6691,0.0,0.6691,0.57,0.0,1.0
compas-alpha_1-beta_0.0-gamma_0.5,1571660465,909,0.6171,0.0,0.6171,0.7,0.0,1.0
compas-alpha_1-beta_0.0-gamma_0.5,1571660466,910,0.743,0.0,0.743,0.6,0.0,1.0
compas-alpha_1-beta_0.0-gamma_0.5,1571660467,911,0.5353,0.0,0.5353,0.8,0.0,1.0
compas-alpha_1-beta_0.0-gamma_0.5,1571660467,912,0.5839,0.0,0.5839,0.67,0.0,1.0
compas-alpha_1-beta_0.0-gamma_0.5,1571660468,913,0.5146,0.0,0.5146,0.73,0.0,1.0
compas-alpha_1-beta_0.0-gamma_0.5,1571660469,914,0.6557,0.0,0.6557,0.57,0.0,1.0
compas-alpha_1-beta_0.0-gamma_0.5,1571660469,915,0.5897,0.0,0.5897,0.63,0.0,1.0
compas-alpha_1-beta_0.0-gamma_0.5,1571660470,916,0.6179,0.0,0.6179,0.7,0.0,1.0
compas-alpha_1-beta_0.0-gamma_0.5,1571660471,917,0.6146,0.0,0.6146,0.67,0.0,1.0
compas-alpha_1-beta_0.0-gamma_0.5,1571660471,918,0.59,0.0,0.59,0.73,0.0,1.0
compas-alpha_1-beta_0.0-gamma_0.5,1571660472,919,0.5639,0.0,0.5639,0.67,0.0,1.0
compas-alpha_1-beta_0.0-gamma_0.5,1571660472,920,0.6512,0.0,0.6512,0.57,0.0,1.0
compas-alpha_1-beta_0.0-gamma_0.5,1571660473,921,0.6236,0.0,0.6236,0.67,0.0,1.0
compas-alpha_1-beta_0.0-gamma_0.5,1571660474,922,0.6448,0.0,0.6448,0.57,0.0,1.0
compas-alpha_1-beta_0.0-gamma_0.5,1571660474,923,0.6145,0.0,0.6145,0.73,0.0,1.0
compas-alpha_1-beta_0.0-gamma_0.5,1571660475,924,0.6853,0.0,0.6853,0.63,0.0,1.0
compas-alpha_1-beta_0.0-gamma_0.5,1571660476,925,0.6198,0.0,0.6198,0.7,0.0,1.0
compas-alpha_1-beta_0.0-gamma_0.5,1571660476,926,0.5772,0.0,0.5772,0.7,0.0,1.0
compas-alpha_1-beta_0.0-gamma_0.5,1571660477,927,0.7375,0.0,0.7375,0.6,0.0,1.0
compas-alpha_1-beta_0.0-gamma_0.5,1571660478,928,0.5803,0.0,0.5803,0.67,0.0,1.0
compas-alpha_1-beta_0.0-gamma_0.5,1571660478,929,0.579,0.0,0.579,0.8,0.0,1.0
compas-alpha_1-beta_0.0-gamma_0.5,1571660479,930,0.5902,0.0,0.5902,0.67,0.0,1.0
compas-alpha_1-beta_0.0-gamma_0.5,1571660480,931,0.4339,0.0,0.4339,0.87,0.0,1.0
compas-alpha_1-beta_0.0-gamma_0.5,1571660480,932,0.6585,0.0,0.6585,0.67,0.0,1.0
compas-alpha_1-beta_0.0-gamma_0.5,1571660481,933,0.7076,0.0,0.7076,0.67,0.0,1.0
compas-alpha_1-beta_0.0-gamma_0.5,1571660482,934,0.756,0.0,0.756,0.53,0.0,1.0
compas-alpha_1-beta_0.0-gamma_0.5,1571660482,935,0.5775,0.0,0.5775,0.7,0.0,1.0
compas-alpha_1-beta_0.0-gamma_0.5,1571660483,936,0.5396,0.0,0.5396,0.77,0.0,1.0
compas-alpha_1-beta_0.0-gamma_0.5,1571660484,937,0.6131,0.0,0.6131,0.7,0.0,1.0
compas-alpha_1-beta_0.0-gamma_0.5,1571660484,938,0.6684,0.0,0.6684,0.67,0.0,1.0
compas-alpha_1-beta_0.0-gamma_0.5,1571660485,939,0.7149,0.0,0.7149,0.6,0.0,1.0
compas-alpha_1-beta_0.0-gamma_0.5,1571660486,940,0.6328,0.0,0.6328,0.67,0.0,1.0
compas-alpha_1-beta_0.0-gamma_0.5,1571660486,941,0.6265,0.0,0.6265,0.77,0.0,1.0
compas-alpha_1-beta_0.0-gamma_0.5,1571660487,942,0.605,0.0,0.605,0.7,0.0,1.0
compas-alpha_1-beta_0.0-gamma_0.5,1571660488,943,0.5923,0.0,0.5923,0.6,0.0,1.0
compas-alpha_1-beta_0.0-gamma_0.5,1571660488,944,0.6452,0.0,0.6452,0.63,0.0,1.0
compas-alpha_1-beta_0.0-gamma_0.5,1571660489,945,0.4985,0.0,0.4985,0.83,0.0,1.0
compas-alpha_1-beta_0.0-gamma_0.5,1571660490,946,0.7011,0.0,0.7011,0.67,0.0,1.0
compas-alpha_1-beta_0.0-gamma_0.5,1571660490,947,0.6161,0.0,0.6161,0.67,0.0,1.0
compas-alpha_1-beta_0.0-gamma_0.5,1571660491,948,0.5774,0.0,0.5774,0.83,0.0,1.0
compas-alpha_1-beta_0.0-gamma_0.5,1571660491,949,0.6499,0.0,0.6499,0.63,0.0,1.0
compas-alpha_1-beta_0.0-gamma_0.5,1571660492,950,0.6213,0.0,0.6213,0.6,0.0,1.0
compas-alpha_1-beta_0.0-gamma_0.5,1571660493,951,0.5948,0.0,0.5948,0.77,0.0,1.0
compas-alpha_1-beta_0.0-gamma_0.5,1571660493,952,0.6069,0.0,0.6069,0.77,0.0,1.0
compas-alpha_1-beta_0.0-gamma_0.5,1571660494,953,0.6145,0.0,0.6145,0.7,0.0,1.0
compas-alpha_1-beta_0.0-gamma_0.5,1571660495,954,0.6596,0.0,0.6596,0.63,0.0,1.0
compas-alpha_1-beta_0.0-gamma_0.5,1571660495,955,0.7221,0.0,0.7221,0.53,0.0,1.0
compas-alpha_1-beta_0.0-gamma_0.5,1571660496,956,0.6225,0.0,0.6225,0.67,0.0,1.0
compas-alpha_1-beta_0.0-gamma_0.5,1571660497,957,0.7213,0.0,0.7213,0.5,0.0,1.0
compas-alpha_1-beta_0.0-gamma_0.5,1571660497,958,0.6852,0.0,0.6852,0.57,0.0,1.0
compas-alpha_1-beta_0.0-gamma_0.5,1571660498,959,0.6381,0.0,0.6381,0.7,0.0,1.0
compas-alpha_1-beta_0.0-gamma_0.5,1571660499,960,0.6268,0.0,0.6268,0.67,0.0,1.0
compas-alpha_1-beta_0.0-gamma_0.5,1571660500,961,0.6521,0.0,0.6521,0.57,0.0,1.0
compas-alpha_1-beta_0.0-gamma_0.5,1571660500,962,0.7434,0.0,0.7434,0.6,0.0,1.0
compas-alpha_1-beta_0.0-gamma_0.5,1571660501,963,0.6495,0.0,0.6495,0.67,0.0,1.0
compas-alpha_1-beta_0.0-gamma_0.5,1571660501,964,0.5808,0.0,0.5808,0.7,0.0,1.0
compas-alpha_1-beta_0.0-gamma_0.5,1571660502,965,0.6039,0.0,0.6039,0.67,0.0,1.0
compas-alpha_1-beta_0.0-gamma_0.5,1571660502,966,0.6828,0.0,0.6828,0.5,0.0,1.0
compas-alpha_1-beta_0.0-gamma_0.5,1571660503,967,0.6886,0.0,0.6886,0.53,0.0,1.0
compas-alpha_1-beta_0.0-gamma_0.5,1571660504,968,0.6176,0.0,0.6176,0.6,0.0,1.0
compas-alpha_1-beta_0.0-gamma_0.5,1571660504,969,0.6672,0.0,0.6672,0.53,0.0,1.0
compas-alpha_1-beta_0.0-gamma_0.5,1571660505,970,0.5907,0.0,0.5907,0.7,0.0,1.0
compas-alpha_1-beta_0.0-gamma_0.5,1571660505,971,0.5515,0.0,0.5515,0.7,0.0,1.0
compas-alpha_1-beta_0.0-gamma_0.5,1571660506,972,0.5751,0.0,0.5751,0.7,0.0,1.0
compas-alpha_1-beta_0.0-gamma_0.5,1571660506,973,0.5322,0.0,0.5322,0.8,0.0,1.0
compas-alpha_1-beta_0.0-gamma_0.5,1571660507,974,0.6849,0.0,0.6849,0.6,0.0,1.0
compas-alpha_1-beta_0.0-gamma_0.5,1571660507,975,0.6046,0.0,0.6046,0.73,0.0,1.0
compas-alpha_1-beta_0.0-gamma_0.5,1571660508,976,0.6959,0.0,0.6959,0.57,0.0,1.0
compas-alpha_1-beta_0.0-gamma_0.5,1571660508,977,0.5452,0.0,0.5452,0.8,0.0,1.0
compas-alpha_1-beta_0.0-gamma_0.5,1571660509,978,0.6977,0.0,0.6977,0.63,0.0,1.0
compas-alpha_1-beta_0.0-gamma_0.5,1571660510,979,0.7005,0.0,0.7005,0.53,0.0,1.0
compas-alpha_1-beta_0.0-gamma_0.5,1571660510,980,0.5748,0.0,0.5748,0.7,0.0,1.0
compas-alpha_1-beta_0.0-gamma_0.5,1571660511,981,0.5638,0.0,0.5638,0.73,0.0,1.0
compas-alpha_1-beta_0.0-gamma_0.5,1571660511,982,0.6942,0.0,0.6942,0.47,0.0,1.0
compas-alpha_1-beta_0.0-gamma_0.5,1571660512,983,0.642,0.0,0.642,0.63,0.0,1.0
compas-alpha_1-beta_0.0-gamma_0.5,1571660512,984,0.6007,0.0,0.6007,0.67,0.0,1.0
compas-alpha_1-beta_0.0-gamma_0.5,1571660513,985,0.5306,0.0,0.5306,0.77,0.0,1.0
compas-alpha_1-beta_0.0-gamma_0.5,1571660513,986,0.6455,0.0,0.6455,0.63,0.0,1.0
compas-alpha_1-beta_0.0-gamma_0.5,1571660514,987,0.4941,0.0,0.4941,0.83,0.0,1.0
compas-alpha_1-beta_0.0-gamma_0.5,1571660514,988,0.6768,0.0,0.6768,0.67,0.0,1.0
compas-alpha_1-beta_0.0-gamma_0.5,1571660515,989,0.7074,0.0,0.7074,0.53,0.0,1.0
compas-alpha_1-beta_0.0-gamma_0.5,1571660515,990,0.6571,0.0,0.6571,0.67,0.0,1.0
compas-alpha_1-beta_0.0-gamma_0.5,1571660516,991,0.6629,0.0,0.6629,0.67,0.0,1.0
compas-alpha_1-beta_0.0-gamma_0.5,1571660516,992,0.6144,0.0,0.6144,0.63,0.0,1.0
compas-alpha_1-beta_0.0-gamma_0.5,1571660517,993,0.589,0.0,0.589,0.67,0.0,1.0
compas-alpha_1-beta_0.0-gamma_0.5,1571660518,994,0.6242,0.0,0.6242,0.67,0.0,1.0
compas-alpha_1-beta_0.0-gamma_0.5,1571660518,995,0.663,0.0,0.663,0.67,0.0,1.0
compas-alpha_1-beta_0.0-gamma_0.5,1571660519,996,0.603,0.0,0.603,0.7,0.0,1.0
compas-alpha_1-beta_0.0-gamma_0.5,1571660519,997,0.7275,0.0,0.7275,0.47,0.0,1.0
compas-alpha_1-beta_0.0-gamma_0.5,1571660520,998,0.4913,0.0,0.4913,0.77,0.0,1.0
compas-alpha_1-beta_0.0-gamma_0.5,1571660521,999,0.8161,0.0,0.8161,0.57,0.0,1.0
