compas-alpha_1-beta_1-gamma_1,timestamp,epoch,enc_loss,dec_loss,cla_loss,cla_acc,dis_loss,dis_acc
compas-alpha_1-beta_1-gamma_1,1571650977,0,0.4223,0.3806,0.6909,0.67,0.6492,0.63
compas-alpha_1-beta_1-gamma_1,1571650978,1,0.2547,0.2035,0.6854,0.53,0.6342,0.6
compas-alpha_1-beta_1-gamma_1,1571650978,2,0.2356,0.1543,0.6849,0.67,0.6036,0.63
compas-alpha_1-beta_1-gamma_1,1571650978,3,0.3722,0.1956,0.6936,0.53,0.5171,0.83
compas-alpha_1-beta_1-gamma_1,1571650979,4,0.3999,0.1895,0.6809,0.57,0.4705,0.9
compas-alpha_1-beta_1-gamma_1,1571650979,5,0.4377,0.1038,0.6866,0.53,0.3527,0.97
compas-alpha_1-beta_1-gamma_1,1571650980,6,0.454,0.1369,0.6551,0.63,0.338,1.0
compas-alpha_1-beta_1-gamma_1,1571650980,7,0.3925,0.1355,0.6306,0.7,0.3736,0.93
compas-alpha_1-beta_1-gamma_1,1571650980,8,0.4327,0.1015,0.6671,0.63,0.3359,0.93
compas-alpha_1-beta_1-gamma_1,1571650981,9,0.46,0.1017,0.6491,0.67,0.2908,0.9
compas-alpha_1-beta_1-gamma_1,1571650981,10,0.4874,0.103,0.6679,0.7,0.2835,0.9
compas-alpha_1-beta_1-gamma_1,1571650982,11,0.53,0.0894,0.6762,0.6,0.2355,1.0
compas-alpha_1-beta_1-gamma_1,1571650982,12,0.539,0.0713,0.6447,0.7,0.1769,1.0
compas-alpha_1-beta_1-gamma_1,1571650982,13,0.5769,0.0745,0.65,0.63,0.1476,1.0
compas-alpha_1-beta_1-gamma_1,1571650983,14,0.6073,0.0861,0.6975,0.53,0.1763,0.93
compas-alpha_1-beta_1-gamma_1,1571650983,15,0.6659,0.0907,0.7385,0.5,0.1633,1.0
compas-alpha_1-beta_1-gamma_1,1571650983,16,0.5194,0.0759,0.6183,0.7,0.1748,0.97
compas-alpha_1-beta_1-gamma_1,1571650984,17,0.6425,0.0845,0.7253,0.57,0.1673,1.0
compas-alpha_1-beta_1-gamma_1,1571650984,18,0.6859,0.0907,0.7254,0.6,0.1301,0.97
compas-alpha_1-beta_1-gamma_1,1571650985,19,0.5895,0.0617,0.6343,0.7,0.1064,1.0
compas-alpha_1-beta_1-gamma_1,1571650985,20,0.7162,0.0676,0.7471,0.63,0.0985,1.0
compas-alpha_1-beta_1-gamma_1,1571650985,21,0.6257,0.0675,0.6608,0.67,0.1026,0.97
compas-alpha_1-beta_1-gamma_1,1571650986,22,0.6706,0.072,0.663,0.63,0.0643,1.0
compas-alpha_1-beta_1-gamma_1,1571650986,23,0.6621,0.0663,0.6976,0.63,0.1019,1.0
compas-alpha_1-beta_1-gamma_1,1571650987,24,0.5831,0.0805,0.6163,0.73,0.1137,0.97
compas-alpha_1-beta_1-gamma_1,1571650987,25,0.6736,0.0626,0.7109,0.53,0.0998,1.0
compas-alpha_1-beta_1-gamma_1,1571650987,26,0.5971,0.0652,0.6921,0.53,0.1602,0.93
compas-alpha_1-beta_1-gamma_1,1571650988,27,0.724,0.0463,0.7467,0.47,0.069,1.0
compas-alpha_1-beta_1-gamma_1,1571650988,28,0.6784,0.0619,0.6584,0.67,0.0418,1.0
compas-alpha_1-beta_1-gamma_1,1571650988,29,0.5946,0.0711,0.6159,0.57,0.0924,0.97
compas-alpha_1-beta_1-gamma_1,1571650989,30,0.6557,0.0316,0.6835,0.63,0.0595,1.0
compas-alpha_1-beta_1-gamma_1,1571650989,31,0.6524,0.0729,0.6624,0.6,0.083,1.0
compas-alpha_1-beta_1-gamma_1,1571650990,32,0.6726,0.0501,0.6672,0.63,0.0447,1.0
compas-alpha_1-beta_1-gamma_1,1571650990,33,0.6128,0.0866,0.602,0.63,0.0758,1.0
compas-alpha_1-beta_1-gamma_1,1571650991,34,0.6818,0.0798,0.6874,0.53,0.0854,0.97
compas-alpha_1-beta_1-gamma_1,1571650991,35,0.6236,0.0539,0.6178,0.57,0.0481,1.0
compas-alpha_1-beta_1-gamma_1,1571650991,36,0.709,0.0717,0.6888,0.53,0.0514,1.0
compas-alpha_1-beta_1-gamma_1,1571650992,37,0.6819,0.069,0.6365,0.67,0.0236,1.0
compas-alpha_1-beta_1-gamma_1,1571650992,38,0.6502,0.0755,0.6315,0.7,0.0569,0.97
compas-alpha_1-beta_1-gamma_1,1571650993,39,0.6159,0.0742,0.6267,0.63,0.085,0.97
compas-alpha_1-beta_1-gamma_1,1571650993,40,0.5512,0.0622,0.5521,0.73,0.0631,1.0
compas-alpha_1-beta_1-gamma_1,1571650993,41,0.6634,0.0671,0.6768,0.6,0.0805,0.97
compas-alpha_1-beta_1-gamma_1,1571650994,42,0.6311,0.0683,0.6175,0.73,0.0548,1.0
compas-alpha_1-beta_1-gamma_1,1571650994,43,0.6625,0.0607,0.7014,0.5,0.0996,0.97
compas-alpha_1-beta_1-gamma_1,1571650995,44,0.6213,0.0588,0.6029,0.73,0.0404,1.0
compas-alpha_1-beta_1-gamma_1,1571650995,45,0.7769,0.0522,0.7493,0.63,0.0246,1.0
compas-alpha_1-beta_1-gamma_1,1571650995,46,0.6289,0.0551,0.5966,0.67,0.0228,1.0
compas-alpha_1-beta_1-gamma_1,1571650996,47,0.6879,0.0551,0.6531,0.6,0.0203,1.0
compas-alpha_1-beta_1-gamma_1,1571650996,48,0.6393,0.0524,0.6161,0.77,0.0292,1.0
compas-alpha_1-beta_1-gamma_1,1571650997,49,0.7482,0.0608,0.705,0.57,0.0176,1.0
compas-alpha_1-beta_1-gamma_1,1571650997,50,0.6508,0.0495,0.6287,0.73,0.0275,1.0
compas-alpha_1-beta_1-gamma_1,1571650997,51,0.6252,0.0435,0.5953,0.7,0.0135,1.0
compas-alpha_1-beta_1-gamma_1,1571650998,52,0.6443,0.0418,0.6619,0.6,0.0594,1.0
compas-alpha_1-beta_1-gamma_1,1571650998,53,0.7385,0.0552,0.6985,0.63,0.0152,1.0
compas-alpha_1-beta_1-gamma_1,1571650998,54,0.5402,0.0668,0.4826,0.93,0.0091,1.0
compas-alpha_1-beta_1-gamma_1,1571650999,55,0.6595,0.0428,0.6456,0.6,0.0289,1.0
compas-alpha_1-beta_1-gamma_1,1571650999,56,0.6058,0.0502,0.5946,0.67,0.039,0.97
compas-alpha_1-beta_1-gamma_1,1571651000,57,0.6984,0.041,0.6842,0.7,0.0268,1.0
compas-alpha_1-beta_1-gamma_1,1571651000,58,0.6305,0.0381,0.5997,0.67,0.0072,1.0
compas-alpha_1-beta_1-gamma_1,1571651000,59,0.6045,0.0403,0.5802,0.77,0.0161,1.0
compas-alpha_1-beta_1-gamma_1,1571651001,60,0.7698,0.0334,0.7437,0.63,0.0072,1.0
compas-alpha_1-beta_1-gamma_1,1571651001,61,0.661,0.0306,0.6458,0.53,0.0153,1.0
compas-alpha_1-beta_1-gamma_1,1571651002,62,0.6896,0.0492,0.6516,0.6,0.0112,1.0
compas-alpha_1-beta_1-gamma_1,1571651002,63,0.581,0.055,0.567,0.63,0.041,1.0
compas-alpha_1-beta_1-gamma_1,1571651003,64,0.663,0.0357,0.6317,0.63,0.0045,1.0
compas-alpha_1-beta_1-gamma_1,1571651003,65,0.7726,0.032,0.7493,0.47,0.0086,1.0
compas-alpha_1-beta_1-gamma_1,1571651004,66,0.5494,0.0455,0.5184,0.9,0.0144,1.0
compas-alpha_1-beta_1-gamma_1,1571651004,67,0.6419,0.036,0.6144,0.8,0.0084,1.0
compas-alpha_1-beta_1-gamma_1,1571651004,68,0.5768,0.0303,0.5693,0.73,0.0229,1.0
compas-alpha_1-beta_1-gamma_1,1571651005,69,0.529,0.0309,0.511,0.67,0.0129,1.0
compas-alpha_1-beta_1-gamma_1,1571651005,70,0.647,0.0389,0.6385,0.53,0.0304,1.0
compas-alpha_1-beta_1-gamma_1,1571651006,71,0.5983,0.0419,0.5732,0.67,0.0168,1.0
compas-alpha_1-beta_1-gamma_1,1571651006,72,0.6246,0.0257,0.6211,0.57,0.0222,1.0
compas-alpha_1-beta_1-gamma_1,1571651007,73,0.6329,0.0245,0.6232,0.6,0.0148,1.0
compas-alpha_1-beta_1-gamma_1,1571651007,74,0.6431,0.0253,0.6373,0.7,0.0195,1.0
compas-alpha_1-beta_1-gamma_1,1571651007,75,0.5814,0.025,0.5718,0.8,0.0155,1.0
compas-alpha_1-beta_1-gamma_1,1571651008,76,0.635,0.0289,0.6155,0.6,0.0094,1.0
compas-alpha_1-beta_1-gamma_1,1571651008,77,0.6952,0.0291,0.6804,0.57,0.0144,1.0
compas-alpha_1-beta_1-gamma_1,1571651009,78,0.7051,0.034,0.685,0.63,0.014,1.0
compas-alpha_1-beta_1-gamma_1,1571651009,79,0.5547,0.0297,0.5274,0.73,0.0024,1.0
compas-alpha_1-beta_1-gamma_1,1571651009,80,0.6092,0.0196,0.5986,0.63,0.0091,1.0
compas-alpha_1-beta_1-gamma_1,1571651010,81,0.6721,0.0401,0.6508,0.57,0.0188,1.0
compas-alpha_1-beta_1-gamma_1,1571651010,82,0.6544,0.0349,0.632,0.67,0.0125,1.0
compas-alpha_1-beta_1-gamma_1,1571651011,83,0.6207,0.0299,0.632,0.57,0.0412,0.97
compas-alpha_1-beta_1-gamma_1,1571651011,84,0.6974,0.0289,0.6767,0.7,0.0083,1.0
compas-alpha_1-beta_1-gamma_1,1571651011,85,0.5846,0.0245,0.5659,0.83,0.0059,1.0
compas-alpha_1-beta_1-gamma_1,1571651012,86,0.7289,0.0223,0.7095,0.57,0.003,1.0
compas-alpha_1-beta_1-gamma_1,1571651012,87,0.5758,0.0249,0.569,0.73,0.0181,1.0
compas-alpha_1-beta_1-gamma_1,1571651013,88,0.6788,0.0276,0.6552,0.63,0.004,1.0
compas-alpha_1-beta_1-gamma_1,1571651013,89,0.6313,0.0319,0.6052,0.63,0.0059,1.0
compas-alpha_1-beta_1-gamma_1,1571651013,90,0.6618,0.032,0.6385,0.7,0.0087,1.0
compas-alpha_1-beta_1-gamma_1,1571651014,91,0.5689,0.0261,0.5531,0.77,0.0102,1.0
compas-alpha_1-beta_1-gamma_1,1571651014,92,0.6598,0.029,0.6373,0.6,0.0065,1.0
compas-alpha_1-beta_1-gamma_1,1571651015,93,0.6033,0.0259,0.6112,0.7,0.0338,1.0
compas-alpha_1-beta_1-gamma_1,1571651015,94,0.6948,0.0216,0.6807,0.53,0.0075,1.0
compas-alpha_1-beta_1-gamma_1,1571651015,95,0.5636,0.0325,0.5457,0.8,0.0146,1.0
compas-alpha_1-beta_1-gamma_1,1571651016,96,0.6491,0.0196,0.6311,0.7,0.0016,1.0
compas-alpha_1-beta_1-gamma_1,1571651016,97,0.6017,0.0243,0.5797,0.67,0.0024,1.0
compas-alpha_1-beta_1-gamma_1,1571651017,98,0.6747,0.0229,0.6755,0.57,0.0237,1.0
compas-alpha_1-beta_1-gamma_1,1571651017,99,0.692,0.0257,0.6748,0.63,0.0085,1.0
compas-alpha_1-beta_1-gamma_1,1571651018,100,0.7155,0.0142,0.7158,0.7,0.0145,1.0
compas-alpha_1-beta_1-gamma_1,1571651018,101,0.719,0.0194,0.7058,0.53,0.0061,1.0
compas-alpha_1-beta_1-gamma_1,1571651018,102,0.6201,0.0278,0.6079,0.7,0.0157,1.0
compas-alpha_1-beta_1-gamma_1,1571651019,103,0.6335,0.0219,0.6149,0.7,0.0032,1.0
compas-alpha_1-beta_1-gamma_1,1571651019,104,0.632,0.0312,0.6088,0.7,0.008,1.0
compas-alpha_1-beta_1-gamma_1,1571651020,105,0.69,0.0252,0.6704,0.63,0.0056,1.0
compas-alpha_1-beta_1-gamma_1,1571651020,106,0.6758,0.0267,0.671,0.57,0.0218,1.0
compas-alpha_1-beta_1-gamma_1,1571651020,107,0.5411,0.0226,0.5546,0.77,0.0361,0.97
compas-alpha_1-beta_1-gamma_1,1571651021,108,0.6313,0.021,0.6202,0.67,0.0099,1.0
compas-alpha_1-beta_1-gamma_1,1571651021,109,0.6078,0.0242,0.5853,0.77,0.0017,1.0
compas-alpha_1-beta_1-gamma_1,1571651022,110,0.6047,0.019,0.5891,0.73,0.0033,1.0
compas-alpha_1-beta_1-gamma_1,1571651022,111,0.7506,0.0211,0.7422,0.57,0.0127,1.0
compas-alpha_1-beta_1-gamma_1,1571651022,112,0.6963,0.0287,0.6835,0.63,0.0159,1.0
compas-alpha_1-beta_1-gamma_1,1571651023,113,0.6764,0.0139,0.6639,0.63,0.0014,1.0
compas-alpha_1-beta_1-gamma_1,1571651023,114,0.6918,0.0278,0.6658,0.57,0.0019,1.0
compas-alpha_1-beta_1-gamma_1,1571651023,115,0.6092,0.0202,0.5912,0.77,0.0022,1.0
compas-alpha_1-beta_1-gamma_1,1571651024,116,0.6102,0.0221,0.5906,0.7,0.0025,1.0
compas-alpha_1-beta_1-gamma_1,1571651024,117,0.6238,0.0241,0.6117,0.63,0.0119,1.0
compas-alpha_1-beta_1-gamma_1,1571651025,118,0.5371,0.015,0.5284,0.8,0.0063,1.0
compas-alpha_1-beta_1-gamma_1,1571651025,119,0.5948,0.0179,0.58,0.87,0.0031,1.0
compas-alpha_1-beta_1-gamma_1,1571651025,120,0.6038,0.027,0.5792,0.67,0.0024,1.0
compas-alpha_1-beta_1-gamma_1,1571651026,121,0.6884,0.0218,0.6686,0.6,0.002,1.0
compas-alpha_1-beta_1-gamma_1,1571651026,122,0.6561,0.0168,0.6479,0.63,0.0086,1.0
compas-alpha_1-beta_1-gamma_1,1571651027,123,0.5882,0.0237,0.5701,0.63,0.0056,1.0
compas-alpha_1-beta_1-gamma_1,1571651027,124,0.636,0.0234,0.6155,0.7,0.003,1.0
compas-alpha_1-beta_1-gamma_1,1571651028,125,0.5655,0.0175,0.5591,0.77,0.0111,1.0
compas-alpha_1-beta_1-gamma_1,1571651028,126,0.7362,0.0233,0.72,0.57,0.0071,1.0
compas-alpha_1-beta_1-gamma_1,1571651029,127,0.6175,0.0158,0.6065,0.77,0.0047,1.0
compas-alpha_1-beta_1-gamma_1,1571651030,128,0.658,0.0181,0.6407,0.63,0.0008,1.0
compas-alpha_1-beta_1-gamma_1,1571651030,129,0.6365,0.0266,0.6149,0.7,0.0049,1.0
compas-alpha_1-beta_1-gamma_1,1571651031,130,0.59,0.0193,0.5733,0.73,0.0026,1.0
compas-alpha_1-beta_1-gamma_1,1571651031,131,0.592,0.0183,0.5776,0.73,0.0039,1.0
compas-alpha_1-beta_1-gamma_1,1571651032,132,0.6425,0.0153,0.6298,0.67,0.0026,1.0
compas-alpha_1-beta_1-gamma_1,1571651032,133,0.7077,0.0216,0.6908,0.67,0.0047,1.0
compas-alpha_1-beta_1-gamma_1,1571651033,134,0.6591,0.0227,0.6411,0.83,0.0047,1.0
compas-alpha_1-beta_1-gamma_1,1571651033,135,0.665,0.0212,0.6587,0.7,0.015,1.0
compas-alpha_1-beta_1-gamma_1,1571651034,136,0.6545,0.0202,0.6361,0.63,0.0018,1.0
compas-alpha_1-beta_1-gamma_1,1571651034,137,0.6733,0.0229,0.6516,0.63,0.0011,1.0
compas-alpha_1-beta_1-gamma_1,1571651034,138,0.6813,0.0206,0.6662,0.57,0.0055,1.0
compas-alpha_1-beta_1-gamma_1,1571651035,139,0.5613,0.0221,0.5415,0.8,0.0023,1.0
compas-alpha_1-beta_1-gamma_1,1571651035,140,0.6754,0.022,0.6552,0.6,0.0018,1.0
compas-alpha_1-beta_1-gamma_1,1571651036,141,0.7003,0.0152,0.6861,0.53,0.001,1.0
compas-alpha_1-beta_1-gamma_1,1571651036,142,0.6876,0.0204,0.6681,0.63,0.0009,1.0
compas-alpha_1-beta_1-gamma_1,1571651037,143,0.6388,0.0187,0.6233,0.63,0.0032,1.0
compas-alpha_1-beta_1-gamma_1,1571651037,144,0.6095,0.0273,0.5952,0.7,0.013,1.0
compas-alpha_1-beta_1-gamma_1,1571651037,145,0.7464,0.0191,0.7389,0.57,0.0116,1.0
compas-alpha_1-beta_1-gamma_1,1571651038,146,0.6523,0.0189,0.6348,0.77,0.0014,1.0
compas-alpha_1-beta_1-gamma_1,1571651038,147,0.5939,0.021,0.5777,0.73,0.0048,1.0
compas-alpha_1-beta_1-gamma_1,1571651039,148,0.6327,0.0163,0.6219,0.77,0.0055,1.0
compas-alpha_1-beta_1-gamma_1,1571651039,149,0.6408,0.0143,0.6276,0.63,0.0011,1.0
compas-alpha_1-beta_1-gamma_1,1571651040,150,0.6945,0.0232,0.6729,0.47,0.0016,1.0
compas-alpha_1-beta_1-gamma_1,1571651040,151,0.6502,0.0188,0.636,0.57,0.0047,1.0
compas-alpha_1-beta_1-gamma_1,1571651040,152,0.6605,0.0221,0.6417,0.6,0.0033,1.0
compas-alpha_1-beta_1-gamma_1,1571651041,153,0.5613,0.0239,0.5387,0.83,0.0012,1.0
compas-alpha_1-beta_1-gamma_1,1571651041,154,0.6757,0.0141,0.6631,0.63,0.0016,1.0
compas-alpha_1-beta_1-gamma_1,1571651042,155,0.8002,0.0216,0.7814,0.47,0.0029,1.0
compas-alpha_1-beta_1-gamma_1,1571651042,156,0.6527,0.0145,0.6414,0.67,0.0032,1.0
compas-alpha_1-beta_1-gamma_1,1571651042,157,0.5643,0.0214,0.5479,0.83,0.005,1.0
compas-alpha_1-beta_1-gamma_1,1571651043,158,0.6538,0.025,0.6298,0.7,0.001,1.0
compas-alpha_1-beta_1-gamma_1,1571651043,159,0.7317,0.0208,0.7137,0.53,0.0028,1.0
compas-alpha_1-beta_1-gamma_1,1571651044,160,0.6619,0.0215,0.6411,0.67,0.0007,1.0
compas-alpha_1-beta_1-gamma_1,1571651044,161,0.5754,0.0156,0.5647,0.73,0.0049,1.0
compas-alpha_1-beta_1-gamma_1,1571651045,162,0.5745,0.0145,0.5624,0.77,0.0024,1.0
compas-alpha_1-beta_1-gamma_1,1571651045,163,0.6237,0.0193,0.6148,0.73,0.0104,1.0
compas-alpha_1-beta_1-gamma_1,1571651045,164,0.7347,0.0156,0.7234,0.63,0.0043,1.0
compas-alpha_1-beta_1-gamma_1,1571651046,165,0.5795,0.0126,0.5678,0.83,0.0009,1.0
compas-alpha_1-beta_1-gamma_1,1571651046,166,0.634,0.0217,0.615,0.7,0.0028,1.0
compas-alpha_1-beta_1-gamma_1,1571651047,167,0.5707,0.0197,0.5587,0.77,0.0077,1.0
compas-alpha_1-beta_1-gamma_1,1571651047,168,0.663,0.012,0.6594,0.6,0.0084,1.0
compas-alpha_1-beta_1-gamma_1,1571651048,169,0.6999,0.0195,0.682,0.6,0.0016,1.0
compas-alpha_1-beta_1-gamma_1,1571651048,170,0.6226,0.0142,0.6094,0.7,0.001,1.0
compas-alpha_1-beta_1-gamma_1,1571651048,171,0.7026,0.0264,0.678,0.57,0.0018,1.0
compas-alpha_1-beta_1-gamma_1,1571651049,172,0.6126,0.0153,0.599,0.53,0.0017,1.0
compas-alpha_1-beta_1-gamma_1,1571651049,173,0.6294,0.0161,0.6279,0.8,0.0145,1.0
compas-alpha_1-beta_1-gamma_1,1571651050,174,0.6257,0.019,0.6079,0.8,0.0012,1.0
compas-alpha_1-beta_1-gamma_1,1571651050,175,0.6199,0.0192,0.6048,0.7,0.0041,1.0
compas-alpha_1-beta_1-gamma_1,1571651051,176,0.6267,0.0145,0.6131,0.77,0.0009,1.0
compas-alpha_1-beta_1-gamma_1,1571651051,177,0.608,0.0244,0.5843,0.73,0.0007,1.0
compas-alpha_1-beta_1-gamma_1,1571651051,178,0.6336,0.0159,0.6321,0.67,0.0144,1.0
compas-alpha_1-beta_1-gamma_1,1571651052,179,0.7277,0.0239,0.7043,0.57,0.0004,1.0
compas-alpha_1-beta_1-gamma_1,1571651052,180,0.6957,0.0229,0.6853,0.6,0.0126,1.0
compas-alpha_1-beta_1-gamma_1,1571651053,181,0.5499,0.0164,0.5397,0.77,0.0062,1.0
compas-alpha_1-beta_1-gamma_1,1571651053,182,0.689,0.0192,0.6772,0.6,0.0074,1.0
compas-alpha_1-beta_1-gamma_1,1571651053,183,0.7935,0.0223,0.7741,0.47,0.0028,1.0
compas-alpha_1-beta_1-gamma_1,1571651054,184,0.6162,0.0244,0.5997,0.77,0.0078,1.0
compas-alpha_1-beta_1-gamma_1,1571651054,185,0.6822,0.019,0.6638,0.6,0.0006,1.0
compas-alpha_1-beta_1-gamma_1,1571651055,186,0.6452,0.0196,0.629,0.63,0.0034,1.0
compas-alpha_1-beta_1-gamma_1,1571651055,187,0.7118,0.0113,0.7009,0.53,0.0005,1.0
compas-alpha_1-beta_1-gamma_1,1571651055,188,0.6517,0.0188,0.6352,0.67,0.0023,1.0
compas-alpha_1-beta_1-gamma_1,1571651056,189,0.6908,0.0167,0.6772,0.7,0.0031,1.0
compas-alpha_1-beta_1-gamma_1,1571651056,190,0.7143,0.0206,0.695,0.57,0.0013,1.0
compas-alpha_1-beta_1-gamma_1,1571651057,191,0.6683,0.0192,0.6529,0.7,0.0038,1.0
compas-alpha_1-beta_1-gamma_1,1571651057,192,0.7093,0.0197,0.6901,0.57,0.0004,1.0
compas-alpha_1-beta_1-gamma_1,1571651057,193,0.7094,0.0131,0.6968,0.63,0.0005,1.0
compas-alpha_1-beta_1-gamma_1,1571651058,194,0.7133,0.0158,0.6977,0.53,0.0003,1.0
compas-alpha_1-beta_1-gamma_1,1571651058,195,0.6947,0.0185,0.6819,0.6,0.0057,1.0
compas-alpha_1-beta_1-gamma_1,1571651059,196,0.7377,0.0184,0.7203,0.73,0.001,1.0
compas-alpha_1-beta_1-gamma_1,1571651059,197,0.621,0.0222,0.6005,0.63,0.0018,1.0
compas-alpha_1-beta_1-gamma_1,1571651060,198,0.5578,0.0223,0.5434,0.77,0.0079,1.0
compas-alpha_1-beta_1-gamma_1,1571651060,199,0.5666,0.0192,0.5499,0.77,0.0025,1.0
compas-alpha_1-beta_1-gamma_1,1571651060,200,0.702,0.0197,0.684,0.53,0.0017,1.0
compas-alpha_1-beta_1-gamma_1,1571651061,201,0.6262,0.0165,0.6097,0.6,0.0001,1.0
compas-alpha_1-beta_1-gamma_1,1571651061,202,0.7192,0.0175,0.7024,0.5,0.0007,1.0
compas-alpha_1-beta_1-gamma_1,1571651062,203,0.6624,0.0197,0.6428,0.6,0.0001,1.0
compas-alpha_1-beta_1-gamma_1,1571651062,204,0.5654,0.027,0.545,0.73,0.0066,1.0
compas-alpha_1-beta_1-gamma_1,1571651063,205,0.465,0.0169,0.4484,0.9,0.0002,1.0
compas-alpha_1-beta_1-gamma_1,1571651063,206,0.5914,0.02,0.5731,0.77,0.0018,1.0
compas-alpha_1-beta_1-gamma_1,1571651063,207,0.5542,0.0173,0.54,0.8,0.0031,1.0
compas-alpha_1-beta_1-gamma_1,1571651064,208,0.7467,0.0211,0.7293,0.7,0.0037,1.0
compas-alpha_1-beta_1-gamma_1,1571651064,209,0.6624,0.0208,0.646,0.63,0.0045,1.0
compas-alpha_1-beta_1-gamma_1,1571651065,210,0.6977,0.013,0.6852,0.53,0.0006,1.0
compas-alpha_1-beta_1-gamma_1,1571651065,211,0.643,0.023,0.6209,0.63,0.0008,1.0
compas-alpha_1-beta_1-gamma_1,1571651065,212,0.5916,0.0086,0.5834,0.7,0.0003,1.0
compas-alpha_1-beta_1-gamma_1,1571651066,213,0.6966,0.0229,0.678,0.67,0.0044,1.0
compas-alpha_1-beta_1-gamma_1,1571651066,214,0.6792,0.0211,0.6604,0.63,0.0023,1.0
compas-alpha_1-beta_1-gamma_1,1571651067,215,0.6502,0.0159,0.6351,0.73,0.0008,1.0
compas-alpha_1-beta_1-gamma_1,1571651067,216,0.5924,0.0131,0.602,0.73,0.0226,1.0
compas-alpha_1-beta_1-gamma_1,1571651067,217,0.5397,0.0172,0.5238,0.83,0.0013,1.0
compas-alpha_1-beta_1-gamma_1,1571651068,218,0.6179,0.0176,0.6041,0.8,0.0038,1.0
compas-alpha_1-beta_1-gamma_1,1571651068,219,0.6978,0.0176,0.681,0.6,0.0008,1.0
compas-alpha_1-beta_1-gamma_1,1571651068,220,0.5913,0.0225,0.5707,0.77,0.0019,1.0
compas-alpha_1-beta_1-gamma_1,1571651069,221,0.6629,0.0229,0.6431,0.7,0.0031,1.0
compas-alpha_1-beta_1-gamma_1,1571651069,222,0.679,0.0177,0.662,0.6,0.0007,1.0
compas-alpha_1-beta_1-gamma_1,1571651070,223,0.6186,0.0177,0.6064,0.63,0.0056,1.0
compas-alpha_1-beta_1-gamma_1,1571651070,224,0.5492,0.0157,0.5372,0.77,0.0037,1.0
compas-alpha_1-beta_1-gamma_1,1571651071,225,0.5594,0.0117,0.5478,0.77,0.0001,1.0
compas-alpha_1-beta_1-gamma_1,1571651071,226,0.6917,0.0145,0.6779,0.63,0.0008,1.0
compas-alpha_1-beta_1-gamma_1,1571651071,227,0.6423,0.0205,0.6251,0.67,0.0033,1.0
compas-alpha_1-beta_1-gamma_1,1571651072,228,0.6322,0.0176,0.6167,0.67,0.0021,1.0
compas-alpha_1-beta_1-gamma_1,1571651072,229,0.6963,0.0231,0.6758,0.7,0.0025,1.0
compas-alpha_1-beta_1-gamma_1,1571651073,230,0.5002,0.0121,0.4905,0.77,0.0024,1.0
compas-alpha_1-beta_1-gamma_1,1571651073,231,0.6699,0.0157,0.6566,0.6,0.0025,1.0
compas-alpha_1-beta_1-gamma_1,1571651073,232,0.7064,0.0154,0.6921,0.53,0.0011,1.0
compas-alpha_1-beta_1-gamma_1,1571651074,233,0.5491,0.0196,0.5297,0.73,0.0002,1.0
compas-alpha_1-beta_1-gamma_1,1571651074,234,0.6055,0.0186,0.5871,0.67,0.0002,1.0
compas-alpha_1-beta_1-gamma_1,1571651075,235,0.6059,0.0121,0.598,0.7,0.0043,1.0
compas-alpha_1-beta_1-gamma_1,1571651075,236,0.6649,0.0166,0.6489,0.7,0.0007,1.0
compas-alpha_1-beta_1-gamma_1,1571651076,237,0.5433,0.0083,0.5355,0.73,0.0005,1.0
compas-alpha_1-beta_1-gamma_1,1571651076,238,0.6148,0.0151,0.6025,0.6,0.0028,1.0
compas-alpha_1-beta_1-gamma_1,1571651076,239,0.546,0.0146,0.5323,0.7,0.0008,1.0
compas-alpha_1-beta_1-gamma_1,1571651077,240,0.6421,0.0178,0.6245,0.57,0.0002,1.0
compas-alpha_1-beta_1-gamma_1,1571651077,241,0.5226,0.019,0.505,0.87,0.0013,1.0
compas-alpha_1-beta_1-gamma_1,1571651078,242,0.7522,0.0144,0.7386,0.57,0.0008,1.0
compas-alpha_1-beta_1-gamma_1,1571651078,243,0.689,0.0169,0.6744,0.6,0.0023,1.0
compas-alpha_1-beta_1-gamma_1,1571651079,244,0.6881,0.017,0.6717,0.63,0.0006,1.0
compas-alpha_1-beta_1-gamma_1,1571651079,245,0.6674,0.0097,0.6592,0.53,0.0014,1.0
compas-alpha_1-beta_1-gamma_1,1571651079,246,0.7317,0.0176,0.7162,0.57,0.0021,1.0
compas-alpha_1-beta_1-gamma_1,1571651080,247,0.6525,0.0182,0.6353,0.57,0.0011,1.0
compas-alpha_1-beta_1-gamma_1,1571651080,248,0.6296,0.0207,0.6098,0.67,0.001,1.0
compas-alpha_1-beta_1-gamma_1,1571651081,249,0.6204,0.0135,0.611,0.67,0.0041,1.0
compas-alpha_1-beta_1-gamma_1,1571651081,250,0.564,0.0136,0.5505,0.8,0.0001,1.0
compas-alpha_1-beta_1-gamma_1,1571651081,251,0.6718,0.013,0.6599,0.57,0.001,1.0
compas-alpha_1-beta_1-gamma_1,1571651082,252,0.5443,0.0144,0.5308,0.77,0.0008,1.0
compas-alpha_1-beta_1-gamma_1,1571651082,253,0.611,0.0149,0.5985,0.67,0.0024,1.0
compas-alpha_1-beta_1-gamma_1,1571651083,254,0.5552,0.0159,0.5394,0.8,0.0001,1.0
compas-alpha_1-beta_1-gamma_1,1571651083,255,0.6659,0.0202,0.6477,0.6,0.0019,1.0
compas-alpha_1-beta_1-gamma_1,1571651083,256,0.5419,0.014,0.5279,0.77,0.0,1.0
compas-alpha_1-beta_1-gamma_1,1571651084,257,0.6204,0.0138,0.6086,0.63,0.002,1.0
compas-alpha_1-beta_1-gamma_1,1571651084,258,0.5884,0.0144,0.5741,0.8,0.0001,1.0
compas-alpha_1-beta_1-gamma_1,1571651085,259,0.728,0.0228,0.7085,0.57,0.0033,1.0
compas-alpha_1-beta_1-gamma_1,1571651085,260,0.6898,0.019,0.6719,0.67,0.0011,1.0
compas-alpha_1-beta_1-gamma_1,1571651085,261,0.6152,0.0138,0.6023,0.6,0.0009,1.0
compas-alpha_1-beta_1-gamma_1,1571651086,262,0.6936,0.0115,0.6834,0.57,0.0013,1.0
compas-alpha_1-beta_1-gamma_1,1571651086,263,0.67,0.0173,0.6535,0.63,0.0008,1.0
compas-alpha_1-beta_1-gamma_1,1571651087,264,0.6428,0.0147,0.6301,0.63,0.002,1.0
compas-alpha_1-beta_1-gamma_1,1571651087,265,0.5882,0.0231,0.5664,0.7,0.0012,1.0
compas-alpha_1-beta_1-gamma_1,1571651088,266,0.6559,0.0217,0.6351,0.67,0.0009,1.0
compas-alpha_1-beta_1-gamma_1,1571651088,267,0.5049,0.0169,0.4885,0.77,0.0005,1.0
compas-alpha_1-beta_1-gamma_1,1571651088,268,0.6905,0.017,0.674,0.53,0.0005,1.0
compas-alpha_1-beta_1-gamma_1,1571651089,269,0.6965,0.0175,0.6796,0.53,0.0006,1.0
compas-alpha_1-beta_1-gamma_1,1571651089,270,0.737,0.0151,0.7272,0.53,0.0053,1.0
compas-alpha_1-beta_1-gamma_1,1571651090,271,0.6564,0.0117,0.6451,0.63,0.0004,1.0
compas-alpha_1-beta_1-gamma_1,1571651090,272,0.5504,0.0133,0.5386,0.77,0.0015,1.0
compas-alpha_1-beta_1-gamma_1,1571651090,273,0.553,0.0165,0.5379,0.7,0.0014,1.0
compas-alpha_1-beta_1-gamma_1,1571651091,274,0.6202,0.0212,0.6001,0.67,0.001,1.0
compas-alpha_1-beta_1-gamma_1,1571651091,275,0.6127,0.0149,0.6047,0.63,0.007,1.0
compas-alpha_1-beta_1-gamma_1,1571651092,276,0.6798,0.0152,0.6649,0.63,0.0003,1.0
compas-alpha_1-beta_1-gamma_1,1571651092,277,0.6772,0.0173,0.6618,0.63,0.0018,1.0
compas-alpha_1-beta_1-gamma_1,1571651092,278,0.5725,0.0122,0.5606,0.8,0.0003,1.0
compas-alpha_1-beta_1-gamma_1,1571651093,279,0.6094,0.0163,0.5942,0.63,0.0011,1.0
compas-alpha_1-beta_1-gamma_1,1571651093,280,0.569,0.0147,0.5545,0.73,0.0001,1.0
compas-alpha_1-beta_1-gamma_1,1571651094,281,0.7068,0.0139,0.6929,0.5,0.0,1.0
compas-alpha_1-beta_1-gamma_1,1571651094,282,0.5122,0.0187,0.4947,0.83,0.0012,1.0
compas-alpha_1-beta_1-gamma_1,1571651094,283,0.6231,0.0168,0.6093,0.6,0.003,1.0
compas-alpha_1-beta_1-gamma_1,1571651095,284,0.6279,0.0147,0.6133,0.67,0.0001,1.0
compas-alpha_1-beta_1-gamma_1,1571651095,285,0.7456,0.0154,0.7313,0.6,0.001,1.0
compas-alpha_1-beta_1-gamma_1,1571651096,286,0.7218,0.017,0.7048,0.7,0.0,1.0
compas-alpha_1-beta_1-gamma_1,1571651096,287,0.7812,0.0162,0.7662,0.57,0.0012,1.0
compas-alpha_1-beta_1-gamma_1,1571651096,288,0.6828,0.0184,0.6647,0.63,0.0002,1.0
compas-alpha_1-beta_1-gamma_1,1571651097,289,0.6378,0.0177,0.6201,0.73,0.0,1.0
compas-alpha_1-beta_1-gamma_1,1571651097,290,0.7256,0.0227,0.7034,0.6,0.0006,1.0
compas-alpha_1-beta_1-gamma_1,1571651098,291,0.6403,0.0172,0.6236,0.7,0.0006,1.0
compas-alpha_1-beta_1-gamma_1,1571651098,292,0.513,0.0157,0.4974,0.83,0.0001,1.0
compas-alpha_1-beta_1-gamma_1,1571651098,293,0.709,0.0173,0.6921,0.57,0.0004,1.0
compas-alpha_1-beta_1-gamma_1,1571651099,294,0.5982,0.0117,0.5873,0.8,0.0008,1.0
compas-alpha_1-beta_1-gamma_1,1571651099,295,0.6119,0.0198,0.5923,0.7,0.0002,1.0
compas-alpha_1-beta_1-gamma_1,1571651100,296,0.6702,0.0132,0.6571,0.67,0.0001,1.0
compas-alpha_1-beta_1-gamma_1,1571651100,297,0.5864,0.0087,0.5786,0.8,0.0009,1.0
compas-alpha_1-beta_1-gamma_1,1571651100,298,0.6486,0.0125,0.6363,0.6,0.0003,1.0
compas-alpha_1-beta_1-gamma_1,1571651101,299,0.6057,0.0138,0.5923,0.77,0.0004,1.0
compas-alpha_1-beta_1-gamma_1,1571651101,300,0.5929,0.0129,0.5821,0.63,0.0021,1.0
compas-alpha_1-beta_1-gamma_1,1571651102,301,0.6285,0.0165,0.6127,0.7,0.0007,1.0
compas-alpha_1-beta_1-gamma_1,1571651102,302,0.6046,0.0229,0.5822,0.7,0.0005,1.0
compas-alpha_1-beta_1-gamma_1,1571651102,303,0.5036,0.0145,0.4904,0.8,0.0013,1.0
compas-alpha_1-beta_1-gamma_1,1571651103,304,0.6363,0.0191,0.618,0.67,0.0007,1.0
compas-alpha_1-beta_1-gamma_1,1571651103,305,0.5952,0.0151,0.5814,0.77,0.0013,1.0
compas-alpha_1-beta_1-gamma_1,1571651103,306,0.5929,0.0196,0.5737,0.67,0.0004,1.0
compas-alpha_1-beta_1-gamma_1,1571651104,307,0.6364,0.0133,0.6244,0.63,0.0013,1.0
compas-alpha_1-beta_1-gamma_1,1571651104,308,0.6627,0.0189,0.6439,0.7,0.0001,1.0
compas-alpha_1-beta_1-gamma_1,1571651105,309,0.7138,0.011,0.7033,0.6,0.0005,1.0
compas-alpha_1-beta_1-gamma_1,1571651105,310,0.6423,0.0166,0.6282,0.67,0.0024,1.0
compas-alpha_1-beta_1-gamma_1,1571651106,311,0.6785,0.02,0.6604,0.63,0.0019,1.0
compas-alpha_1-beta_1-gamma_1,1571651106,312,0.6133,0.0165,0.5972,0.7,0.0004,1.0
compas-alpha_1-beta_1-gamma_1,1571651106,313,0.6257,0.0185,0.6084,0.63,0.0013,1.0
compas-alpha_1-beta_1-gamma_1,1571651107,314,0.6507,0.0207,0.63,0.67,0.0001,1.0
compas-alpha_1-beta_1-gamma_1,1571651107,315,0.5754,0.0197,0.5558,0.73,0.0001,1.0
compas-alpha_1-beta_1-gamma_1,1571651108,316,0.6369,0.0264,0.6108,0.7,0.0002,1.0
compas-alpha_1-beta_1-gamma_1,1571651108,317,0.7069,0.0192,0.689,0.63,0.0013,1.0
compas-alpha_1-beta_1-gamma_1,1571651108,318,0.6142,0.0213,0.5936,0.7,0.0006,1.0
compas-alpha_1-beta_1-gamma_1,1571651109,319,0.5873,0.0193,0.5681,0.7,0.0001,1.0
compas-alpha_1-beta_1-gamma_1,1571651109,320,0.617,0.0117,0.6069,0.63,0.0016,1.0
compas-alpha_1-beta_1-gamma_1,1571651110,321,0.5858,0.0231,0.5628,0.83,0.0001,1.0
compas-alpha_1-beta_1-gamma_1,1571651110,322,0.6662,0.017,0.6502,0.57,0.001,1.0
compas-alpha_1-beta_1-gamma_1,1571651110,323,0.5995,0.0155,0.584,0.63,0.0,1.0
compas-alpha_1-beta_1-gamma_1,1571651111,324,0.6526,0.0118,0.6408,0.7,0.0001,1.0
compas-alpha_1-beta_1-gamma_1,1571651111,325,0.7081,0.0181,0.6901,0.6,0.0,1.0
compas-alpha_1-beta_1-gamma_1,1571651112,326,0.6915,0.012,0.6814,0.57,0.0019,1.0
compas-alpha_1-beta_1-gamma_1,1571651112,327,0.6773,0.0165,0.6616,0.57,0.0007,1.0
compas-alpha_1-beta_1-gamma_1,1571651112,328,0.645,0.0138,0.6313,0.67,0.0001,1.0
compas-alpha_1-beta_1-gamma_1,1571651113,329,0.6286,0.0185,0.6118,0.73,0.0017,1.0
compas-alpha_1-beta_1-gamma_1,1571651113,330,0.6168,0.0155,0.6013,0.7,0.0,1.0
compas-alpha_1-beta_1-gamma_1,1571651114,331,0.6816,0.01,0.672,0.6,0.0004,1.0
compas-alpha_1-beta_1-gamma_1,1571651114,332,0.7544,0.0191,0.7355,0.6,0.0002,1.0
compas-alpha_1-beta_1-gamma_1,1571651114,333,0.6233,0.0127,0.6116,0.7,0.001,1.0
compas-alpha_1-beta_1-gamma_1,1571651115,334,0.6335,0.0203,0.6132,0.7,0.0001,1.0
compas-alpha_1-beta_1-gamma_1,1571651115,335,0.6785,0.0187,0.6599,0.57,0.0001,1.0
compas-alpha_1-beta_1-gamma_1,1571651116,336,0.5581,0.0102,0.5487,0.77,0.0008,1.0
compas-alpha_1-beta_1-gamma_1,1571651116,337,0.5392,0.0165,0.5226,0.77,0.0,1.0
compas-alpha_1-beta_1-gamma_1,1571651116,338,0.6842,0.0165,0.6684,0.77,0.0006,1.0
compas-alpha_1-beta_1-gamma_1,1571651117,339,0.6121,0.0118,0.6006,0.67,0.0002,1.0
compas-alpha_1-beta_1-gamma_1,1571651117,340,0.5595,0.0164,0.5431,0.8,0.0,1.0
compas-alpha_1-beta_1-gamma_1,1571651118,341,0.6742,0.0176,0.6567,0.63,0.0001,1.0
compas-alpha_1-beta_1-gamma_1,1571651118,342,0.5904,0.0174,0.5731,0.7,0.0001,1.0
compas-alpha_1-beta_1-gamma_1,1571651118,343,0.6969,0.0134,0.6843,0.6,0.0008,1.0
compas-alpha_1-beta_1-gamma_1,1571651119,344,0.7142,0.0135,0.7007,0.6,0.0,1.0
compas-alpha_1-beta_1-gamma_1,1571651119,345,0.7145,0.019,0.697,0.67,0.0015,1.0
compas-alpha_1-beta_1-gamma_1,1571651120,346,0.7113,0.0159,0.6955,0.67,0.0002,1.0
compas-alpha_1-beta_1-gamma_1,1571651120,347,0.6995,0.0236,0.6768,0.63,0.001,1.0
compas-alpha_1-beta_1-gamma_1,1571651120,348,0.7078,0.0174,0.6909,0.6,0.0004,1.0
compas-alpha_1-beta_1-gamma_1,1571651121,349,0.696,0.0108,0.6858,0.63,0.0006,1.0
compas-alpha_1-beta_1-gamma_1,1571651121,350,0.6448,0.0234,0.6227,0.7,0.0013,1.0
compas-alpha_1-beta_1-gamma_1,1571651122,351,0.643,0.0158,0.6279,0.7,0.0008,1.0
compas-alpha_1-beta_1-gamma_1,1571651122,352,0.493,0.0194,0.4736,0.87,0.0,1.0
compas-alpha_1-beta_1-gamma_1,1571651122,353,0.562,0.024,0.5392,0.77,0.0011,1.0
compas-alpha_1-beta_1-gamma_1,1571651123,354,0.6336,0.0159,0.6189,0.67,0.0011,1.0
compas-alpha_1-beta_1-gamma_1,1571651123,355,0.6421,0.0099,0.6322,0.63,0.0,1.0
compas-alpha_1-beta_1-gamma_1,1571651124,356,0.6789,0.014,0.6649,0.67,0.0,1.0
compas-alpha_1-beta_1-gamma_1,1571651124,357,0.6746,0.0165,0.6588,0.67,0.0006,1.0
compas-alpha_1-beta_1-gamma_1,1571651124,358,0.4828,0.014,0.4688,0.9,0.0001,1.0
compas-alpha_1-beta_1-gamma_1,1571651125,359,0.607,0.0225,0.5869,0.73,0.0023,1.0
compas-alpha_1-beta_1-gamma_1,1571651125,360,0.6376,0.0207,0.6175,0.73,0.0006,1.0
compas-alpha_1-beta_1-gamma_1,1571651126,361,0.5727,0.0148,0.5585,0.77,0.0006,1.0
compas-alpha_1-beta_1-gamma_1,1571651126,362,0.5855,0.0157,0.5699,0.77,0.0,1.0
compas-alpha_1-beta_1-gamma_1,1571651126,363,0.5188,0.0107,0.5081,0.8,0.0,1.0
compas-alpha_1-beta_1-gamma_1,1571651127,364,0.5899,0.0134,0.5768,0.7,0.0004,1.0
compas-alpha_1-beta_1-gamma_1,1571651127,365,0.7387,0.0184,0.7203,0.53,0.0,1.0
compas-alpha_1-beta_1-gamma_1,1571651128,366,0.6083,0.012,0.5965,0.7,0.0001,1.0
compas-alpha_1-beta_1-gamma_1,1571651128,367,0.7172,0.0175,0.6997,0.47,0.0,1.0
compas-alpha_1-beta_1-gamma_1,1571651128,368,0.5562,0.0247,0.5317,0.83,0.0002,1.0
compas-alpha_1-beta_1-gamma_1,1571651129,369,0.668,0.0166,0.6515,0.6,0.0,1.0
compas-alpha_1-beta_1-gamma_1,1571651129,370,0.6789,0.0149,0.6643,0.53,0.0003,1.0
compas-alpha_1-beta_1-gamma_1,1571651130,371,0.725,0.0173,0.7083,0.57,0.0005,1.0
compas-alpha_1-beta_1-gamma_1,1571651130,372,0.7165,0.0208,0.6958,0.53,0.0001,1.0
compas-alpha_1-beta_1-gamma_1,1571651130,373,0.6789,0.022,0.6569,0.67,0.0,1.0
compas-alpha_1-beta_1-gamma_1,1571651131,374,0.6068,0.0147,0.5921,0.73,0.0,1.0
compas-alpha_1-beta_1-gamma_1,1571651131,375,0.6228,0.0179,0.6056,0.73,0.0007,1.0
compas-alpha_1-beta_1-gamma_1,1571651132,376,0.665,0.0154,0.6497,0.6,0.0001,1.0
compas-alpha_1-beta_1-gamma_1,1571651132,377,0.6444,0.0171,0.6274,0.67,0.0002,1.0
compas-alpha_1-beta_1-gamma_1,1571651132,378,0.5744,0.0106,0.564,0.67,0.0002,1.0
compas-alpha_1-beta_1-gamma_1,1571651133,379,0.7814,0.0204,0.7613,0.5,0.0002,1.0
compas-alpha_1-beta_1-gamma_1,1571651133,380,0.544,0.0153,0.5292,0.8,0.0005,1.0
compas-alpha_1-beta_1-gamma_1,1571651134,381,0.6745,0.0186,0.6559,0.63,0.0,1.0
compas-alpha_1-beta_1-gamma_1,1571651134,382,0.7585,0.0183,0.7406,0.47,0.0004,1.0
compas-alpha_1-beta_1-gamma_1,1571651135,383,0.6067,0.0181,0.5887,0.7,0.0001,1.0
compas-alpha_1-beta_1-gamma_1,1571651135,384,0.5807,0.0202,0.5606,0.67,0.0001,1.0
compas-alpha_1-beta_1-gamma_1,1571651135,385,0.6789,0.0189,0.6602,0.7,0.0001,1.0
compas-alpha_1-beta_1-gamma_1,1571651136,386,0.5461,0.012,0.5341,0.8,0.0,1.0
compas-alpha_1-beta_1-gamma_1,1571651136,387,0.5886,0.0154,0.5738,0.73,0.0006,1.0
compas-alpha_1-beta_1-gamma_1,1571651137,388,0.5811,0.0116,0.5696,0.8,0.0002,1.0
compas-alpha_1-beta_1-gamma_1,1571651137,389,0.6861,0.0183,0.6698,0.57,0.002,1.0
compas-alpha_1-beta_1-gamma_1,1571651138,390,0.6083,0.0158,0.5925,0.67,0.0,1.0
compas-alpha_1-beta_1-gamma_1,1571651138,391,0.5574,0.011,0.5468,0.77,0.0005,1.0
compas-alpha_1-beta_1-gamma_1,1571651138,392,0.6429,0.0139,0.6292,0.63,0.0003,1.0
compas-alpha_1-beta_1-gamma_1,1571651139,393,0.7385,0.0171,0.7218,0.6,0.0005,1.0
compas-alpha_1-beta_1-gamma_1,1571651139,394,0.6707,0.0152,0.6556,0.63,0.0001,1.0
compas-alpha_1-beta_1-gamma_1,1571651139,395,0.7605,0.0193,0.7416,0.57,0.0004,1.0
compas-alpha_1-beta_1-gamma_1,1571651140,396,0.6159,0.0102,0.6065,0.63,0.0007,1.0
compas-alpha_1-beta_1-gamma_1,1571651140,397,0.6721,0.0258,0.6477,0.63,0.0015,1.0
compas-alpha_1-beta_1-gamma_1,1571651141,398,0.5688,0.019,0.5499,0.8,0.0001,1.0
compas-alpha_1-beta_1-gamma_1,1571651141,399,0.5541,0.0183,0.5362,0.73,0.0004,1.0
compas-alpha_1-beta_1-gamma_1,1571651141,400,0.5689,0.0118,0.5571,0.83,0.0,1.0
compas-alpha_1-beta_1-gamma_1,1571651142,401,0.6495,0.0165,0.6337,0.73,0.0007,1.0
compas-alpha_1-beta_1-gamma_1,1571651142,402,0.596,0.0115,0.5845,0.7,0.0,1.0
compas-alpha_1-beta_1-gamma_1,1571651143,403,0.7152,0.0182,0.6972,0.6,0.0001,1.0
compas-alpha_1-beta_1-gamma_1,1571651143,404,0.6417,0.0187,0.6234,0.7,0.0004,1.0
compas-alpha_1-beta_1-gamma_1,1571651143,405,0.5339,0.0129,0.521,0.8,0.0,1.0
compas-alpha_1-beta_1-gamma_1,1571651144,406,0.7149,0.0139,0.701,0.53,0.0,1.0
compas-alpha_1-beta_1-gamma_1,1571651144,407,0.6493,0.0167,0.6326,0.63,0.0,1.0
compas-alpha_1-beta_1-gamma_1,1571651145,408,0.8087,0.0157,0.7938,0.47,0.0008,1.0
compas-alpha_1-beta_1-gamma_1,1571651145,409,0.5997,0.0184,0.5815,0.57,0.0002,1.0
compas-alpha_1-beta_1-gamma_1,1571651145,410,0.6742,0.0167,0.6577,0.63,0.0002,1.0
compas-alpha_1-beta_1-gamma_1,1571651146,411,0.5948,0.0144,0.5805,0.73,0.0001,1.0
compas-alpha_1-beta_1-gamma_1,1571651146,412,0.617,0.0139,0.6031,0.7,0.0001,1.0
compas-alpha_1-beta_1-gamma_1,1571651147,413,0.475,0.0165,0.4586,0.83,0.0,1.0
compas-alpha_1-beta_1-gamma_1,1571651147,414,0.607,0.0185,0.5886,0.73,0.0001,1.0
compas-alpha_1-beta_1-gamma_1,1571651147,415,0.5632,0.0102,0.5533,0.77,0.0003,1.0
compas-alpha_1-beta_1-gamma_1,1571651148,416,0.6659,0.0228,0.6433,0.63,0.0001,1.0
compas-alpha_1-beta_1-gamma_1,1571651148,417,0.5958,0.0146,0.5812,0.7,0.0,1.0
compas-alpha_1-beta_1-gamma_1,1571651149,418,0.6787,0.0153,0.6635,0.63,0.0002,1.0
compas-alpha_1-beta_1-gamma_1,1571651149,419,0.6204,0.0207,0.5997,0.77,0.0,1.0
compas-alpha_1-beta_1-gamma_1,1571651149,420,0.5827,0.0116,0.5711,0.73,0.0,1.0
compas-alpha_1-beta_1-gamma_1,1571651150,421,0.5621,0.0168,0.5453,0.8,0.0,1.0
compas-alpha_1-beta_1-gamma_1,1571651150,422,0.755,0.0132,0.7422,0.57,0.0004,1.0
compas-alpha_1-beta_1-gamma_1,1571651151,423,0.718,0.0166,0.7014,0.57,0.0,1.0
compas-alpha_1-beta_1-gamma_1,1571651151,424,0.5637,0.0078,0.5564,0.8,0.0004,1.0
compas-alpha_1-beta_1-gamma_1,1571651151,425,0.5675,0.0197,0.5484,0.73,0.0006,1.0
compas-alpha_1-beta_1-gamma_1,1571651152,426,0.627,0.0231,0.6041,0.7,0.0002,1.0
compas-alpha_1-beta_1-gamma_1,1571651152,427,0.5435,0.0209,0.5225,0.8,0.0,1.0
compas-alpha_1-beta_1-gamma_1,1571651153,428,0.5994,0.0182,0.5814,0.77,0.0002,1.0
compas-alpha_1-beta_1-gamma_1,1571651153,429,0.6498,0.0116,0.6383,0.57,0.0001,1.0
compas-alpha_1-beta_1-gamma_1,1571651153,430,0.5973,0.0176,0.58,0.73,0.0003,1.0
compas-alpha_1-beta_1-gamma_1,1571651154,431,0.657,0.0176,0.6394,0.57,0.0,1.0
compas-alpha_1-beta_1-gamma_1,1571651154,432,0.5843,0.0145,0.5701,0.8,0.0003,1.0
compas-alpha_1-beta_1-gamma_1,1571651154,433,0.6531,0.0183,0.6354,0.57,0.0006,1.0
compas-alpha_1-beta_1-gamma_1,1571651155,434,0.6811,0.0166,0.6645,0.63,0.0,1.0
compas-alpha_1-beta_1-gamma_1,1571651155,435,0.5598,0.0189,0.5409,0.73,0.0,1.0
compas-alpha_1-beta_1-gamma_1,1571651156,436,0.5989,0.013,0.5863,0.63,0.0003,1.0
compas-alpha_1-beta_1-gamma_1,1571651156,437,0.5476,0.0139,0.534,0.73,0.0004,1.0
compas-alpha_1-beta_1-gamma_1,1571651156,438,0.6173,0.0189,0.5984,0.63,0.0,1.0
compas-alpha_1-beta_1-gamma_1,1571651157,439,0.5123,0.0139,0.4985,0.83,0.0002,1.0
compas-alpha_1-beta_1-gamma_1,1571651157,440,0.6332,0.0113,0.6221,0.67,0.0002,1.0
compas-alpha_1-beta_1-gamma_1,1571651158,441,0.6528,0.017,0.6363,0.6,0.0004,1.0
compas-alpha_1-beta_1-gamma_1,1571651158,442,0.5194,0.0136,0.5057,0.83,0.0,1.0
compas-alpha_1-beta_1-gamma_1,1571651158,443,0.5791,0.0126,0.5666,0.73,0.0001,1.0
compas-alpha_1-beta_1-gamma_1,1571651159,444,0.6302,0.0124,0.6181,0.7,0.0003,1.0
compas-alpha_1-beta_1-gamma_1,1571651159,445,0.6636,0.0147,0.649,0.7,0.0001,1.0
compas-alpha_1-beta_1-gamma_1,1571651159,446,0.5988,0.0152,0.5838,0.7,0.0002,1.0
compas-alpha_1-beta_1-gamma_1,1571651160,447,0.7128,0.0125,0.7004,0.57,0.0002,1.0
compas-alpha_1-beta_1-gamma_1,1571651160,448,0.7264,0.021,0.7055,0.53,0.0001,1.0
compas-alpha_1-beta_1-gamma_1,1571651161,449,0.5887,0.0166,0.5722,0.7,0.0001,1.0
compas-alpha_1-beta_1-gamma_1,1571651161,450,0.5727,0.017,0.5557,0.77,0.0,1.0
compas-alpha_1-beta_1-gamma_1,1571651161,451,0.6704,0.0219,0.6486,0.73,0.0001,1.0
compas-alpha_1-beta_1-gamma_1,1571651162,452,0.6377,0.009,0.6288,0.77,0.0,1.0
compas-alpha_1-beta_1-gamma_1,1571651162,453,0.569,0.0154,0.554,0.73,0.0004,1.0
compas-alpha_1-beta_1-gamma_1,1571651163,454,0.5928,0.0273,0.5657,0.73,0.0003,1.0
compas-alpha_1-beta_1-gamma_1,1571651163,455,0.6108,0.0157,0.5951,0.77,0.0,1.0
compas-alpha_1-beta_1-gamma_1,1571651164,456,0.6832,0.0145,0.6689,0.57,0.0002,1.0
compas-alpha_1-beta_1-gamma_1,1571651164,457,0.6498,0.0213,0.629,0.67,0.0005,1.0
compas-alpha_1-beta_1-gamma_1,1571651164,458,0.5704,0.0165,0.554,0.7,0.0001,1.0
compas-alpha_1-beta_1-gamma_1,1571651165,459,0.4875,0.0125,0.4751,0.8,0.0001,1.0
compas-alpha_1-beta_1-gamma_1,1571651165,460,0.6136,0.017,0.5967,0.67,0.0002,1.0
compas-alpha_1-beta_1-gamma_1,1571651166,461,0.5761,0.0138,0.5624,0.73,0.0,1.0
compas-alpha_1-beta_1-gamma_1,1571651166,462,0.6416,0.0183,0.6237,0.6,0.0003,1.0
compas-alpha_1-beta_1-gamma_1,1571651166,463,0.6603,0.0185,0.6419,0.6,0.0001,1.0
compas-alpha_1-beta_1-gamma_1,1571651167,464,0.7394,0.0122,0.7276,0.6,0.0003,1.0
compas-alpha_1-beta_1-gamma_1,1571651167,465,0.5003,0.0156,0.4848,0.83,0.0,1.0
compas-alpha_1-beta_1-gamma_1,1571651168,466,0.5538,0.0196,0.5343,0.77,0.0001,1.0
compas-alpha_1-beta_1-gamma_1,1571651168,467,0.5787,0.0111,0.5676,0.7,0.0,1.0
compas-alpha_1-beta_1-gamma_1,1571651168,468,0.7236,0.0137,0.71,0.63,0.0,1.0
compas-alpha_1-beta_1-gamma_1,1571651169,469,0.5833,0.0149,0.5685,0.83,0.0001,1.0
compas-alpha_1-beta_1-gamma_1,1571651169,470,0.7536,0.0217,0.732,0.47,0.0001,1.0
compas-alpha_1-beta_1-gamma_1,1571651170,471,0.601,0.0157,0.5854,0.7,0.0001,1.0
compas-alpha_1-beta_1-gamma_1,1571651170,472,0.619,0.0187,0.6004,0.63,0.0001,1.0
compas-alpha_1-beta_1-gamma_1,1571651170,473,0.6748,0.018,0.657,0.53,0.0002,1.0
compas-alpha_1-beta_1-gamma_1,1571651171,474,0.6471,0.0194,0.6277,0.63,0.0,1.0
compas-alpha_1-beta_1-gamma_1,1571651171,475,0.6859,0.0153,0.6705,0.63,0.0,1.0
compas-alpha_1-beta_1-gamma_1,1571651172,476,0.6029,0.0194,0.5836,0.77,0.0001,1.0
compas-alpha_1-beta_1-gamma_1,1571651172,477,0.6645,0.0154,0.6491,0.67,0.0,1.0
compas-alpha_1-beta_1-gamma_1,1571651172,478,0.5754,0.0165,0.5589,0.7,0.0,1.0
compas-alpha_1-beta_1-gamma_1,1571651173,479,0.6235,0.0149,0.6087,0.7,0.0001,1.0
compas-alpha_1-beta_1-gamma_1,1571651173,480,0.6907,0.0098,0.681,0.63,0.0,1.0
compas-alpha_1-beta_1-gamma_1,1571651174,481,0.5295,0.0191,0.5106,0.83,0.0001,1.0
compas-alpha_1-beta_1-gamma_1,1571651174,482,0.5866,0.019,0.5677,0.73,0.0,1.0
compas-alpha_1-beta_1-gamma_1,1571651174,483,0.5656,0.0182,0.5476,0.8,0.0002,1.0
compas-alpha_1-beta_1-gamma_1,1571651175,484,0.6334,0.0169,0.6167,0.63,0.0002,1.0
compas-alpha_1-beta_1-gamma_1,1571651175,485,0.6418,0.0124,0.6294,0.7,0.0,1.0
compas-alpha_1-beta_1-gamma_1,1571651176,486,0.6375,0.019,0.6185,0.6,0.0,1.0
compas-alpha_1-beta_1-gamma_1,1571651176,487,0.6748,0.0247,0.6503,0.57,0.0002,1.0
compas-alpha_1-beta_1-gamma_1,1571651176,488,0.6645,0.0153,0.6492,0.57,0.0,1.0
compas-alpha_1-beta_1-gamma_1,1571651177,489,0.782,0.0138,0.7684,0.5,0.0001,1.0
compas-alpha_1-beta_1-gamma_1,1571651177,490,0.7484,0.0129,0.7355,0.63,0.0,1.0
compas-alpha_1-beta_1-gamma_1,1571651178,491,0.6911,0.015,0.676,0.63,0.0,1.0
compas-alpha_1-beta_1-gamma_1,1571651178,492,0.6815,0.0154,0.6662,0.6,0.0001,1.0
compas-alpha_1-beta_1-gamma_1,1571651178,493,0.5629,0.013,0.5499,0.73,0.0,1.0
compas-alpha_1-beta_1-gamma_1,1571651179,494,0.6319,0.0124,0.6196,0.67,0.0001,1.0
compas-alpha_1-beta_1-gamma_1,1571651179,495,0.684,0.0219,0.6621,0.63,0.0,1.0
compas-alpha_1-beta_1-gamma_1,1571651180,496,0.705,0.0276,0.6774,0.63,0.0,1.0
compas-alpha_1-beta_1-gamma_1,1571651180,497,0.6404,0.0255,0.6152,0.7,0.0003,1.0
compas-alpha_1-beta_1-gamma_1,1571651180,498,0.5638,0.0154,0.5484,0.77,0.0,1.0
compas-alpha_1-beta_1-gamma_1,1571651181,499,0.6035,0.0134,0.5904,0.7,0.0002,1.0
compas-alpha_1-beta_1-gamma_1,1571651181,500,0.6796,0.0188,0.6608,0.63,0.0001,1.0
compas-alpha_1-beta_1-gamma_1,1571651182,501,0.5833,0.0168,0.5666,0.7,0.0,1.0
compas-alpha_1-beta_1-gamma_1,1571651182,502,0.6888,0.0146,0.6742,0.67,0.0001,1.0
compas-alpha_1-beta_1-gamma_1,1571651182,503,0.6005,0.0156,0.5849,0.73,0.0,1.0
compas-alpha_1-beta_1-gamma_1,1571651183,504,0.6437,0.0162,0.6275,0.7,0.0,1.0
compas-alpha_1-beta_1-gamma_1,1571651183,505,0.7372,0.0215,0.7159,0.57,0.0002,1.0
compas-alpha_1-beta_1-gamma_1,1571651184,506,0.6288,0.0122,0.6168,0.73,0.0002,1.0
compas-alpha_1-beta_1-gamma_1,1571651184,507,0.6224,0.0174,0.6053,0.7,0.0003,1.0
compas-alpha_1-beta_1-gamma_1,1571651184,508,0.5941,0.0123,0.5819,0.63,0.0001,1.0
compas-alpha_1-beta_1-gamma_1,1571651185,509,0.6776,0.0166,0.6613,0.57,0.0002,1.0
compas-alpha_1-beta_1-gamma_1,1571651185,510,0.6824,0.0166,0.6659,0.7,0.0,1.0
compas-alpha_1-beta_1-gamma_1,1571651186,511,0.6619,0.0176,0.6443,0.73,0.0,1.0
compas-alpha_1-beta_1-gamma_1,1571651186,512,0.5983,0.0177,0.5806,0.73,0.0,1.0
compas-alpha_1-beta_1-gamma_1,1571651186,513,0.6467,0.0102,0.6367,0.63,0.0002,1.0
compas-alpha_1-beta_1-gamma_1,1571651187,514,0.7443,0.0183,0.726,0.57,0.0,1.0
compas-alpha_1-beta_1-gamma_1,1571651187,515,0.7298,0.0151,0.7147,0.5,0.0,1.0
compas-alpha_1-beta_1-gamma_1,1571651188,516,0.6285,0.0109,0.6176,0.73,0.0,1.0
compas-alpha_1-beta_1-gamma_1,1571651188,517,0.7424,0.014,0.7284,0.53,0.0001,1.0
compas-alpha_1-beta_1-gamma_1,1571651188,518,0.5744,0.0157,0.5588,0.8,0.0,1.0
compas-alpha_1-beta_1-gamma_1,1571651189,519,0.5865,0.0076,0.5791,0.73,0.0002,1.0
compas-alpha_1-beta_1-gamma_1,1571651189,520,0.612,0.0175,0.5948,0.67,0.0002,1.0
compas-alpha_1-beta_1-gamma_1,1571651190,521,0.6959,0.0106,0.6854,0.63,0.0001,1.0
compas-alpha_1-beta_1-gamma_1,1571651190,522,0.5853,0.0188,0.5666,0.77,0.0001,1.0
compas-alpha_1-beta_1-gamma_1,1571651190,523,0.642,0.0157,0.6264,0.57,0.0001,1.0
compas-alpha_1-beta_1-gamma_1,1571651191,524,0.4856,0.0185,0.4672,0.83,0.0,1.0
compas-alpha_1-beta_1-gamma_1,1571651191,525,0.6242,0.0117,0.6126,0.77,0.0,1.0
compas-alpha_1-beta_1-gamma_1,1571651192,526,0.6608,0.0112,0.6496,0.57,0.0,1.0
compas-alpha_1-beta_1-gamma_1,1571651192,527,0.6242,0.0177,0.6065,0.67,0.0,1.0
compas-alpha_1-beta_1-gamma_1,1571651192,528,0.5535,0.0126,0.541,0.77,0.0002,1.0
compas-alpha_1-beta_1-gamma_1,1571651193,529,0.6016,0.0188,0.5828,0.63,0.0,1.0
compas-alpha_1-beta_1-gamma_1,1571651193,530,0.6008,0.0183,0.5827,0.7,0.0001,1.0
compas-alpha_1-beta_1-gamma_1,1571651194,531,0.6763,0.0072,0.6693,0.67,0.0002,1.0
compas-alpha_1-beta_1-gamma_1,1571651194,532,0.6017,0.0159,0.5858,0.63,0.0,1.0
compas-alpha_1-beta_1-gamma_1,1571651194,533,0.6965,0.0165,0.6801,0.7,0.0,1.0
compas-alpha_1-beta_1-gamma_1,1571651195,534,0.7544,0.0159,0.7387,0.57,0.0001,1.0
compas-alpha_1-beta_1-gamma_1,1571651195,535,0.6893,0.0249,0.6644,0.63,0.0,1.0
compas-alpha_1-beta_1-gamma_1,1571651196,536,0.651,0.0119,0.6396,0.6,0.0004,1.0
compas-alpha_1-beta_1-gamma_1,1571651196,537,0.6919,0.0162,0.6757,0.63,0.0,1.0
compas-alpha_1-beta_1-gamma_1,1571651196,538,0.6537,0.0172,0.6366,0.57,0.0,1.0
compas-alpha_1-beta_1-gamma_1,1571651197,539,0.6672,0.0139,0.6534,0.7,0.0001,1.0
compas-alpha_1-beta_1-gamma_1,1571651197,540,0.6169,0.0168,0.6008,0.63,0.0007,1.0
compas-alpha_1-beta_1-gamma_1,1571651198,541,0.6648,0.0141,0.6508,0.63,0.0001,1.0
compas-alpha_1-beta_1-gamma_1,1571651198,542,0.6398,0.013,0.627,0.77,0.0001,1.0
compas-alpha_1-beta_1-gamma_1,1571651198,543,0.6304,0.0094,0.6209,0.63,0.0,1.0
compas-alpha_1-beta_1-gamma_1,1571651199,544,0.643,0.0125,0.6305,0.6,0.0,1.0
compas-alpha_1-beta_1-gamma_1,1571651199,545,0.7632,0.0164,0.7469,0.57,0.0,1.0
compas-alpha_1-beta_1-gamma_1,1571651200,546,0.5813,0.0141,0.5672,0.73,0.0,1.0
compas-alpha_1-beta_1-gamma_1,1571651200,547,0.6712,0.0135,0.6576,0.7,0.0,1.0
compas-alpha_1-beta_1-gamma_1,1571651200,548,0.7529,0.0183,0.7347,0.6,0.0,1.0
compas-alpha_1-beta_1-gamma_1,1571651201,549,0.7336,0.0184,0.7152,0.53,0.0,1.0
compas-alpha_1-beta_1-gamma_1,1571651201,550,0.7246,0.0174,0.7072,0.57,0.0,1.0
compas-alpha_1-beta_1-gamma_1,1571651202,551,0.6294,0.0189,0.6105,0.67,0.0,1.0
compas-alpha_1-beta_1-gamma_1,1571651202,552,0.5868,0.0112,0.5757,0.67,0.0001,1.0
compas-alpha_1-beta_1-gamma_1,1571651202,553,0.6529,0.0125,0.6404,0.6,0.0,1.0
compas-alpha_1-beta_1-gamma_1,1571651203,554,0.7161,0.0189,0.6972,0.57,0.0,1.0
compas-alpha_1-beta_1-gamma_1,1571651203,555,0.5986,0.0148,0.5838,0.7,0.0,1.0
compas-alpha_1-beta_1-gamma_1,1571651204,556,0.6634,0.0194,0.6441,0.57,0.0001,1.0
compas-alpha_1-beta_1-gamma_1,1571651204,557,0.5195,0.0202,0.4994,0.83,0.0,1.0
compas-alpha_1-beta_1-gamma_1,1571651204,558,0.5171,0.0135,0.5035,0.87,0.0,1.0
compas-alpha_1-beta_1-gamma_1,1571651205,559,0.642,0.0149,0.6271,0.7,0.0,1.0
compas-alpha_1-beta_1-gamma_1,1571651205,560,0.5478,0.0161,0.5317,0.73,0.0,1.0
compas-alpha_1-beta_1-gamma_1,1571651206,561,0.6755,0.0154,0.6601,0.7,0.0,1.0
compas-alpha_1-beta_1-gamma_1,1571651206,562,0.633,0.0157,0.6172,0.7,0.0,1.0
compas-alpha_1-beta_1-gamma_1,1571651206,563,0.6122,0.0252,0.5871,0.73,0.0002,1.0
compas-alpha_1-beta_1-gamma_1,1571651207,564,0.6783,0.0153,0.663,0.67,0.0,1.0
compas-alpha_1-beta_1-gamma_1,1571651207,565,0.572,0.0154,0.5566,0.7,0.0,1.0
compas-alpha_1-beta_1-gamma_1,1571651208,566,0.619,0.0122,0.6069,0.73,0.0,1.0
compas-alpha_1-beta_1-gamma_1,1571651208,567,0.6994,0.0187,0.6807,0.57,0.0,1.0
compas-alpha_1-beta_1-gamma_1,1571651208,568,0.6078,0.0142,0.5937,0.63,0.0001,1.0
compas-alpha_1-beta_1-gamma_1,1571651209,569,0.6852,0.015,0.6702,0.5,0.0001,1.0
compas-alpha_1-beta_1-gamma_1,1571651209,570,0.5726,0.0138,0.5588,0.77,0.0001,1.0
compas-alpha_1-beta_1-gamma_1,1571651210,571,0.5503,0.0157,0.5346,0.8,0.0,1.0
compas-alpha_1-beta_1-gamma_1,1571651210,572,0.6376,0.0158,0.6219,0.73,0.0,1.0
compas-alpha_1-beta_1-gamma_1,1571651210,573,0.657,0.0143,0.6431,0.63,0.0003,1.0
compas-alpha_1-beta_1-gamma_1,1571651211,574,0.6126,0.0151,0.5975,0.7,0.0,1.0
compas-alpha_1-beta_1-gamma_1,1571651211,575,0.5836,0.0189,0.5647,0.8,0.0,1.0
compas-alpha_1-beta_1-gamma_1,1571651212,576,0.6056,0.0161,0.5894,0.7,0.0,1.0
compas-alpha_1-beta_1-gamma_1,1571651212,577,0.6179,0.0171,0.6007,0.8,0.0,1.0
compas-alpha_1-beta_1-gamma_1,1571651212,578,0.659,0.0142,0.6448,0.6,0.0,1.0
compas-alpha_1-beta_1-gamma_1,1571651213,579,0.7549,0.0151,0.7398,0.67,0.0,1.0
compas-alpha_1-beta_1-gamma_1,1571651213,580,0.5716,0.0183,0.5533,0.77,0.0,1.0
compas-alpha_1-beta_1-gamma_1,1571651213,581,0.6556,0.019,0.6366,0.7,0.0,1.0
compas-alpha_1-beta_1-gamma_1,1571651214,582,0.6113,0.0104,0.6009,0.7,0.0,1.0
compas-alpha_1-beta_1-gamma_1,1571651214,583,0.6436,0.0143,0.6294,0.73,0.0,1.0
compas-alpha_1-beta_1-gamma_1,1571651215,584,0.7145,0.0143,0.7002,0.6,0.0,1.0
compas-alpha_1-beta_1-gamma_1,1571651215,585,0.6396,0.0126,0.627,0.67,0.0,1.0
compas-alpha_1-beta_1-gamma_1,1571651215,586,0.6027,0.0169,0.5858,0.77,0.0,1.0
compas-alpha_1-beta_1-gamma_1,1571651216,587,0.6848,0.0162,0.6686,0.63,0.0001,1.0
compas-alpha_1-beta_1-gamma_1,1571651216,588,0.6675,0.0231,0.6444,0.6,0.0,1.0
compas-alpha_1-beta_1-gamma_1,1571651217,589,0.689,0.0129,0.6761,0.63,0.0,1.0
compas-alpha_1-beta_1-gamma_1,1571651217,590,0.647,0.0125,0.6345,0.53,0.0,1.0
compas-alpha_1-beta_1-gamma_1,1571651217,591,0.7638,0.0176,0.7462,0.6,0.0,1.0
compas-alpha_1-beta_1-gamma_1,1571651218,592,0.6382,0.0147,0.6235,0.7,0.0,1.0
compas-alpha_1-beta_1-gamma_1,1571651218,593,0.6055,0.0144,0.5911,0.77,0.0,1.0
compas-alpha_1-beta_1-gamma_1,1571651219,594,0.7421,0.014,0.7281,0.57,0.0001,1.0
compas-alpha_1-beta_1-gamma_1,1571651219,595,0.5607,0.014,0.5467,0.77,0.0,1.0
compas-alpha_1-beta_1-gamma_1,1571651219,596,0.6421,0.0192,0.6229,0.67,0.0,1.0
compas-alpha_1-beta_1-gamma_1,1571651220,597,0.7122,0.0146,0.6976,0.53,0.0,1.0
compas-alpha_1-beta_1-gamma_1,1571651220,598,0.6184,0.0174,0.6011,0.63,0.0,1.0
compas-alpha_1-beta_1-gamma_1,1571651221,599,0.5685,0.0151,0.5534,0.77,0.0,1.0
compas-alpha_1-beta_1-gamma_1,1571651221,600,0.6678,0.0112,0.6566,0.67,0.0,1.0
compas-alpha_1-beta_1-gamma_1,1571651221,601,0.5604,0.0208,0.5396,0.73,0.0,1.0
compas-alpha_1-beta_1-gamma_1,1571651222,602,0.5715,0.0092,0.5624,0.73,0.0,1.0
compas-alpha_1-beta_1-gamma_1,1571651222,603,0.5786,0.0138,0.5648,0.67,0.0,1.0
compas-alpha_1-beta_1-gamma_1,1571651223,604,0.6382,0.0125,0.6258,0.7,0.0,1.0
compas-alpha_1-beta_1-gamma_1,1571651223,605,0.5946,0.0144,0.5801,0.63,0.0,1.0
compas-alpha_1-beta_1-gamma_1,1571651223,606,0.5934,0.0168,0.5766,0.73,0.0,1.0
compas-alpha_1-beta_1-gamma_1,1571651224,607,0.5571,0.014,0.5432,0.83,0.0001,1.0
compas-alpha_1-beta_1-gamma_1,1571651224,608,0.5832,0.0205,0.5627,0.73,0.0,1.0
compas-alpha_1-beta_1-gamma_1,1571651225,609,0.549,0.0199,0.5291,0.8,0.0,1.0
compas-alpha_1-beta_1-gamma_1,1571651225,610,0.5369,0.0274,0.5096,0.77,0.0001,1.0
compas-alpha_1-beta_1-gamma_1,1571651225,611,0.7175,0.014,0.7036,0.47,0.0001,1.0
compas-alpha_1-beta_1-gamma_1,1571651226,612,0.7017,0.0147,0.6871,0.67,0.0,1.0
compas-alpha_1-beta_1-gamma_1,1571651226,613,0.6027,0.0119,0.5908,0.73,0.0,1.0
compas-alpha_1-beta_1-gamma_1,1571651227,614,0.6233,0.0168,0.6065,0.7,0.0,1.0
compas-alpha_1-beta_1-gamma_1,1571651227,615,0.6705,0.0152,0.6553,0.63,0.0,1.0
compas-alpha_1-beta_1-gamma_1,1571651227,616,0.6599,0.0146,0.6454,0.6,0.0001,1.0
compas-alpha_1-beta_1-gamma_1,1571651228,617,0.6201,0.0174,0.6027,0.63,0.0,1.0
compas-alpha_1-beta_1-gamma_1,1571651228,618,0.613,0.014,0.599,0.7,0.0,1.0
compas-alpha_1-beta_1-gamma_1,1571651228,619,0.6878,0.0149,0.673,0.67,0.0001,1.0
compas-alpha_1-beta_1-gamma_1,1571651229,620,0.7468,0.0179,0.7289,0.5,0.0,1.0
compas-alpha_1-beta_1-gamma_1,1571651229,621,0.5986,0.0215,0.5771,0.77,0.0,1.0
compas-alpha_1-beta_1-gamma_1,1571651230,622,0.6307,0.0171,0.6136,0.67,0.0,1.0
compas-alpha_1-beta_1-gamma_1,1571651230,623,0.6083,0.0139,0.5944,0.7,0.0,1.0
compas-alpha_1-beta_1-gamma_1,1571651230,624,0.6677,0.0164,0.6513,0.63,0.0,1.0
compas-alpha_1-beta_1-gamma_1,1571651231,625,0.6843,0.0107,0.6736,0.6,0.0,1.0
compas-alpha_1-beta_1-gamma_1,1571651231,626,0.6277,0.013,0.6147,0.7,0.0,1.0
compas-alpha_1-beta_1-gamma_1,1571651232,627,0.6346,0.0107,0.6239,0.67,0.0,1.0
compas-alpha_1-beta_1-gamma_1,1571651232,628,0.6841,0.0182,0.666,0.7,0.0,1.0
compas-alpha_1-beta_1-gamma_1,1571651232,629,0.5881,0.0114,0.5768,0.77,0.0,1.0
compas-alpha_1-beta_1-gamma_1,1571651233,630,0.5994,0.0159,0.5835,0.73,0.0,1.0
compas-alpha_1-beta_1-gamma_1,1571651233,631,0.6841,0.0173,0.6668,0.53,0.0,1.0
compas-alpha_1-beta_1-gamma_1,1571651234,632,0.6332,0.0123,0.6208,0.7,0.0,1.0
compas-alpha_1-beta_1-gamma_1,1571651234,633,0.688,0.017,0.671,0.63,0.0,1.0
compas-alpha_1-beta_1-gamma_1,1571651235,634,0.7068,0.0131,0.6937,0.6,0.0,1.0
compas-alpha_1-beta_1-gamma_1,1571651235,635,0.6298,0.0189,0.6109,0.67,0.0,1.0
compas-alpha_1-beta_1-gamma_1,1571651235,636,0.6548,0.0162,0.6386,0.53,0.0,1.0
compas-alpha_1-beta_1-gamma_1,1571651236,637,0.6785,0.0176,0.6609,0.77,0.0,1.0
compas-alpha_1-beta_1-gamma_1,1571651236,638,0.7639,0.0222,0.7417,0.6,0.0,1.0
compas-alpha_1-beta_1-gamma_1,1571651237,639,0.6889,0.0188,0.6701,0.7,0.0,1.0
compas-alpha_1-beta_1-gamma_1,1571651237,640,0.6832,0.0202,0.6631,0.67,0.0001,1.0
compas-alpha_1-beta_1-gamma_1,1571651237,641,0.6787,0.0203,0.6584,0.63,0.0,1.0
compas-alpha_1-beta_1-gamma_1,1571651238,642,0.5536,0.0186,0.535,0.73,0.0,1.0
compas-alpha_1-beta_1-gamma_1,1571651238,643,0.6872,0.0164,0.6707,0.57,0.0,1.0
compas-alpha_1-beta_1-gamma_1,1571651239,644,0.6245,0.0137,0.6108,0.63,0.0,1.0
compas-alpha_1-beta_1-gamma_1,1571651239,645,0.6473,0.0108,0.6365,0.63,0.0,1.0
compas-alpha_1-beta_1-gamma_1,1571651240,646,0.6235,0.017,0.6064,0.6,0.0,1.0
compas-alpha_1-beta_1-gamma_1,1571651240,647,0.543,0.0194,0.5236,0.7,0.0,1.0
compas-alpha_1-beta_1-gamma_1,1571651240,648,0.6463,0.0139,0.6324,0.67,0.0,1.0
compas-alpha_1-beta_1-gamma_1,1571651241,649,0.622,0.0205,0.6016,0.73,0.0,1.0
compas-alpha_1-beta_1-gamma_1,1571651241,650,0.6187,0.0208,0.5979,0.67,0.0,1.0
compas-alpha_1-beta_1-gamma_1,1571651242,651,0.6665,0.0205,0.6461,0.63,0.0,1.0
compas-alpha_1-beta_1-gamma_1,1571651242,652,0.5841,0.0117,0.5724,0.73,0.0,1.0
compas-alpha_1-beta_1-gamma_1,1571651243,653,0.5453,0.0068,0.5385,0.67,0.0,1.0
compas-alpha_1-beta_1-gamma_1,1571651243,654,0.7182,0.0146,0.7036,0.57,0.0,1.0
compas-alpha_1-beta_1-gamma_1,1571651243,655,0.626,0.0129,0.6132,0.63,0.0,1.0
compas-alpha_1-beta_1-gamma_1,1571651244,656,0.647,0.015,0.632,0.63,0.0,1.0
compas-alpha_1-beta_1-gamma_1,1571651244,657,0.6049,0.0105,0.5944,0.7,0.0,1.0
compas-alpha_1-beta_1-gamma_1,1571651245,658,0.8,0.0188,0.7812,0.47,0.0,1.0
compas-alpha_1-beta_1-gamma_1,1571651245,659,0.5321,0.0233,0.5088,0.83,0.0,1.0
compas-alpha_1-beta_1-gamma_1,1571651246,660,0.5818,0.0197,0.5623,0.7,0.0001,1.0
compas-alpha_1-beta_1-gamma_1,1571651246,661,0.6493,0.0153,0.634,0.7,0.0,1.0
compas-alpha_1-beta_1-gamma_1,1571651246,662,0.5458,0.0137,0.5321,0.83,0.0,1.0
compas-alpha_1-beta_1-gamma_1,1571651247,663,0.6447,0.0177,0.627,0.53,0.0,1.0
compas-alpha_1-beta_1-gamma_1,1571651247,664,0.5866,0.0149,0.5717,0.77,0.0,1.0
compas-alpha_1-beta_1-gamma_1,1571651248,665,0.6273,0.0132,0.6141,0.63,0.0,1.0
compas-alpha_1-beta_1-gamma_1,1571651248,666,0.6393,0.0096,0.6298,0.63,0.0,1.0
compas-alpha_1-beta_1-gamma_1,1571651249,667,0.66,0.0125,0.6476,0.63,0.0,1.0
compas-alpha_1-beta_1-gamma_1,1571651250,668,0.6372,0.018,0.6192,0.7,0.0,1.0
compas-alpha_1-beta_1-gamma_1,1571651250,669,0.5661,0.0122,0.5539,0.77,0.0,1.0
compas-alpha_1-beta_1-gamma_1,1571651251,670,0.6757,0.0093,0.6664,0.63,0.0,1.0
compas-alpha_1-beta_1-gamma_1,1571651251,671,0.6595,0.0184,0.6411,0.67,0.0,1.0
compas-alpha_1-beta_1-gamma_1,1571651252,672,0.6015,0.0206,0.5809,0.57,0.0,1.0
compas-alpha_1-beta_1-gamma_1,1571651252,673,0.5698,0.016,0.5538,0.77,0.0,1.0
compas-alpha_1-beta_1-gamma_1,1571651252,674,0.6202,0.0145,0.6056,0.63,0.0,1.0
compas-alpha_1-beta_1-gamma_1,1571651253,675,0.5812,0.0149,0.5663,0.73,0.0,1.0
compas-alpha_1-beta_1-gamma_1,1571651253,676,0.6843,0.0206,0.6637,0.73,0.0,1.0
compas-alpha_1-beta_1-gamma_1,1571651254,677,0.6741,0.016,0.658,0.73,0.0,1.0
compas-alpha_1-beta_1-gamma_1,1571651254,678,0.7479,0.018,0.7299,0.57,0.0,1.0
compas-alpha_1-beta_1-gamma_1,1571651255,679,0.6575,0.014,0.6436,0.67,0.0,1.0
compas-alpha_1-beta_1-gamma_1,1571651255,680,0.638,0.0188,0.6191,0.67,0.0,1.0
compas-alpha_1-beta_1-gamma_1,1571651255,681,0.6061,0.0162,0.5899,0.73,0.0,1.0
compas-alpha_1-beta_1-gamma_1,1571651256,682,0.591,0.0122,0.5788,0.73,0.0,1.0
compas-alpha_1-beta_1-gamma_1,1571651256,683,0.5757,0.0149,0.5608,0.7,0.0,1.0
compas-alpha_1-beta_1-gamma_1,1571651256,684,0.7024,0.0118,0.6906,0.67,0.0,1.0
compas-alpha_1-beta_1-gamma_1,1571651257,685,0.5964,0.013,0.5835,0.73,0.0002,1.0
compas-alpha_1-beta_1-gamma_1,1571651257,686,0.6386,0.0122,0.6263,0.63,0.0,1.0
compas-alpha_1-beta_1-gamma_1,1571651258,687,0.6051,0.0167,0.5884,0.7,0.0,1.0
compas-alpha_1-beta_1-gamma_1,1571651258,688,0.61,0.014,0.596,0.77,0.0,1.0
compas-alpha_1-beta_1-gamma_1,1571651259,689,0.5682,0.0131,0.5551,0.73,0.0,1.0
compas-alpha_1-beta_1-gamma_1,1571651259,690,0.7198,0.0152,0.7046,0.6,0.0,1.0
compas-alpha_1-beta_1-gamma_1,1571651260,691,0.7063,0.0151,0.6912,0.57,0.0,1.0
compas-alpha_1-beta_1-gamma_1,1571651260,692,0.7378,0.0149,0.723,0.57,0.0,1.0
compas-alpha_1-beta_1-gamma_1,1571651260,693,0.7023,0.0165,0.6858,0.63,0.0,1.0
compas-alpha_1-beta_1-gamma_1,1571651261,694,0.5658,0.0165,0.5494,0.8,0.0001,1.0
compas-alpha_1-beta_1-gamma_1,1571651261,695,0.6205,0.0157,0.6048,0.67,0.0,1.0
compas-alpha_1-beta_1-gamma_1,1571651262,696,0.6558,0.013,0.6429,0.6,0.0,1.0
compas-alpha_1-beta_1-gamma_1,1571651262,697,0.6625,0.0172,0.6453,0.63,0.0,1.0
compas-alpha_1-beta_1-gamma_1,1571651262,698,0.6419,0.0209,0.621,0.73,0.0,1.0
compas-alpha_1-beta_1-gamma_1,1571651263,699,0.5492,0.0153,0.534,0.8,0.0,1.0
compas-alpha_1-beta_1-gamma_1,1571651263,700,0.6035,0.009,0.5945,0.67,0.0,1.0
compas-alpha_1-beta_1-gamma_1,1571651264,701,0.5354,0.014,0.5214,0.73,0.0,1.0
compas-alpha_1-beta_1-gamma_1,1571651264,702,0.7697,0.0109,0.7589,0.53,0.0,1.0
compas-alpha_1-beta_1-gamma_1,1571651264,703,0.6179,0.0183,0.5996,0.63,0.0,1.0
compas-alpha_1-beta_1-gamma_1,1571651265,704,0.6847,0.0152,0.6695,0.63,0.0,1.0
compas-alpha_1-beta_1-gamma_1,1571651265,705,0.6233,0.0198,0.6035,0.73,0.0,1.0
compas-alpha_1-beta_1-gamma_1,1571651265,706,0.6815,0.0176,0.6639,0.7,0.0,1.0
compas-alpha_1-beta_1-gamma_1,1571651266,707,0.6355,0.0134,0.6221,0.7,0.0,1.0
compas-alpha_1-beta_1-gamma_1,1571651266,708,0.6784,0.0148,0.6636,0.6,0.0,1.0
compas-alpha_1-beta_1-gamma_1,1571651267,709,0.6184,0.0087,0.6097,0.63,0.0,1.0
compas-alpha_1-beta_1-gamma_1,1571651267,710,0.6821,0.0172,0.6649,0.57,0.0,1.0
compas-alpha_1-beta_1-gamma_1,1571651267,711,0.7144,0.0148,0.6996,0.57,0.0,1.0
compas-alpha_1-beta_1-gamma_1,1571651268,712,0.6847,0.011,0.6737,0.73,0.0,1.0
compas-alpha_1-beta_1-gamma_1,1571651268,713,0.5571,0.0163,0.5409,0.7,0.0,1.0
compas-alpha_1-beta_1-gamma_1,1571651269,714,0.72,0.0118,0.7082,0.63,0.0,1.0
compas-alpha_1-beta_1-gamma_1,1571651269,715,0.563,0.017,0.546,0.73,0.0,1.0
compas-alpha_1-beta_1-gamma_1,1571651270,716,0.7551,0.0236,0.7315,0.57,0.0,1.0
compas-alpha_1-beta_1-gamma_1,1571651270,717,0.6398,0.0175,0.6223,0.63,0.0,1.0
compas-alpha_1-beta_1-gamma_1,1571651271,718,0.5493,0.0167,0.5326,0.77,0.0,1.0
compas-alpha_1-beta_1-gamma_1,1571651271,719,0.6021,0.0143,0.5878,0.67,0.0,1.0
compas-alpha_1-beta_1-gamma_1,1571651271,720,0.628,0.0091,0.6188,0.57,0.0,1.0
compas-alpha_1-beta_1-gamma_1,1571651272,721,0.5938,0.0148,0.579,0.7,0.0,1.0
compas-alpha_1-beta_1-gamma_1,1571651272,722,0.7049,0.0205,0.6844,0.53,0.0,1.0
compas-alpha_1-beta_1-gamma_1,1571651273,723,0.6226,0.0181,0.6045,0.67,0.0,1.0
compas-alpha_1-beta_1-gamma_1,1571651273,724,0.5683,0.0148,0.5535,0.73,0.0,1.0
compas-alpha_1-beta_1-gamma_1,1571651273,725,0.6331,0.0138,0.6193,0.63,0.0,1.0
compas-alpha_1-beta_1-gamma_1,1571651274,726,0.7077,0.0148,0.6929,0.6,0.0,1.0
compas-alpha_1-beta_1-gamma_1,1571651274,727,0.5486,0.0183,0.5303,0.73,0.0,1.0
compas-alpha_1-beta_1-gamma_1,1571651275,728,0.6975,0.0161,0.6814,0.53,0.0,1.0
compas-alpha_1-beta_1-gamma_1,1571651275,729,0.5389,0.0142,0.5247,0.77,0.0,1.0
compas-alpha_1-beta_1-gamma_1,1571651275,730,0.4993,0.0203,0.479,0.9,0.0,1.0
compas-alpha_1-beta_1-gamma_1,1571651276,731,0.5726,0.0146,0.5581,0.67,0.0,1.0
compas-alpha_1-beta_1-gamma_1,1571651276,732,0.6424,0.0179,0.6245,0.67,0.0,1.0
compas-alpha_1-beta_1-gamma_1,1571651277,733,0.6669,0.0137,0.6532,0.67,0.0,1.0
compas-alpha_1-beta_1-gamma_1,1571651277,734,0.6296,0.0194,0.6102,0.73,0.0,1.0
compas-alpha_1-beta_1-gamma_1,1571651277,735,0.6341,0.0147,0.6194,0.67,0.0,1.0
compas-alpha_1-beta_1-gamma_1,1571651278,736,0.6377,0.0156,0.6221,0.67,0.0,1.0
compas-alpha_1-beta_1-gamma_1,1571651278,737,0.684,0.0132,0.6708,0.6,0.0,1.0
compas-alpha_1-beta_1-gamma_1,1571651279,738,0.657,0.0201,0.6368,0.63,0.0,1.0
compas-alpha_1-beta_1-gamma_1,1571651279,739,0.6179,0.013,0.6049,0.67,0.0,1.0
compas-alpha_1-beta_1-gamma_1,1571651280,740,0.5356,0.015,0.5206,0.8,0.0,1.0
compas-alpha_1-beta_1-gamma_1,1571651280,741,0.6008,0.0152,0.5856,0.7,0.0,1.0
compas-alpha_1-beta_1-gamma_1,1571651280,742,0.6006,0.012,0.5885,0.7,0.0,1.0
compas-alpha_1-beta_1-gamma_1,1571651281,743,0.5587,0.0179,0.5408,0.7,0.0,1.0
compas-alpha_1-beta_1-gamma_1,1571651281,744,0.6562,0.0179,0.6383,0.6,0.0,1.0
compas-alpha_1-beta_1-gamma_1,1571651282,745,0.6211,0.0157,0.6054,0.63,0.0,1.0
compas-alpha_1-beta_1-gamma_1,1571651282,746,0.6674,0.0145,0.6529,0.6,0.0,1.0
compas-alpha_1-beta_1-gamma_1,1571651282,747,0.5905,0.015,0.5755,0.73,0.0,1.0
compas-alpha_1-beta_1-gamma_1,1571651283,748,0.5961,0.0144,0.5818,0.63,0.0,1.0
compas-alpha_1-beta_1-gamma_1,1571651283,749,0.6934,0.0182,0.6753,0.6,0.0,1.0
compas-alpha_1-beta_1-gamma_1,1571651284,750,0.6281,0.0153,0.6128,0.63,0.0,1.0
compas-alpha_1-beta_1-gamma_1,1571651284,751,0.5337,0.015,0.5187,0.77,0.0,1.0
compas-alpha_1-beta_1-gamma_1,1571651285,752,0.5733,0.0165,0.5567,0.7,0.0,1.0
compas-alpha_1-beta_1-gamma_1,1571651285,753,0.6028,0.0233,0.5795,0.73,0.0,1.0
compas-alpha_1-beta_1-gamma_1,1571651285,754,0.5893,0.0205,0.5688,0.77,0.0,1.0
compas-alpha_1-beta_1-gamma_1,1571651286,755,0.6304,0.0171,0.6133,0.63,0.0,1.0
compas-alpha_1-beta_1-gamma_1,1571651286,756,0.6283,0.0132,0.6151,0.77,0.0,1.0
compas-alpha_1-beta_1-gamma_1,1571651287,757,0.5837,0.0081,0.5756,0.77,0.0,1.0
compas-alpha_1-beta_1-gamma_1,1571651287,758,0.6381,0.0171,0.621,0.73,0.0,1.0
compas-alpha_1-beta_1-gamma_1,1571651287,759,0.5395,0.0131,0.5264,0.83,0.0,1.0
compas-alpha_1-beta_1-gamma_1,1571651288,760,0.5939,0.0098,0.5842,0.67,0.0,1.0
compas-alpha_1-beta_1-gamma_1,1571651288,761,0.7345,0.0191,0.7155,0.67,0.0,1.0
compas-alpha_1-beta_1-gamma_1,1571651289,762,0.7087,0.014,0.6947,0.6,0.0,1.0
compas-alpha_1-beta_1-gamma_1,1571651289,763,0.6244,0.0107,0.6137,0.63,0.0,1.0
compas-alpha_1-beta_1-gamma_1,1571651289,764,0.5496,0.016,0.5336,0.8,0.0,1.0
compas-alpha_1-beta_1-gamma_1,1571651290,765,0.686,0.0084,0.6776,0.6,0.0,1.0
compas-alpha_1-beta_1-gamma_1,1571651290,766,0.623,0.0143,0.6086,0.63,0.0,1.0
compas-alpha_1-beta_1-gamma_1,1571651291,767,0.7271,0.0197,0.7074,0.53,0.0,1.0
compas-alpha_1-beta_1-gamma_1,1571651291,768,0.5451,0.0165,0.5286,0.77,0.0,1.0
compas-alpha_1-beta_1-gamma_1,1571651291,769,0.582,0.0129,0.5691,0.77,0.0,1.0
compas-alpha_1-beta_1-gamma_1,1571651292,770,0.6435,0.013,0.6305,0.67,0.0,1.0
compas-alpha_1-beta_1-gamma_1,1571651292,771,0.7857,0.0144,0.7714,0.53,0.0,1.0
compas-alpha_1-beta_1-gamma_1,1571651293,772,0.525,0.0173,0.5077,0.8,0.0,1.0
compas-alpha_1-beta_1-gamma_1,1571651293,773,0.6413,0.0154,0.6258,0.67,0.0,1.0
compas-alpha_1-beta_1-gamma_1,1571651293,774,0.6198,0.0191,0.6007,0.67,0.0,1.0
compas-alpha_1-beta_1-gamma_1,1571651294,775,0.6393,0.0216,0.6176,0.67,0.0,1.0
compas-alpha_1-beta_1-gamma_1,1571651294,776,0.7032,0.0129,0.6903,0.53,0.0,1.0
compas-alpha_1-beta_1-gamma_1,1571651295,777,0.6174,0.0099,0.6075,0.67,0.0,1.0
compas-alpha_1-beta_1-gamma_1,1571651295,778,0.704,0.0145,0.6895,0.6,0.0,1.0
compas-alpha_1-beta_1-gamma_1,1571651295,779,0.6652,0.0145,0.6508,0.7,0.0,1.0
compas-alpha_1-beta_1-gamma_1,1571651296,780,0.6536,0.0139,0.6397,0.6,0.0,1.0
compas-alpha_1-beta_1-gamma_1,1571651296,781,0.5815,0.0189,0.5625,0.73,0.0,1.0
compas-alpha_1-beta_1-gamma_1,1571651296,782,0.6856,0.0151,0.6705,0.57,0.0,1.0
compas-alpha_1-beta_1-gamma_1,1571651297,783,0.6428,0.0113,0.6315,0.6,0.0,1.0
compas-alpha_1-beta_1-gamma_1,1571651297,784,0.6428,0.0145,0.6283,0.67,0.0,1.0
compas-alpha_1-beta_1-gamma_1,1571651298,785,0.5963,0.0148,0.5815,0.77,0.0,1.0
compas-alpha_1-beta_1-gamma_1,1571651298,786,0.661,0.0218,0.6392,0.73,0.0,1.0
compas-alpha_1-beta_1-gamma_1,1571651298,787,0.7637,0.012,0.7517,0.5,0.0,1.0
compas-alpha_1-beta_1-gamma_1,1571651299,788,0.6379,0.0232,0.6147,0.67,0.0,1.0
compas-alpha_1-beta_1-gamma_1,1571651299,789,0.7109,0.0113,0.6996,0.53,0.0,1.0
compas-alpha_1-beta_1-gamma_1,1571651300,790,0.5086,0.0203,0.4883,0.77,0.0,1.0
compas-alpha_1-beta_1-gamma_1,1571651300,791,0.7902,0.0148,0.7754,0.5,0.0,1.0
compas-alpha_1-beta_1-gamma_1,1571651300,792,0.6661,0.0179,0.6482,0.7,0.0,1.0
compas-alpha_1-beta_1-gamma_1,1571651301,793,0.5486,0.0116,0.5371,0.77,0.0,1.0
compas-alpha_1-beta_1-gamma_1,1571651301,794,0.5356,0.0116,0.524,0.83,0.0,1.0
compas-alpha_1-beta_1-gamma_1,1571651302,795,0.6424,0.0149,0.6276,0.63,0.0,1.0
compas-alpha_1-beta_1-gamma_1,1571651302,796,0.672,0.0141,0.658,0.73,0.0,1.0
compas-alpha_1-beta_1-gamma_1,1571651302,797,0.6178,0.0156,0.6022,0.67,0.0,1.0
compas-alpha_1-beta_1-gamma_1,1571651303,798,0.6199,0.01,0.6099,0.73,0.0,1.0
compas-alpha_1-beta_1-gamma_1,1571651303,799,0.5819,0.0099,0.572,0.63,0.0,1.0
compas-alpha_1-beta_1-gamma_1,1571651304,800,0.6612,0.0173,0.6439,0.6,0.0,1.0
compas-alpha_1-beta_1-gamma_1,1571651304,801,0.6591,0.0093,0.6498,0.63,0.0,1.0
compas-alpha_1-beta_1-gamma_1,1571651304,802,0.6884,0.0146,0.6737,0.6,0.0,1.0
compas-alpha_1-beta_1-gamma_1,1571651305,803,0.6777,0.0108,0.6669,0.63,0.0,1.0
compas-alpha_1-beta_1-gamma_1,1571651305,804,0.5782,0.019,0.5592,0.77,0.0,1.0
compas-alpha_1-beta_1-gamma_1,1571651306,805,0.5726,0.0163,0.5563,0.63,0.0,1.0
compas-alpha_1-beta_1-gamma_1,1571651306,806,0.5837,0.0147,0.5689,0.8,0.0,1.0
compas-alpha_1-beta_1-gamma_1,1571651306,807,0.769,0.0141,0.7549,0.6,0.0,1.0
compas-alpha_1-beta_1-gamma_1,1571651307,808,0.5932,0.0202,0.573,0.7,0.0,1.0
compas-alpha_1-beta_1-gamma_1,1571651307,809,0.577,0.0133,0.5637,0.77,0.0,1.0
compas-alpha_1-beta_1-gamma_1,1571651308,810,0.5583,0.0204,0.538,0.7,0.0,1.0
compas-alpha_1-beta_1-gamma_1,1571651308,811,0.6462,0.017,0.6293,0.63,0.0,1.0
compas-alpha_1-beta_1-gamma_1,1571651309,812,0.6197,0.0182,0.6015,0.67,0.0,1.0
compas-alpha_1-beta_1-gamma_1,1571651309,813,0.5557,0.029,0.5267,0.83,0.0,1.0
compas-alpha_1-beta_1-gamma_1,1571651309,814,0.6437,0.0195,0.6242,0.63,0.0,1.0
compas-alpha_1-beta_1-gamma_1,1571651310,815,0.6429,0.0148,0.628,0.73,0.0,1.0
compas-alpha_1-beta_1-gamma_1,1571651310,816,0.6366,0.0125,0.6241,0.7,0.0,1.0
compas-alpha_1-beta_1-gamma_1,1571651311,817,0.627,0.0171,0.6099,0.6,0.0,1.0
compas-alpha_1-beta_1-gamma_1,1571651311,818,0.6215,0.0134,0.6081,0.63,0.0,1.0
compas-alpha_1-beta_1-gamma_1,1571651312,819,0.5045,0.015,0.4896,0.77,0.0,1.0
compas-alpha_1-beta_1-gamma_1,1571651312,820,0.6681,0.0189,0.6492,0.6,0.0,1.0
compas-alpha_1-beta_1-gamma_1,1571651313,821,0.7492,0.015,0.7342,0.6,0.0,1.0
compas-alpha_1-beta_1-gamma_1,1571651313,822,0.5612,0.0086,0.5526,0.73,0.0,1.0
compas-alpha_1-beta_1-gamma_1,1571651313,823,0.6482,0.0128,0.6354,0.73,0.0,1.0
compas-alpha_1-beta_1-gamma_1,1571651314,824,0.6346,0.0097,0.6249,0.7,0.0,1.0
compas-alpha_1-beta_1-gamma_1,1571651314,825,0.56,0.0145,0.5455,0.8,0.0,1.0
compas-alpha_1-beta_1-gamma_1,1571651315,826,0.6609,0.0099,0.651,0.63,0.0,1.0
compas-alpha_1-beta_1-gamma_1,1571651315,827,0.4758,0.014,0.4618,0.8,0.0,1.0
compas-alpha_1-beta_1-gamma_1,1571651315,828,0.7067,0.0154,0.6913,0.53,0.0,1.0
compas-alpha_1-beta_1-gamma_1,1571651316,829,0.635,0.0154,0.6196,0.57,0.0,1.0
compas-alpha_1-beta_1-gamma_1,1571651316,830,0.678,0.0184,0.6595,0.67,0.0,1.0
compas-alpha_1-beta_1-gamma_1,1571651316,831,0.5862,0.0133,0.5729,0.77,0.0,1.0
compas-alpha_1-beta_1-gamma_1,1571651317,832,0.5996,0.0152,0.5843,0.7,0.0,1.0
compas-alpha_1-beta_1-gamma_1,1571651317,833,0.5818,0.0168,0.565,0.73,0.0,1.0
compas-alpha_1-beta_1-gamma_1,1571651318,834,0.6766,0.012,0.6646,0.53,0.0,1.0
compas-alpha_1-beta_1-gamma_1,1571651318,835,0.5516,0.0229,0.5287,0.7,0.0,1.0
compas-alpha_1-beta_1-gamma_1,1571651318,836,0.549,0.0174,0.5315,0.8,0.0,1.0
compas-alpha_1-beta_1-gamma_1,1571651319,837,0.5236,0.0133,0.5103,0.83,0.0,1.0
compas-alpha_1-beta_1-gamma_1,1571651319,838,0.5611,0.0158,0.5453,0.67,0.0,1.0
compas-alpha_1-beta_1-gamma_1,1571651320,839,0.5855,0.0136,0.572,0.73,0.0,1.0
compas-alpha_1-beta_1-gamma_1,1571651320,840,0.5561,0.014,0.5421,0.77,0.0,1.0
compas-alpha_1-beta_1-gamma_1,1571651320,841,0.6384,0.0125,0.6259,0.73,0.0,1.0
compas-alpha_1-beta_1-gamma_1,1571651321,842,0.787,0.0166,0.7704,0.47,0.0,1.0
compas-alpha_1-beta_1-gamma_1,1571651321,843,0.6092,0.0187,0.5904,0.67,0.0,1.0
compas-alpha_1-beta_1-gamma_1,1571651322,844,0.577,0.0141,0.5629,0.73,0.0,1.0
compas-alpha_1-beta_1-gamma_1,1571651322,845,0.591,0.0174,0.5736,0.67,0.0,1.0
compas-alpha_1-beta_1-gamma_1,1571651322,846,0.6445,0.0181,0.6264,0.67,0.0,1.0
compas-alpha_1-beta_1-gamma_1,1571651323,847,0.599,0.0167,0.5823,0.73,0.0,1.0
compas-alpha_1-beta_1-gamma_1,1571651323,848,0.6229,0.0144,0.6084,0.6,0.0,1.0
compas-alpha_1-beta_1-gamma_1,1571651324,849,0.711,0.0154,0.6956,0.6,0.0,1.0
compas-alpha_1-beta_1-gamma_1,1571651324,850,0.7115,0.0174,0.6941,0.63,0.0,1.0
compas-alpha_1-beta_1-gamma_1,1571651324,851,0.6533,0.0189,0.6344,0.57,0.0,1.0
compas-alpha_1-beta_1-gamma_1,1571651325,852,0.6068,0.0151,0.5917,0.7,0.0,1.0
compas-alpha_1-beta_1-gamma_1,1571651325,853,0.6208,0.0191,0.6018,0.63,0.0,1.0
compas-alpha_1-beta_1-gamma_1,1571651326,854,0.625,0.0121,0.6128,0.63,0.0,1.0
compas-alpha_1-beta_1-gamma_1,1571651326,855,0.7226,0.0175,0.7051,0.57,0.0,1.0
compas-alpha_1-beta_1-gamma_1,1571651326,856,0.5794,0.0129,0.5666,0.73,0.0,1.0
compas-alpha_1-beta_1-gamma_1,1571651327,857,0.6489,0.0136,0.6354,0.73,0.0,1.0
compas-alpha_1-beta_1-gamma_1,1571651327,858,0.5616,0.0165,0.5451,0.77,0.0,1.0
compas-alpha_1-beta_1-gamma_1,1571651327,859,0.6451,0.0147,0.6304,0.67,0.0,1.0
compas-alpha_1-beta_1-gamma_1,1571651328,860,0.5868,0.0161,0.5708,0.77,0.0,1.0
compas-alpha_1-beta_1-gamma_1,1571651328,861,0.6979,0.0146,0.6833,0.6,0.0,1.0
compas-alpha_1-beta_1-gamma_1,1571651329,862,0.552,0.0179,0.5341,0.83,0.0,1.0
compas-alpha_1-beta_1-gamma_1,1571651329,863,0.7084,0.0123,0.6961,0.57,0.0,1.0
compas-alpha_1-beta_1-gamma_1,1571651329,864,0.633,0.008,0.625,0.53,0.0,1.0
compas-alpha_1-beta_1-gamma_1,1571651330,865,0.7053,0.0151,0.6902,0.57,0.0,1.0
compas-alpha_1-beta_1-gamma_1,1571651330,866,0.5904,0.0146,0.5758,0.7,0.0,1.0
compas-alpha_1-beta_1-gamma_1,1571651331,867,0.6033,0.0129,0.5905,0.67,0.0,1.0
compas-alpha_1-beta_1-gamma_1,1571651331,868,0.6256,0.0155,0.6101,0.6,0.0,1.0
compas-alpha_1-beta_1-gamma_1,1571651331,869,0.7987,0.0158,0.7829,0.53,0.0,1.0
compas-alpha_1-beta_1-gamma_1,1571651332,870,0.6267,0.0098,0.6169,0.73,0.0,1.0
compas-alpha_1-beta_1-gamma_1,1571651332,871,0.7408,0.0106,0.7302,0.57,0.0,1.0
compas-alpha_1-beta_1-gamma_1,1571651333,872,0.5841,0.0128,0.5713,0.7,0.0,1.0
compas-alpha_1-beta_1-gamma_1,1571651333,873,0.6933,0.0114,0.6819,0.57,0.0,1.0
compas-alpha_1-beta_1-gamma_1,1571651333,874,0.7152,0.0142,0.701,0.53,0.0,1.0
compas-alpha_1-beta_1-gamma_1,1571651334,875,0.624,0.0131,0.6109,0.57,0.0,1.0
compas-alpha_1-beta_1-gamma_1,1571651334,876,0.6412,0.0168,0.6244,0.63,0.0,1.0
compas-alpha_1-beta_1-gamma_1,1571651335,877,0.6533,0.0145,0.6388,0.6,0.0,1.0
compas-alpha_1-beta_1-gamma_1,1571651335,878,0.658,0.0163,0.6418,0.73,0.0,1.0
compas-alpha_1-beta_1-gamma_1,1571651335,879,0.5735,0.0094,0.5642,0.7,0.0,1.0
compas-alpha_1-beta_1-gamma_1,1571651336,880,0.6731,0.0199,0.6532,0.73,0.0,1.0
compas-alpha_1-beta_1-gamma_1,1571651336,881,0.6671,0.0171,0.6501,0.67,0.0,1.0
compas-alpha_1-beta_1-gamma_1,1571651337,882,0.6558,0.0111,0.6447,0.7,0.0,1.0
compas-alpha_1-beta_1-gamma_1,1571651337,883,0.6764,0.0203,0.6561,0.7,0.0,1.0
compas-alpha_1-beta_1-gamma_1,1571651337,884,0.6358,0.0151,0.6207,0.7,0.0,1.0
compas-alpha_1-beta_1-gamma_1,1571651338,885,0.5712,0.0083,0.5629,0.77,0.0,1.0
compas-alpha_1-beta_1-gamma_1,1571651338,886,0.7065,0.0163,0.6903,0.63,0.0,1.0
compas-alpha_1-beta_1-gamma_1,1571651339,887,0.5549,0.0153,0.5396,0.8,0.0,1.0
compas-alpha_1-beta_1-gamma_1,1571651339,888,0.7596,0.017,0.7426,0.53,0.0,1.0
compas-alpha_1-beta_1-gamma_1,1571651340,889,0.687,0.01,0.677,0.6,0.0,1.0
compas-alpha_1-beta_1-gamma_1,1571651340,890,0.7134,0.0141,0.6993,0.6,0.0,1.0
compas-alpha_1-beta_1-gamma_1,1571651340,891,0.6097,0.0176,0.5921,0.7,0.0,1.0
compas-alpha_1-beta_1-gamma_1,1571651341,892,0.6235,0.0104,0.6131,0.67,0.0,1.0
compas-alpha_1-beta_1-gamma_1,1571651341,893,0.6674,0.0084,0.659,0.67,0.0,1.0
compas-alpha_1-beta_1-gamma_1,1571651342,894,0.6385,0.0113,0.6272,0.67,0.0,1.0
compas-alpha_1-beta_1-gamma_1,1571651342,895,0.5329,0.0183,0.5146,0.77,0.0,1.0
compas-alpha_1-beta_1-gamma_1,1571651343,896,0.6119,0.0189,0.593,0.67,0.0,1.0
compas-alpha_1-beta_1-gamma_1,1571651343,897,0.6757,0.0204,0.6553,0.57,0.0,1.0
compas-alpha_1-beta_1-gamma_1,1571651343,898,0.6564,0.0124,0.644,0.67,0.0,1.0
compas-alpha_1-beta_1-gamma_1,1571651344,899,0.6624,0.021,0.6415,0.63,0.0,1.0
compas-alpha_1-beta_1-gamma_1,1571651344,900,0.6279,0.018,0.6099,0.67,0.0,1.0
compas-alpha_1-beta_1-gamma_1,1571651345,901,0.5606,0.0181,0.5426,0.73,0.0,1.0
compas-alpha_1-beta_1-gamma_1,1571651345,902,0.6132,0.0117,0.6015,0.73,0.0,1.0
compas-alpha_1-beta_1-gamma_1,1571651345,903,0.5509,0.0115,0.5394,0.73,0.0,1.0
compas-alpha_1-beta_1-gamma_1,1571651346,904,0.6387,0.0158,0.6229,0.67,0.0,1.0
compas-alpha_1-beta_1-gamma_1,1571651346,905,0.6189,0.01,0.6089,0.6,0.0,1.0
compas-alpha_1-beta_1-gamma_1,1571651347,906,0.6191,0.0231,0.596,0.73,0.0,1.0
compas-alpha_1-beta_1-gamma_1,1571651347,907,0.5836,0.0157,0.5679,0.63,0.0,1.0
compas-alpha_1-beta_1-gamma_1,1571651347,908,0.6839,0.0148,0.6691,0.57,0.0,1.0
compas-alpha_1-beta_1-gamma_1,1571651348,909,0.6286,0.0115,0.6171,0.7,0.0,1.0
compas-alpha_1-beta_1-gamma_1,1571651348,910,0.755,0.012,0.743,0.6,0.0,1.0
compas-alpha_1-beta_1-gamma_1,1571651348,911,0.547,0.0116,0.5353,0.8,0.0,1.0
compas-alpha_1-beta_1-gamma_1,1571651349,912,0.5923,0.0084,0.5839,0.67,0.0,1.0
compas-alpha_1-beta_1-gamma_1,1571651349,913,0.5351,0.0204,0.5146,0.73,0.0,1.0
compas-alpha_1-beta_1-gamma_1,1571651350,914,0.6723,0.0165,0.6557,0.57,0.0,1.0
compas-alpha_1-beta_1-gamma_1,1571651350,915,0.6029,0.0133,0.5897,0.63,0.0,1.0
compas-alpha_1-beta_1-gamma_1,1571651350,916,0.6329,0.015,0.6179,0.7,0.0,1.0
compas-alpha_1-beta_1-gamma_1,1571651351,917,0.6269,0.0123,0.6146,0.67,0.0,1.0
compas-alpha_1-beta_1-gamma_1,1571651351,918,0.6035,0.0135,0.59,0.73,0.0,1.0
compas-alpha_1-beta_1-gamma_1,1571651352,919,0.5739,0.01,0.5639,0.67,0.0,1.0
compas-alpha_1-beta_1-gamma_1,1571651352,920,0.666,0.0148,0.6512,0.57,0.0,1.0
compas-alpha_1-beta_1-gamma_1,1571651352,921,0.6384,0.0147,0.6236,0.67,0.0,1.0
compas-alpha_1-beta_1-gamma_1,1571651353,922,0.6578,0.013,0.6448,0.57,0.0,1.0
compas-alpha_1-beta_1-gamma_1,1571651353,923,0.6281,0.0135,0.6145,0.73,0.0,1.0
compas-alpha_1-beta_1-gamma_1,1571651353,924,0.6973,0.012,0.6853,0.63,0.0,1.0
compas-alpha_1-beta_1-gamma_1,1571651354,925,0.6353,0.0154,0.6198,0.7,0.0,1.0
compas-alpha_1-beta_1-gamma_1,1571651354,926,0.5958,0.0186,0.5772,0.7,0.0,1.0
compas-alpha_1-beta_1-gamma_1,1571651355,927,0.7539,0.0163,0.7375,0.6,0.0,1.0
compas-alpha_1-beta_1-gamma_1,1571651355,928,0.5983,0.018,0.5803,0.67,0.0,1.0
compas-alpha_1-beta_1-gamma_1,1571651355,929,0.5989,0.0198,0.579,0.8,0.0,1.0
compas-alpha_1-beta_1-gamma_1,1571651356,930,0.6068,0.0166,0.5902,0.67,0.0,1.0
compas-alpha_1-beta_1-gamma_1,1571651356,931,0.4519,0.0179,0.4339,0.87,0.0,1.0
compas-alpha_1-beta_1-gamma_1,1571651356,932,0.6696,0.011,0.6585,0.67,0.0,1.0
compas-alpha_1-beta_1-gamma_1,1571651357,933,0.7196,0.0121,0.7076,0.67,0.0,1.0
compas-alpha_1-beta_1-gamma_1,1571651357,934,0.7664,0.0103,0.756,0.53,0.0,1.0
compas-alpha_1-beta_1-gamma_1,1571651358,935,0.5855,0.008,0.5775,0.7,0.0,1.0
compas-alpha_1-beta_1-gamma_1,1571651358,936,0.5572,0.0176,0.5396,0.77,0.0,1.0
compas-alpha_1-beta_1-gamma_1,1571651358,937,0.6221,0.0089,0.6131,0.7,0.0,1.0
compas-alpha_1-beta_1-gamma_1,1571651359,938,0.6824,0.0141,0.6684,0.67,0.0,1.0
compas-alpha_1-beta_1-gamma_1,1571651359,939,0.7294,0.0145,0.7149,0.6,0.0,1.0
compas-alpha_1-beta_1-gamma_1,1571651360,940,0.6581,0.0253,0.6328,0.67,0.0,1.0
compas-alpha_1-beta_1-gamma_1,1571651360,941,0.6458,0.0193,0.6265,0.77,0.0,1.0
compas-alpha_1-beta_1-gamma_1,1571651360,942,0.6199,0.0148,0.605,0.7,0.0,1.0
compas-alpha_1-beta_1-gamma_1,1571651361,943,0.6074,0.015,0.5923,0.6,0.0,1.0
compas-alpha_1-beta_1-gamma_1,1571651361,944,0.6589,0.0138,0.6452,0.63,0.0,1.0
compas-alpha_1-beta_1-gamma_1,1571651362,945,0.5106,0.0122,0.4985,0.83,0.0,1.0
compas-alpha_1-beta_1-gamma_1,1571651362,946,0.7158,0.0147,0.7011,0.67,0.0,1.0
compas-alpha_1-beta_1-gamma_1,1571651362,947,0.6262,0.0101,0.6161,0.67,0.0,1.0
compas-alpha_1-beta_1-gamma_1,1571651363,948,0.5904,0.013,0.5774,0.83,0.0,1.0
compas-alpha_1-beta_1-gamma_1,1571651363,949,0.6674,0.0175,0.6499,0.63,0.0,1.0
compas-alpha_1-beta_1-gamma_1,1571651364,950,0.6369,0.0156,0.6213,0.6,0.0,1.0
compas-alpha_1-beta_1-gamma_1,1571651364,951,0.6109,0.0161,0.5948,0.77,0.0,1.0
compas-alpha_1-beta_1-gamma_1,1571651364,952,0.626,0.0191,0.6069,0.77,0.0,1.0
compas-alpha_1-beta_1-gamma_1,1571651365,953,0.6334,0.0189,0.6145,0.7,0.0,1.0
compas-alpha_1-beta_1-gamma_1,1571651365,954,0.6746,0.015,0.6596,0.63,0.0,1.0
compas-alpha_1-beta_1-gamma_1,1571651365,955,0.735,0.0129,0.7221,0.53,0.0,1.0
compas-alpha_1-beta_1-gamma_1,1571651366,956,0.641,0.0185,0.6225,0.67,0.0,1.0
compas-alpha_1-beta_1-gamma_1,1571651366,957,0.7381,0.0168,0.7213,0.5,0.0,1.0
compas-alpha_1-beta_1-gamma_1,1571651367,958,0.6983,0.0131,0.6852,0.57,0.0,1.0
compas-alpha_1-beta_1-gamma_1,1571651367,959,0.6598,0.0217,0.6381,0.7,0.0,1.0
compas-alpha_1-beta_1-gamma_1,1571651367,960,0.6388,0.012,0.6268,0.67,0.0,1.0
compas-alpha_1-beta_1-gamma_1,1571651368,961,0.6631,0.011,0.6521,0.57,0.0,1.0
compas-alpha_1-beta_1-gamma_1,1571651368,962,0.7531,0.0097,0.7434,0.6,0.0,1.0
compas-alpha_1-beta_1-gamma_1,1571651369,963,0.67,0.0205,0.6495,0.67,0.0,1.0
compas-alpha_1-beta_1-gamma_1,1571651369,964,0.5992,0.0184,0.5808,0.7,0.0,1.0
compas-alpha_1-beta_1-gamma_1,1571651369,965,0.6189,0.015,0.6039,0.67,0.0,1.0
compas-alpha_1-beta_1-gamma_1,1571651370,966,0.6978,0.015,0.6828,0.5,0.0,1.0
compas-alpha_1-beta_1-gamma_1,1571651370,967,0.7035,0.0149,0.6886,0.53,0.0,1.0
compas-alpha_1-beta_1-gamma_1,1571651370,968,0.6313,0.0137,0.6176,0.6,0.0,1.0
compas-alpha_1-beta_1-gamma_1,1571651371,969,0.6853,0.0181,0.6672,0.53,0.0,1.0
compas-alpha_1-beta_1-gamma_1,1571651371,970,0.608,0.0174,0.5907,0.7,0.0,1.0
compas-alpha_1-beta_1-gamma_1,1571651372,971,0.5641,0.0126,0.5515,0.7,0.0,1.0
compas-alpha_1-beta_1-gamma_1,1571651372,972,0.5936,0.0185,0.5751,0.7,0.0,1.0
compas-alpha_1-beta_1-gamma_1,1571651373,973,0.5536,0.0214,0.5322,0.8,0.0,1.0
compas-alpha_1-beta_1-gamma_1,1571651373,974,0.7006,0.0157,0.6849,0.6,0.0,1.0
compas-alpha_1-beta_1-gamma_1,1571651373,975,0.6205,0.0159,0.6046,0.73,0.0,1.0
compas-alpha_1-beta_1-gamma_1,1571651374,976,0.7077,0.0118,0.6959,0.57,0.0,1.0
compas-alpha_1-beta_1-gamma_1,1571651374,977,0.5569,0.0116,0.5452,0.8,0.0,1.0
compas-alpha_1-beta_1-gamma_1,1571651375,978,0.712,0.0143,0.6977,0.63,0.0,1.0
compas-alpha_1-beta_1-gamma_1,1571651375,979,0.7134,0.0129,0.7005,0.53,0.0,1.0
compas-alpha_1-beta_1-gamma_1,1571651376,980,0.592,0.0172,0.5748,0.7,0.0,1.0
compas-alpha_1-beta_1-gamma_1,1571651376,981,0.5765,0.0127,0.5638,0.73,0.0,1.0
compas-alpha_1-beta_1-gamma_1,1571651376,982,0.7127,0.0185,0.6942,0.47,0.0,1.0
compas-alpha_1-beta_1-gamma_1,1571651377,983,0.6579,0.0158,0.642,0.63,0.0,1.0
compas-alpha_1-beta_1-gamma_1,1571651377,984,0.6166,0.0159,0.6007,0.67,0.0,1.0
compas-alpha_1-beta_1-gamma_1,1571651378,985,0.5435,0.0129,0.5306,0.77,0.0,1.0
compas-alpha_1-beta_1-gamma_1,1571651378,986,0.6592,0.0136,0.6455,0.63,0.0,1.0
compas-alpha_1-beta_1-gamma_1,1571651379,987,0.5037,0.0095,0.4941,0.83,0.0,1.0
compas-alpha_1-beta_1-gamma_1,1571651379,988,0.6873,0.0105,0.6768,0.67,0.0,1.0
compas-alpha_1-beta_1-gamma_1,1571651379,989,0.7281,0.0207,0.7074,0.53,0.0,1.0
compas-alpha_1-beta_1-gamma_1,1571651380,990,0.6695,0.0123,0.6571,0.67,0.0,1.0
compas-alpha_1-beta_1-gamma_1,1571651380,991,0.6762,0.0133,0.6629,0.67,0.0,1.0
compas-alpha_1-beta_1-gamma_1,1571651380,992,0.6273,0.0129,0.6144,0.63,0.0,1.0
compas-alpha_1-beta_1-gamma_1,1571651381,993,0.5998,0.0108,0.589,0.67,0.0,1.0
compas-alpha_1-beta_1-gamma_1,1571651381,994,0.6423,0.0181,0.6242,0.67,0.0,1.0
compas-alpha_1-beta_1-gamma_1,1571651382,995,0.6754,0.0124,0.663,0.67,0.0,1.0
compas-alpha_1-beta_1-gamma_1,1571651382,996,0.6183,0.0153,0.603,0.7,0.0,1.0
compas-alpha_1-beta_1-gamma_1,1571651383,997,0.7383,0.0108,0.7275,0.47,0.0,1.0
compas-alpha_1-beta_1-gamma_1,1571651383,998,0.5035,0.0122,0.4913,0.77,0.0,1.0
compas-alpha_1-beta_1-gamma_1,1571651383,999,0.831,0.0149,0.8161,0.57,0.0,1.0
