compas-alpha_1-beta_0.0-gamma_1,timestamp,epoch,enc_loss,dec_loss,cla_loss,cla_acc,dis_loss,dis_acc
compas-alpha_1-beta_0.0-gamma_1,1571658986,0,0.0417,0.0,0.6909,0.67,0.6492,0.63
compas-alpha_1-beta_0.0-gamma_1,1571658987,1,0.0512,0.0,0.6854,0.53,0.6342,0.6
compas-alpha_1-beta_0.0-gamma_1,1571658987,2,0.0813,0.0,0.6849,0.67,0.6036,0.63
compas-alpha_1-beta_0.0-gamma_1,1571658987,3,0.1765,0.0,0.6936,0.53,0.5171,0.83
compas-alpha_1-beta_0.0-gamma_1,1571658988,4,0.2104,0.0,0.6809,0.57,0.4705,0.9
compas-alpha_1-beta_0.0-gamma_1,1571658988,5,0.3339,0.0,0.6866,0.53,0.3527,0.97
compas-alpha_1-beta_0.0-gamma_1,1571658988,6,0.3172,0.0,0.6551,0.63,0.338,1.0
compas-alpha_1-beta_0.0-gamma_1,1571658989,7,0.257,0.0,0.6306,0.7,0.3736,0.93
compas-alpha_1-beta_0.0-gamma_1,1571658989,8,0.3312,0.0,0.6671,0.63,0.3359,0.93
compas-alpha_1-beta_0.0-gamma_1,1571658989,9,0.3583,0.0,0.6491,0.67,0.2908,0.9
compas-alpha_1-beta_0.0-gamma_1,1571658990,10,0.3844,0.0,0.6679,0.7,0.2835,0.9
compas-alpha_1-beta_0.0-gamma_1,1571658990,11,0.4406,0.0,0.6762,0.6,0.2355,1.0
compas-alpha_1-beta_0.0-gamma_1,1571658991,12,0.4678,0.0,0.6447,0.7,0.1769,1.0
compas-alpha_1-beta_0.0-gamma_1,1571658991,13,0.5024,0.0,0.65,0.63,0.1476,1.0
compas-alpha_1-beta_0.0-gamma_1,1571658992,14,0.5212,0.0,0.6975,0.53,0.1763,0.93
compas-alpha_1-beta_0.0-gamma_1,1571658992,15,0.5752,0.0,0.7385,0.5,0.1633,1.0
compas-alpha_1-beta_0.0-gamma_1,1571658992,16,0.4435,0.0,0.6183,0.7,0.1748,0.97
compas-alpha_1-beta_0.0-gamma_1,1571658993,17,0.558,0.0,0.7253,0.57,0.1673,1.0
compas-alpha_1-beta_0.0-gamma_1,1571658993,18,0.5952,0.0,0.7254,0.6,0.1301,0.97
compas-alpha_1-beta_0.0-gamma_1,1571658993,19,0.5278,0.0,0.6343,0.7,0.1064,1.0
compas-alpha_1-beta_0.0-gamma_1,1571658994,20,0.6486,0.0,0.7471,0.63,0.0985,1.0
compas-alpha_1-beta_0.0-gamma_1,1571658994,21,0.5582,0.0,0.6608,0.67,0.1026,0.97
compas-alpha_1-beta_0.0-gamma_1,1571658995,22,0.5986,0.0,0.663,0.63,0.0643,1.0
compas-alpha_1-beta_0.0-gamma_1,1571658995,23,0.5957,0.0,0.6976,0.63,0.1019,1.0
compas-alpha_1-beta_0.0-gamma_1,1571658995,24,0.5026,0.0,0.6163,0.73,0.1137,0.97
compas-alpha_1-beta_0.0-gamma_1,1571658996,25,0.611,0.0,0.7109,0.53,0.0998,1.0
compas-alpha_1-beta_0.0-gamma_1,1571658996,26,0.5319,0.0,0.6921,0.53,0.1602,0.93
compas-alpha_1-beta_0.0-gamma_1,1571658996,27,0.6777,0.0,0.7467,0.47,0.069,1.0
compas-alpha_1-beta_0.0-gamma_1,1571658997,28,0.6166,0.0,0.6584,0.67,0.0418,1.0
compas-alpha_1-beta_0.0-gamma_1,1571658997,29,0.5235,0.0,0.6159,0.57,0.0924,0.97
compas-alpha_1-beta_0.0-gamma_1,1571658997,30,0.6241,0.0,0.6835,0.63,0.0595,1.0
compas-alpha_1-beta_0.0-gamma_1,1571658998,31,0.5794,0.0,0.6624,0.6,0.083,1.0
compas-alpha_1-beta_0.0-gamma_1,1571658998,32,0.6226,0.0,0.6672,0.63,0.0447,1.0
compas-alpha_1-beta_0.0-gamma_1,1571658999,33,0.5262,0.0,0.602,0.63,0.0758,1.0
compas-alpha_1-beta_0.0-gamma_1,1571658999,34,0.602,0.0,0.6874,0.53,0.0854,0.97
compas-alpha_1-beta_0.0-gamma_1,1571658999,35,0.5697,0.0,0.6178,0.57,0.0481,1.0
compas-alpha_1-beta_0.0-gamma_1,1571659000,36,0.6373,0.0,0.6888,0.53,0.0514,1.0
compas-alpha_1-beta_0.0-gamma_1,1571659000,37,0.6129,0.0,0.6365,0.67,0.0236,1.0
compas-alpha_1-beta_0.0-gamma_1,1571659000,38,0.5747,0.0,0.6315,0.7,0.0569,0.97
compas-alpha_1-beta_0.0-gamma_1,1571659001,39,0.5416,0.0,0.6267,0.63,0.085,0.97
compas-alpha_1-beta_0.0-gamma_1,1571659001,40,0.489,0.0,0.5521,0.73,0.0631,1.0
compas-alpha_1-beta_0.0-gamma_1,1571659002,41,0.5963,0.0,0.6768,0.6,0.0805,0.97
compas-alpha_1-beta_0.0-gamma_1,1571659002,42,0.5628,0.0,0.6175,0.73,0.0548,1.0
compas-alpha_1-beta_0.0-gamma_1,1571659002,43,0.6018,0.0,0.7014,0.5,0.0996,0.97
compas-alpha_1-beta_0.0-gamma_1,1571659003,44,0.5625,0.0,0.6029,0.73,0.0404,1.0
compas-alpha_1-beta_0.0-gamma_1,1571659003,45,0.7247,0.0,0.7493,0.63,0.0246,1.0
compas-alpha_1-beta_0.0-gamma_1,1571659004,46,0.5738,0.0,0.5966,0.67,0.0228,1.0
compas-alpha_1-beta_0.0-gamma_1,1571659004,47,0.6328,0.0,0.6531,0.6,0.0203,1.0
compas-alpha_1-beta_0.0-gamma_1,1571659004,48,0.5869,0.0,0.6161,0.77,0.0292,1.0
compas-alpha_1-beta_0.0-gamma_1,1571659005,49,0.6874,0.0,0.705,0.57,0.0176,1.0
compas-alpha_1-beta_0.0-gamma_1,1571659005,50,0.6012,0.0,0.6287,0.73,0.0275,1.0
compas-alpha_1-beta_0.0-gamma_1,1571659006,51,0.5817,0.0,0.5953,0.7,0.0135,1.0
compas-alpha_1-beta_0.0-gamma_1,1571659006,52,0.6025,0.0,0.6619,0.6,0.0594,1.0
compas-alpha_1-beta_0.0-gamma_1,1571659007,53,0.6832,0.0,0.6985,0.63,0.0152,1.0
compas-alpha_1-beta_0.0-gamma_1,1571659007,54,0.4735,0.0,0.4826,0.93,0.0091,1.0
compas-alpha_1-beta_0.0-gamma_1,1571659007,55,0.6167,0.0,0.6456,0.6,0.0289,1.0
compas-alpha_1-beta_0.0-gamma_1,1571659008,56,0.5556,0.0,0.5946,0.67,0.039,0.97
compas-alpha_1-beta_0.0-gamma_1,1571659008,57,0.6574,0.0,0.6842,0.7,0.0268,1.0
compas-alpha_1-beta_0.0-gamma_1,1571659008,58,0.5924,0.0,0.5997,0.67,0.0072,1.0
compas-alpha_1-beta_0.0-gamma_1,1571659009,59,0.5642,0.0,0.5802,0.77,0.0161,1.0
compas-alpha_1-beta_0.0-gamma_1,1571659009,60,0.7365,0.0,0.7437,0.63,0.0072,1.0
compas-alpha_1-beta_0.0-gamma_1,1571659010,61,0.6304,0.0,0.6458,0.53,0.0153,1.0
compas-alpha_1-beta_0.0-gamma_1,1571659010,62,0.6403,0.0,0.6516,0.6,0.0112,1.0
compas-alpha_1-beta_0.0-gamma_1,1571659011,63,0.526,0.0,0.567,0.63,0.041,1.0
compas-alpha_1-beta_0.0-gamma_1,1571659011,64,0.6272,0.0,0.6317,0.63,0.0045,1.0
compas-alpha_1-beta_0.0-gamma_1,1571659011,65,0.7407,0.0,0.7493,0.47,0.0086,1.0
compas-alpha_1-beta_0.0-gamma_1,1571659012,66,0.5039,0.0,0.5184,0.9,0.0144,1.0
compas-alpha_1-beta_0.0-gamma_1,1571659012,67,0.6059,0.0,0.6144,0.8,0.0084,1.0
compas-alpha_1-beta_0.0-gamma_1,1571659012,68,0.5464,0.0,0.5693,0.73,0.0229,1.0
compas-alpha_1-beta_0.0-gamma_1,1571659013,69,0.4981,0.0,0.511,0.67,0.0129,1.0
compas-alpha_1-beta_0.0-gamma_1,1571659013,70,0.6081,0.0,0.6385,0.53,0.0304,1.0
compas-alpha_1-beta_0.0-gamma_1,1571659014,71,0.5564,0.0,0.5732,0.67,0.0168,1.0
compas-alpha_1-beta_0.0-gamma_1,1571659014,72,0.599,0.0,0.6211,0.57,0.0222,1.0
compas-alpha_1-beta_0.0-gamma_1,1571659014,73,0.6084,0.0,0.6232,0.6,0.0148,1.0
compas-alpha_1-beta_0.0-gamma_1,1571659015,74,0.6178,0.0,0.6373,0.7,0.0195,1.0
compas-alpha_1-beta_0.0-gamma_1,1571659015,75,0.5563,0.0,0.5718,0.8,0.0155,1.0
compas-alpha_1-beta_0.0-gamma_1,1571659016,76,0.6061,0.0,0.6155,0.6,0.0094,1.0
compas-alpha_1-beta_0.0-gamma_1,1571659016,77,0.666,0.0,0.6804,0.57,0.0144,1.0
compas-alpha_1-beta_0.0-gamma_1,1571659016,78,0.671,0.0,0.685,0.63,0.014,1.0
compas-alpha_1-beta_0.0-gamma_1,1571659017,79,0.525,0.0,0.5274,0.73,0.0024,1.0
compas-alpha_1-beta_0.0-gamma_1,1571659017,80,0.5895,0.0,0.5986,0.63,0.0091,1.0
compas-alpha_1-beta_0.0-gamma_1,1571659017,81,0.6321,0.0,0.6508,0.57,0.0188,1.0
compas-alpha_1-beta_0.0-gamma_1,1571659018,82,0.6195,0.0,0.632,0.67,0.0125,1.0
compas-alpha_1-beta_0.0-gamma_1,1571659018,83,0.5908,0.0,0.632,0.57,0.0412,0.97
compas-alpha_1-beta_0.0-gamma_1,1571659019,84,0.6685,0.0,0.6767,0.7,0.0083,1.0
compas-alpha_1-beta_0.0-gamma_1,1571659019,85,0.56,0.0,0.5659,0.83,0.0059,1.0
compas-alpha_1-beta_0.0-gamma_1,1571659019,86,0.7065,0.0,0.7095,0.57,0.003,1.0
compas-alpha_1-beta_0.0-gamma_1,1571659020,87,0.5509,0.0,0.569,0.73,0.0181,1.0
compas-alpha_1-beta_0.0-gamma_1,1571659020,88,0.6512,0.0,0.6552,0.63,0.004,1.0
compas-alpha_1-beta_0.0-gamma_1,1571659021,89,0.5994,0.0,0.6052,0.63,0.0059,1.0
compas-alpha_1-beta_0.0-gamma_1,1571659021,90,0.6298,0.0,0.6385,0.7,0.0087,1.0
compas-alpha_1-beta_0.0-gamma_1,1571659021,91,0.5429,0.0,0.5531,0.77,0.0102,1.0
compas-alpha_1-beta_0.0-gamma_1,1571659022,92,0.6308,0.0,0.6373,0.6,0.0065,1.0
compas-alpha_1-beta_0.0-gamma_1,1571659022,93,0.5774,0.0,0.6112,0.7,0.0338,1.0
compas-alpha_1-beta_0.0-gamma_1,1571659023,94,0.6732,0.0,0.6807,0.53,0.0075,1.0
compas-alpha_1-beta_0.0-gamma_1,1571659023,95,0.531,0.0,0.5457,0.8,0.0146,1.0
compas-alpha_1-beta_0.0-gamma_1,1571659023,96,0.6295,0.0,0.6311,0.7,0.0016,1.0
compas-alpha_1-beta_0.0-gamma_1,1571659024,97,0.5774,0.0,0.5797,0.67,0.0024,1.0
compas-alpha_1-beta_0.0-gamma_1,1571659024,98,0.6518,0.0,0.6755,0.57,0.0237,1.0
compas-alpha_1-beta_0.0-gamma_1,1571659025,99,0.6663,0.0,0.6748,0.63,0.0085,1.0
compas-alpha_1-beta_0.0-gamma_1,1571659025,100,0.7013,0.0,0.7158,0.7,0.0145,1.0
compas-alpha_1-beta_0.0-gamma_1,1571659025,101,0.6997,0.0,0.7058,0.53,0.0061,1.0
compas-alpha_1-beta_0.0-gamma_1,1571659026,102,0.5923,0.0,0.6079,0.7,0.0157,1.0
compas-alpha_1-beta_0.0-gamma_1,1571659026,103,0.6116,0.0,0.6149,0.7,0.0032,1.0
compas-alpha_1-beta_0.0-gamma_1,1571659027,104,0.6008,0.0,0.6088,0.7,0.008,1.0
compas-alpha_1-beta_0.0-gamma_1,1571659027,105,0.6648,0.0,0.6704,0.63,0.0056,1.0
compas-alpha_1-beta_0.0-gamma_1,1571659027,106,0.6491,0.0,0.671,0.57,0.0218,1.0
compas-alpha_1-beta_0.0-gamma_1,1571659028,107,0.5185,0.0,0.5546,0.77,0.0361,0.97
compas-alpha_1-beta_0.0-gamma_1,1571659028,108,0.6102,0.0,0.6202,0.67,0.0099,1.0
compas-alpha_1-beta_0.0-gamma_1,1571659029,109,0.5836,0.0,0.5853,0.77,0.0017,1.0
compas-alpha_1-beta_0.0-gamma_1,1571659029,110,0.5858,0.0,0.5891,0.73,0.0033,1.0
compas-alpha_1-beta_0.0-gamma_1,1571659029,111,0.7295,0.0,0.7422,0.57,0.0127,1.0
compas-alpha_1-beta_0.0-gamma_1,1571659030,112,0.6676,0.0,0.6835,0.63,0.0159,1.0
compas-alpha_1-beta_0.0-gamma_1,1571659030,113,0.6625,0.0,0.6639,0.63,0.0014,1.0
compas-alpha_1-beta_0.0-gamma_1,1571659031,114,0.6639,0.0,0.6658,0.57,0.0019,1.0
compas-alpha_1-beta_0.0-gamma_1,1571659031,115,0.589,0.0,0.5912,0.77,0.0022,1.0
compas-alpha_1-beta_0.0-gamma_1,1571659031,116,0.5881,0.0,0.5906,0.7,0.0025,1.0
compas-alpha_1-beta_0.0-gamma_1,1571659032,117,0.5997,0.0,0.6117,0.63,0.0119,1.0
compas-alpha_1-beta_0.0-gamma_1,1571659032,118,0.5222,0.0,0.5284,0.8,0.0063,1.0
compas-alpha_1-beta_0.0-gamma_1,1571659033,119,0.5769,0.0,0.58,0.87,0.0031,1.0
compas-alpha_1-beta_0.0-gamma_1,1571659033,120,0.5768,0.0,0.5792,0.67,0.0024,1.0
compas-alpha_1-beta_0.0-gamma_1,1571659033,121,0.6666,0.0,0.6686,0.6,0.002,1.0
compas-alpha_1-beta_0.0-gamma_1,1571659034,122,0.6393,0.0,0.6479,0.63,0.0086,1.0
compas-alpha_1-beta_0.0-gamma_1,1571659034,123,0.5645,0.0,0.5701,0.63,0.0056,1.0
compas-alpha_1-beta_0.0-gamma_1,1571659035,124,0.6125,0.0,0.6155,0.7,0.003,1.0
compas-alpha_1-beta_0.0-gamma_1,1571659035,125,0.548,0.0,0.5591,0.77,0.0111,1.0
compas-alpha_1-beta_0.0-gamma_1,1571659035,126,0.7129,0.0,0.72,0.57,0.0071,1.0
compas-alpha_1-beta_0.0-gamma_1,1571659036,127,0.6018,0.0,0.6065,0.77,0.0047,1.0
compas-alpha_1-beta_0.0-gamma_1,1571659036,128,0.6399,0.0,0.6407,0.63,0.0008,1.0
compas-alpha_1-beta_0.0-gamma_1,1571659037,129,0.6099,0.0,0.6149,0.7,0.0049,1.0
compas-alpha_1-beta_0.0-gamma_1,1571659037,130,0.5707,0.0,0.5733,0.73,0.0026,1.0
compas-alpha_1-beta_0.0-gamma_1,1571659037,131,0.5736,0.0,0.5776,0.73,0.0039,1.0
compas-alpha_1-beta_0.0-gamma_1,1571659038,132,0.6272,0.0,0.6298,0.67,0.0026,1.0
compas-alpha_1-beta_0.0-gamma_1,1571659038,133,0.6861,0.0,0.6908,0.67,0.0047,1.0
compas-alpha_1-beta_0.0-gamma_1,1571659039,134,0.6363,0.0,0.6411,0.83,0.0047,1.0
compas-alpha_1-beta_0.0-gamma_1,1571659039,135,0.6437,0.0,0.6587,0.7,0.015,1.0
compas-alpha_1-beta_0.0-gamma_1,1571659039,136,0.6343,0.0,0.6361,0.63,0.0018,1.0
compas-alpha_1-beta_0.0-gamma_1,1571659040,137,0.6504,0.0,0.6516,0.63,0.0011,1.0
compas-alpha_1-beta_0.0-gamma_1,1571659040,138,0.6607,0.0,0.6662,0.57,0.0055,1.0
compas-alpha_1-beta_0.0-gamma_1,1571659041,139,0.5392,0.0,0.5415,0.8,0.0023,1.0
compas-alpha_1-beta_0.0-gamma_1,1571659041,140,0.6534,0.0,0.6552,0.6,0.0018,1.0
compas-alpha_1-beta_0.0-gamma_1,1571659041,141,0.6851,0.0,0.6861,0.53,0.001,1.0
compas-alpha_1-beta_0.0-gamma_1,1571659042,142,0.6672,0.0,0.6681,0.63,0.0009,1.0
compas-alpha_1-beta_0.0-gamma_1,1571659042,143,0.6201,0.0,0.6233,0.63,0.0032,1.0
compas-alpha_1-beta_0.0-gamma_1,1571659043,144,0.5822,0.0,0.5952,0.7,0.013,1.0
compas-alpha_1-beta_0.0-gamma_1,1571659043,145,0.7273,0.0,0.7389,0.57,0.0116,1.0
compas-alpha_1-beta_0.0-gamma_1,1571659043,146,0.6334,0.0,0.6348,0.77,0.0014,1.0
compas-alpha_1-beta_0.0-gamma_1,1571659044,147,0.5729,0.0,0.5777,0.73,0.0048,1.0
compas-alpha_1-beta_0.0-gamma_1,1571659044,148,0.6165,0.0,0.6219,0.77,0.0055,1.0
compas-alpha_1-beta_0.0-gamma_1,1571659045,149,0.6265,0.0,0.6276,0.63,0.0011,1.0
compas-alpha_1-beta_0.0-gamma_1,1571659045,150,0.6713,0.0,0.6729,0.47,0.0016,1.0
compas-alpha_1-beta_0.0-gamma_1,1571659045,151,0.6313,0.0,0.636,0.57,0.0047,1.0
compas-alpha_1-beta_0.0-gamma_1,1571659046,152,0.6384,0.0,0.6417,0.6,0.0033,1.0
compas-alpha_1-beta_0.0-gamma_1,1571659046,153,0.5375,0.0,0.5387,0.83,0.0012,1.0
compas-alpha_1-beta_0.0-gamma_1,1571659047,154,0.6616,0.0,0.6631,0.63,0.0016,1.0
compas-alpha_1-beta_0.0-gamma_1,1571659047,155,0.7786,0.0,0.7814,0.47,0.0029,1.0
compas-alpha_1-beta_0.0-gamma_1,1571659047,156,0.6382,0.0,0.6414,0.67,0.0032,1.0
compas-alpha_1-beta_0.0-gamma_1,1571659048,157,0.5429,0.0,0.5479,0.83,0.005,1.0
compas-alpha_1-beta_0.0-gamma_1,1571659048,158,0.6288,0.0,0.6298,0.7,0.001,1.0
compas-alpha_1-beta_0.0-gamma_1,1571659049,159,0.7109,0.0,0.7137,0.53,0.0028,1.0
compas-alpha_1-beta_0.0-gamma_1,1571659049,160,0.6404,0.0,0.6411,0.67,0.0007,1.0
compas-alpha_1-beta_0.0-gamma_1,1571659049,161,0.5598,0.0,0.5647,0.73,0.0049,1.0
compas-alpha_1-beta_0.0-gamma_1,1571659050,162,0.5601,0.0,0.5624,0.77,0.0024,1.0
compas-alpha_1-beta_0.0-gamma_1,1571659050,163,0.6044,0.0,0.6148,0.73,0.0104,1.0
compas-alpha_1-beta_0.0-gamma_1,1571659051,164,0.7192,0.0,0.7234,0.63,0.0043,1.0
compas-alpha_1-beta_0.0-gamma_1,1571659051,165,0.5669,0.0,0.5678,0.83,0.0009,1.0
compas-alpha_1-beta_0.0-gamma_1,1571659051,166,0.6122,0.0,0.615,0.7,0.0028,1.0
compas-alpha_1-beta_0.0-gamma_1,1571659052,167,0.551,0.0,0.5587,0.77,0.0077,1.0
compas-alpha_1-beta_0.0-gamma_1,1571659052,168,0.651,0.0,0.6594,0.6,0.0084,1.0
compas-alpha_1-beta_0.0-gamma_1,1571659053,169,0.6804,0.0,0.682,0.6,0.0016,1.0
compas-alpha_1-beta_0.0-gamma_1,1571659053,170,0.6084,0.0,0.6094,0.7,0.001,1.0
compas-alpha_1-beta_0.0-gamma_1,1571659053,171,0.6762,0.0,0.678,0.57,0.0018,1.0
compas-alpha_1-beta_0.0-gamma_1,1571659054,172,0.5973,0.0,0.599,0.53,0.0017,1.0
compas-alpha_1-beta_0.0-gamma_1,1571659054,173,0.6134,0.0,0.6279,0.8,0.0145,1.0
compas-alpha_1-beta_0.0-gamma_1,1571659055,174,0.6067,0.0,0.6079,0.8,0.0012,1.0
compas-alpha_1-beta_0.0-gamma_1,1571659055,175,0.6007,0.0,0.6048,0.7,0.0041,1.0
compas-alpha_1-beta_0.0-gamma_1,1571659055,176,0.6122,0.0,0.6131,0.77,0.0009,1.0
compas-alpha_1-beta_0.0-gamma_1,1571659056,177,0.5836,0.0,0.5843,0.73,0.0007,1.0
compas-alpha_1-beta_0.0-gamma_1,1571659056,178,0.6177,0.0,0.6321,0.67,0.0144,1.0
compas-alpha_1-beta_0.0-gamma_1,1571659057,179,0.7038,0.0,0.7043,0.57,0.0004,1.0
compas-alpha_1-beta_0.0-gamma_1,1571659057,180,0.6727,0.0,0.6853,0.6,0.0126,1.0
compas-alpha_1-beta_0.0-gamma_1,1571659057,181,0.5335,0.0,0.5397,0.77,0.0062,1.0
compas-alpha_1-beta_0.0-gamma_1,1571659058,182,0.6698,0.0,0.6772,0.6,0.0074,1.0
compas-alpha_1-beta_0.0-gamma_1,1571659058,183,0.7712,0.0,0.7741,0.47,0.0028,1.0
compas-alpha_1-beta_0.0-gamma_1,1571659058,184,0.5918,0.0,0.5997,0.77,0.0078,1.0
compas-alpha_1-beta_0.0-gamma_1,1571659059,185,0.6632,0.0,0.6638,0.6,0.0006,1.0
compas-alpha_1-beta_0.0-gamma_1,1571659059,186,0.6256,0.0,0.629,0.63,0.0034,1.0
compas-alpha_1-beta_0.0-gamma_1,1571659060,187,0.7005,0.0,0.7009,0.53,0.0005,1.0
compas-alpha_1-beta_0.0-gamma_1,1571659060,188,0.6328,0.0,0.6352,0.67,0.0023,1.0
compas-alpha_1-beta_0.0-gamma_1,1571659060,189,0.6741,0.0,0.6772,0.7,0.0031,1.0
compas-alpha_1-beta_0.0-gamma_1,1571659061,190,0.6937,0.0,0.695,0.57,0.0013,1.0
compas-alpha_1-beta_0.0-gamma_1,1571659061,191,0.6492,0.0,0.6529,0.7,0.0038,1.0
compas-alpha_1-beta_0.0-gamma_1,1571659061,192,0.6897,0.0,0.6901,0.57,0.0004,1.0
compas-alpha_1-beta_0.0-gamma_1,1571659062,193,0.6963,0.0,0.6968,0.63,0.0005,1.0
compas-alpha_1-beta_0.0-gamma_1,1571659062,194,0.6974,0.0,0.6977,0.53,0.0003,1.0
compas-alpha_1-beta_0.0-gamma_1,1571659063,195,0.6762,0.0,0.6819,0.6,0.0057,1.0
compas-alpha_1-beta_0.0-gamma_1,1571659063,196,0.7193,0.0,0.7203,0.73,0.001,1.0
compas-alpha_1-beta_0.0-gamma_1,1571659063,197,0.5987,0.0,0.6005,0.63,0.0018,1.0
compas-alpha_1-beta_0.0-gamma_1,1571659064,198,0.5354,0.0,0.5434,0.77,0.0079,1.0
compas-alpha_1-beta_0.0-gamma_1,1571659064,199,0.5474,0.0,0.5499,0.77,0.0025,1.0
compas-alpha_1-beta_0.0-gamma_1,1571659065,200,0.6823,0.0,0.684,0.53,0.0017,1.0
compas-alpha_1-beta_0.0-gamma_1,1571659065,201,0.6096,0.0,0.6097,0.6,0.0001,1.0
compas-alpha_1-beta_0.0-gamma_1,1571659065,202,0.7017,0.0,0.7024,0.5,0.0007,1.0
compas-alpha_1-beta_0.0-gamma_1,1571659066,203,0.6428,0.0,0.6428,0.6,0.0001,1.0
compas-alpha_1-beta_0.0-gamma_1,1571659066,204,0.5384,0.0,0.545,0.73,0.0066,1.0
compas-alpha_1-beta_0.0-gamma_1,1571659066,205,0.4481,0.0,0.4484,0.9,0.0002,1.0
compas-alpha_1-beta_0.0-gamma_1,1571659067,206,0.5713,0.0,0.5731,0.77,0.0018,1.0
compas-alpha_1-beta_0.0-gamma_1,1571659067,207,0.5369,0.0,0.54,0.8,0.0031,1.0
compas-alpha_1-beta_0.0-gamma_1,1571659068,208,0.7257,0.0,0.7293,0.7,0.0037,1.0
compas-alpha_1-beta_0.0-gamma_1,1571659068,209,0.6415,0.0,0.646,0.63,0.0045,1.0
compas-alpha_1-beta_0.0-gamma_1,1571659068,210,0.6847,0.0,0.6852,0.53,0.0006,1.0
compas-alpha_1-beta_0.0-gamma_1,1571659069,211,0.62,0.0,0.6209,0.63,0.0008,1.0
compas-alpha_1-beta_0.0-gamma_1,1571659069,212,0.583,0.0,0.5834,0.7,0.0003,1.0
compas-alpha_1-beta_0.0-gamma_1,1571659069,213,0.6737,0.0,0.678,0.67,0.0044,1.0
compas-alpha_1-beta_0.0-gamma_1,1571659070,214,0.6581,0.0,0.6604,0.63,0.0023,1.0
compas-alpha_1-beta_0.0-gamma_1,1571659070,215,0.6343,0.0,0.6351,0.73,0.0008,1.0
compas-alpha_1-beta_0.0-gamma_1,1571659071,216,0.5793,0.0,0.602,0.73,0.0226,1.0
compas-alpha_1-beta_0.0-gamma_1,1571659071,217,0.5225,0.0,0.5238,0.83,0.0013,1.0
compas-alpha_1-beta_0.0-gamma_1,1571659071,218,0.6003,0.0,0.6041,0.8,0.0038,1.0
compas-alpha_1-beta_0.0-gamma_1,1571659072,219,0.6802,0.0,0.681,0.6,0.0008,1.0
compas-alpha_1-beta_0.0-gamma_1,1571659072,220,0.5688,0.0,0.5707,0.77,0.0019,1.0
compas-alpha_1-beta_0.0-gamma_1,1571659072,221,0.64,0.0,0.6431,0.7,0.0031,1.0
compas-alpha_1-beta_0.0-gamma_1,1571659073,222,0.6612,0.0,0.662,0.6,0.0007,1.0
compas-alpha_1-beta_0.0-gamma_1,1571659073,223,0.6009,0.0,0.6064,0.63,0.0056,1.0
compas-alpha_1-beta_0.0-gamma_1,1571659073,224,0.5336,0.0,0.5372,0.77,0.0037,1.0
compas-alpha_1-beta_0.0-gamma_1,1571659074,225,0.5477,0.0,0.5478,0.77,0.0001,1.0
compas-alpha_1-beta_0.0-gamma_1,1571659074,226,0.6771,0.0,0.6779,0.63,0.0008,1.0
compas-alpha_1-beta_0.0-gamma_1,1571659075,227,0.6218,0.0,0.6251,0.67,0.0033,1.0
compas-alpha_1-beta_0.0-gamma_1,1571659075,228,0.6146,0.0,0.6167,0.67,0.0021,1.0
compas-alpha_1-beta_0.0-gamma_1,1571659075,229,0.6732,0.0,0.6758,0.7,0.0025,1.0
compas-alpha_1-beta_0.0-gamma_1,1571659076,230,0.4881,0.0,0.4905,0.77,0.0024,1.0
compas-alpha_1-beta_0.0-gamma_1,1571659076,231,0.6541,0.0,0.6566,0.6,0.0025,1.0
compas-alpha_1-beta_0.0-gamma_1,1571659076,232,0.6909,0.0,0.6921,0.53,0.0011,1.0
compas-alpha_1-beta_0.0-gamma_1,1571659077,233,0.5295,0.0,0.5297,0.73,0.0002,1.0
compas-alpha_1-beta_0.0-gamma_1,1571659077,234,0.5869,0.0,0.5871,0.67,0.0002,1.0
compas-alpha_1-beta_0.0-gamma_1,1571659077,235,0.5937,0.0,0.598,0.7,0.0043,1.0
compas-alpha_1-beta_0.0-gamma_1,1571659078,236,0.6482,0.0,0.6489,0.7,0.0007,1.0
compas-alpha_1-beta_0.0-gamma_1,1571659078,237,0.535,0.0,0.5355,0.73,0.0005,1.0
compas-alpha_1-beta_0.0-gamma_1,1571659079,238,0.5997,0.0,0.6025,0.6,0.0028,1.0
compas-alpha_1-beta_0.0-gamma_1,1571659079,239,0.5314,0.0,0.5323,0.7,0.0008,1.0
compas-alpha_1-beta_0.0-gamma_1,1571659079,240,0.6243,0.0,0.6245,0.57,0.0002,1.0
compas-alpha_1-beta_0.0-gamma_1,1571659080,241,0.5037,0.0,0.505,0.87,0.0013,1.0
compas-alpha_1-beta_0.0-gamma_1,1571659080,242,0.7378,0.0,0.7386,0.57,0.0008,1.0
compas-alpha_1-beta_0.0-gamma_1,1571659080,243,0.6721,0.0,0.6744,0.6,0.0023,1.0
compas-alpha_1-beta_0.0-gamma_1,1571659081,244,0.6711,0.0,0.6717,0.63,0.0006,1.0
compas-alpha_1-beta_0.0-gamma_1,1571659081,245,0.6578,0.0,0.6592,0.53,0.0014,1.0
compas-alpha_1-beta_0.0-gamma_1,1571659081,246,0.7141,0.0,0.7162,0.57,0.0021,1.0
compas-alpha_1-beta_0.0-gamma_1,1571659082,247,0.6342,0.0,0.6353,0.57,0.0011,1.0
compas-alpha_1-beta_0.0-gamma_1,1571659082,248,0.6088,0.0,0.6098,0.67,0.001,1.0
compas-alpha_1-beta_0.0-gamma_1,1571659083,249,0.6069,0.0,0.611,0.67,0.0041,1.0
compas-alpha_1-beta_0.0-gamma_1,1571659083,250,0.5504,0.0,0.5505,0.8,0.0001,1.0
compas-alpha_1-beta_0.0-gamma_1,1571659083,251,0.6588,0.0,0.6599,0.57,0.001,1.0
compas-alpha_1-beta_0.0-gamma_1,1571659084,252,0.5299,0.0,0.5308,0.77,0.0008,1.0
compas-alpha_1-beta_0.0-gamma_1,1571659084,253,0.5961,0.0,0.5985,0.67,0.0024,1.0
compas-alpha_1-beta_0.0-gamma_1,1571659084,254,0.5393,0.0,0.5394,0.8,0.0001,1.0
compas-alpha_1-beta_0.0-gamma_1,1571659085,255,0.6457,0.0,0.6477,0.6,0.0019,1.0
compas-alpha_1-beta_0.0-gamma_1,1571659085,256,0.5279,0.0,0.5279,0.77,0.0,1.0
compas-alpha_1-beta_0.0-gamma_1,1571659085,257,0.6066,0.0,0.6086,0.63,0.002,1.0
compas-alpha_1-beta_0.0-gamma_1,1571659086,258,0.574,0.0,0.5741,0.8,0.0001,1.0
compas-alpha_1-beta_0.0-gamma_1,1571659086,259,0.7052,0.0,0.7085,0.57,0.0033,1.0
compas-alpha_1-beta_0.0-gamma_1,1571659087,260,0.6707,0.0,0.6719,0.67,0.0011,1.0
compas-alpha_1-beta_0.0-gamma_1,1571659087,261,0.6014,0.0,0.6023,0.6,0.0009,1.0
compas-alpha_1-beta_0.0-gamma_1,1571659087,262,0.6821,0.0,0.6834,0.57,0.0013,1.0
compas-alpha_1-beta_0.0-gamma_1,1571659088,263,0.6528,0.0,0.6535,0.63,0.0008,1.0
compas-alpha_1-beta_0.0-gamma_1,1571659088,264,0.6281,0.0,0.6301,0.63,0.002,1.0
compas-alpha_1-beta_0.0-gamma_1,1571659088,265,0.5652,0.0,0.5664,0.7,0.0012,1.0
compas-alpha_1-beta_0.0-gamma_1,1571659089,266,0.6342,0.0,0.6351,0.67,0.0009,1.0
compas-alpha_1-beta_0.0-gamma_1,1571659089,267,0.488,0.0,0.4885,0.77,0.0005,1.0
compas-alpha_1-beta_0.0-gamma_1,1571659089,268,0.6735,0.0,0.674,0.53,0.0005,1.0
compas-alpha_1-beta_0.0-gamma_1,1571659090,269,0.679,0.0,0.6796,0.53,0.0006,1.0
compas-alpha_1-beta_0.0-gamma_1,1571659090,270,0.7218,0.0,0.7272,0.53,0.0053,1.0
compas-alpha_1-beta_0.0-gamma_1,1571659091,271,0.6447,0.0,0.6451,0.63,0.0004,1.0
compas-alpha_1-beta_0.0-gamma_1,1571659091,272,0.537,0.0,0.5386,0.77,0.0015,1.0
compas-alpha_1-beta_0.0-gamma_1,1571659091,273,0.5365,0.0,0.5379,0.7,0.0014,1.0
compas-alpha_1-beta_0.0-gamma_1,1571659092,274,0.599,0.0,0.6001,0.67,0.001,1.0
compas-alpha_1-beta_0.0-gamma_1,1571659092,275,0.5977,0.0,0.6047,0.63,0.007,1.0
compas-alpha_1-beta_0.0-gamma_1,1571659092,276,0.6646,0.0,0.6649,0.63,0.0003,1.0
compas-alpha_1-beta_0.0-gamma_1,1571659093,277,0.6599,0.0,0.6618,0.63,0.0018,1.0
compas-alpha_1-beta_0.0-gamma_1,1571659093,278,0.5604,0.0,0.5606,0.8,0.0003,1.0
compas-alpha_1-beta_0.0-gamma_1,1571659093,279,0.5931,0.0,0.5942,0.63,0.0011,1.0
compas-alpha_1-beta_0.0-gamma_1,1571659094,280,0.5543,0.0,0.5545,0.73,0.0001,1.0
compas-alpha_1-beta_0.0-gamma_1,1571659094,281,0.6929,0.0,0.6929,0.5,0.0,1.0
compas-alpha_1-beta_0.0-gamma_1,1571659095,282,0.4936,0.0,0.4947,0.83,0.0012,1.0
compas-alpha_1-beta_0.0-gamma_1,1571659095,283,0.6063,0.0,0.6093,0.6,0.003,1.0
compas-alpha_1-beta_0.0-gamma_1,1571659095,284,0.6132,0.0,0.6133,0.67,0.0001,1.0
compas-alpha_1-beta_0.0-gamma_1,1571659096,285,0.7302,0.0,0.7313,0.6,0.001,1.0
compas-alpha_1-beta_0.0-gamma_1,1571659096,286,0.7048,0.0,0.7048,0.7,0.0,1.0
compas-alpha_1-beta_0.0-gamma_1,1571659096,287,0.765,0.0,0.7662,0.57,0.0012,1.0
compas-alpha_1-beta_0.0-gamma_1,1571659097,288,0.6645,0.0,0.6647,0.63,0.0002,1.0
compas-alpha_1-beta_0.0-gamma_1,1571659097,289,0.6201,0.0,0.6201,0.73,0.0,1.0
compas-alpha_1-beta_0.0-gamma_1,1571659097,290,0.7028,0.0,0.7034,0.6,0.0006,1.0
compas-alpha_1-beta_0.0-gamma_1,1571659098,291,0.6231,0.0,0.6236,0.7,0.0006,1.0
compas-alpha_1-beta_0.0-gamma_1,1571659098,292,0.4973,0.0,0.4974,0.83,0.0001,1.0
compas-alpha_1-beta_0.0-gamma_1,1571659099,293,0.6917,0.0,0.6921,0.57,0.0004,1.0
compas-alpha_1-beta_0.0-gamma_1,1571659099,294,0.5864,0.0,0.5873,0.8,0.0008,1.0
compas-alpha_1-beta_0.0-gamma_1,1571659099,295,0.5921,0.0,0.5923,0.7,0.0002,1.0
compas-alpha_1-beta_0.0-gamma_1,1571659100,296,0.657,0.0,0.6571,0.67,0.0001,1.0
compas-alpha_1-beta_0.0-gamma_1,1571659100,297,0.5777,0.0,0.5786,0.8,0.0009,1.0
compas-alpha_1-beta_0.0-gamma_1,1571659100,298,0.6361,0.0,0.6363,0.6,0.0003,1.0
compas-alpha_1-beta_0.0-gamma_1,1571659101,299,0.5919,0.0,0.5923,0.77,0.0004,1.0
compas-alpha_1-beta_0.0-gamma_1,1571659101,300,0.58,0.0,0.5821,0.63,0.0021,1.0
compas-alpha_1-beta_0.0-gamma_1,1571659101,301,0.612,0.0,0.6127,0.7,0.0007,1.0
compas-alpha_1-beta_0.0-gamma_1,1571659102,302,0.5817,0.0,0.5822,0.7,0.0005,1.0
compas-alpha_1-beta_0.0-gamma_1,1571659102,303,0.4891,0.0,0.4904,0.8,0.0013,1.0
compas-alpha_1-beta_0.0-gamma_1,1571659103,304,0.6173,0.0,0.618,0.67,0.0007,1.0
compas-alpha_1-beta_0.0-gamma_1,1571659103,305,0.5801,0.0,0.5814,0.77,0.0013,1.0
compas-alpha_1-beta_0.0-gamma_1,1571659103,306,0.5733,0.0,0.5737,0.67,0.0004,1.0
compas-alpha_1-beta_0.0-gamma_1,1571659104,307,0.6231,0.0,0.6244,0.63,0.0013,1.0
compas-alpha_1-beta_0.0-gamma_1,1571659104,308,0.6438,0.0,0.6439,0.7,0.0001,1.0
compas-alpha_1-beta_0.0-gamma_1,1571659104,309,0.7029,0.0,0.7033,0.6,0.0005,1.0
compas-alpha_1-beta_0.0-gamma_1,1571659105,310,0.6258,0.0,0.6282,0.67,0.0024,1.0
compas-alpha_1-beta_0.0-gamma_1,1571659105,311,0.6585,0.0,0.6604,0.63,0.0019,1.0
compas-alpha_1-beta_0.0-gamma_1,1571659105,312,0.5969,0.0,0.5972,0.7,0.0004,1.0
compas-alpha_1-beta_0.0-gamma_1,1571659106,313,0.6071,0.0,0.6084,0.63,0.0013,1.0
compas-alpha_1-beta_0.0-gamma_1,1571659106,314,0.63,0.0,0.63,0.67,0.0001,1.0
compas-alpha_1-beta_0.0-gamma_1,1571659106,315,0.5557,0.0,0.5558,0.73,0.0001,1.0
compas-alpha_1-beta_0.0-gamma_1,1571659107,316,0.6106,0.0,0.6108,0.7,0.0002,1.0
compas-alpha_1-beta_0.0-gamma_1,1571659107,317,0.6877,0.0,0.689,0.63,0.0013,1.0
compas-alpha_1-beta_0.0-gamma_1,1571659108,318,0.5929,0.0,0.5936,0.7,0.0006,1.0
compas-alpha_1-beta_0.0-gamma_1,1571659108,319,0.568,0.0,0.5681,0.7,0.0001,1.0
compas-alpha_1-beta_0.0-gamma_1,1571659108,320,0.6053,0.0,0.6069,0.63,0.0016,1.0
compas-alpha_1-beta_0.0-gamma_1,1571659109,321,0.5627,0.0,0.5628,0.83,0.0001,1.0
compas-alpha_1-beta_0.0-gamma_1,1571659109,322,0.6492,0.0,0.6502,0.57,0.001,1.0
compas-alpha_1-beta_0.0-gamma_1,1571659109,323,0.584,0.0,0.584,0.63,0.0,1.0
compas-alpha_1-beta_0.0-gamma_1,1571659110,324,0.6407,0.0,0.6408,0.7,0.0001,1.0
compas-alpha_1-beta_0.0-gamma_1,1571659110,325,0.69,0.0,0.6901,0.6,0.0,1.0
compas-alpha_1-beta_0.0-gamma_1,1571659110,326,0.6795,0.0,0.6814,0.57,0.0019,1.0
compas-alpha_1-beta_0.0-gamma_1,1571659111,327,0.6609,0.0,0.6616,0.57,0.0007,1.0
compas-alpha_1-beta_0.0-gamma_1,1571659111,328,0.6312,0.0,0.6313,0.67,0.0001,1.0
compas-alpha_1-beta_0.0-gamma_1,1571659111,329,0.6101,0.0,0.6118,0.73,0.0017,1.0
compas-alpha_1-beta_0.0-gamma_1,1571659112,330,0.6013,0.0,0.6013,0.7,0.0,1.0
compas-alpha_1-beta_0.0-gamma_1,1571659112,331,0.6716,0.0,0.672,0.6,0.0004,1.0
compas-alpha_1-beta_0.0-gamma_1,1571659113,332,0.7353,0.0,0.7355,0.6,0.0002,1.0
compas-alpha_1-beta_0.0-gamma_1,1571659113,333,0.6106,0.0,0.6116,0.7,0.001,1.0
compas-alpha_1-beta_0.0-gamma_1,1571659113,334,0.6132,0.0,0.6132,0.7,0.0001,1.0
compas-alpha_1-beta_0.0-gamma_1,1571659114,335,0.6598,0.0,0.6599,0.57,0.0001,1.0
compas-alpha_1-beta_0.0-gamma_1,1571659114,336,0.5479,0.0,0.5487,0.77,0.0008,1.0
compas-alpha_1-beta_0.0-gamma_1,1571659114,337,0.5226,0.0,0.5226,0.77,0.0,1.0
compas-alpha_1-beta_0.0-gamma_1,1571659115,338,0.6677,0.0,0.6684,0.77,0.0006,1.0
compas-alpha_1-beta_0.0-gamma_1,1571659115,339,0.6003,0.0,0.6006,0.67,0.0002,1.0
compas-alpha_1-beta_0.0-gamma_1,1571659116,340,0.5431,0.0,0.5431,0.8,0.0,1.0
compas-alpha_1-beta_0.0-gamma_1,1571659116,341,0.6567,0.0,0.6567,0.63,0.0001,1.0
compas-alpha_1-beta_0.0-gamma_1,1571659116,342,0.573,0.0,0.5731,0.7,0.0001,1.0
compas-alpha_1-beta_0.0-gamma_1,1571659117,343,0.6835,0.0,0.6843,0.6,0.0008,1.0
compas-alpha_1-beta_0.0-gamma_1,1571659117,344,0.7006,0.0,0.7007,0.6,0.0,1.0
compas-alpha_1-beta_0.0-gamma_1,1571659117,345,0.6955,0.0,0.697,0.67,0.0015,1.0
compas-alpha_1-beta_0.0-gamma_1,1571659118,346,0.6953,0.0,0.6955,0.67,0.0002,1.0
compas-alpha_1-beta_0.0-gamma_1,1571659118,347,0.6758,0.0,0.6768,0.63,0.001,1.0
compas-alpha_1-beta_0.0-gamma_1,1571659118,348,0.6905,0.0,0.6909,0.6,0.0004,1.0
compas-alpha_1-beta_0.0-gamma_1,1571659119,349,0.6852,0.0,0.6858,0.63,0.0006,1.0
compas-alpha_1-beta_0.0-gamma_1,1571659119,350,0.6214,0.0,0.6227,0.7,0.0013,1.0
compas-alpha_1-beta_0.0-gamma_1,1571659119,351,0.6271,0.0,0.6279,0.7,0.0008,1.0
compas-alpha_1-beta_0.0-gamma_1,1571659120,352,0.4736,0.0,0.4736,0.87,0.0,1.0
compas-alpha_1-beta_0.0-gamma_1,1571659120,353,0.5381,0.0,0.5392,0.77,0.0011,1.0
compas-alpha_1-beta_0.0-gamma_1,1571659121,354,0.6178,0.0,0.6189,0.67,0.0011,1.0
compas-alpha_1-beta_0.0-gamma_1,1571659121,355,0.6322,0.0,0.6322,0.63,0.0,1.0
compas-alpha_1-beta_0.0-gamma_1,1571659121,356,0.6649,0.0,0.6649,0.67,0.0,1.0
compas-alpha_1-beta_0.0-gamma_1,1571659122,357,0.6582,0.0,0.6588,0.67,0.0006,1.0
compas-alpha_1-beta_0.0-gamma_1,1571659122,358,0.4687,0.0,0.4688,0.9,0.0001,1.0
compas-alpha_1-beta_0.0-gamma_1,1571659122,359,0.5846,0.0,0.5869,0.73,0.0023,1.0
compas-alpha_1-beta_0.0-gamma_1,1571659123,360,0.6169,0.0,0.6175,0.73,0.0006,1.0
compas-alpha_1-beta_0.0-gamma_1,1571659123,361,0.5579,0.0,0.5585,0.77,0.0006,1.0
compas-alpha_1-beta_0.0-gamma_1,1571659123,362,0.5698,0.0,0.5699,0.77,0.0,1.0
compas-alpha_1-beta_0.0-gamma_1,1571659124,363,0.5081,0.0,0.5081,0.8,0.0,1.0
compas-alpha_1-beta_0.0-gamma_1,1571659124,364,0.5764,0.0,0.5768,0.7,0.0004,1.0
compas-alpha_1-beta_0.0-gamma_1,1571659125,365,0.7203,0.0,0.7203,0.53,0.0,1.0
compas-alpha_1-beta_0.0-gamma_1,1571659125,366,0.5964,0.0,0.5965,0.7,0.0001,1.0
compas-alpha_1-beta_0.0-gamma_1,1571659125,367,0.6997,0.0,0.6997,0.47,0.0,1.0
compas-alpha_1-beta_0.0-gamma_1,1571659126,368,0.5315,0.0,0.5317,0.83,0.0002,1.0
compas-alpha_1-beta_0.0-gamma_1,1571659126,369,0.6515,0.0,0.6515,0.6,0.0,1.0
compas-alpha_1-beta_0.0-gamma_1,1571659126,370,0.6641,0.0,0.6643,0.53,0.0003,1.0
compas-alpha_1-beta_0.0-gamma_1,1571659127,371,0.7077,0.0,0.7083,0.57,0.0005,1.0
compas-alpha_1-beta_0.0-gamma_1,1571659127,372,0.6957,0.0,0.6958,0.53,0.0001,1.0
compas-alpha_1-beta_0.0-gamma_1,1571659127,373,0.6569,0.0,0.6569,0.67,0.0,1.0
compas-alpha_1-beta_0.0-gamma_1,1571659128,374,0.5921,0.0,0.5921,0.73,0.0,1.0
compas-alpha_1-beta_0.0-gamma_1,1571659128,375,0.6049,0.0,0.6056,0.73,0.0007,1.0
compas-alpha_1-beta_0.0-gamma_1,1571659128,376,0.6495,0.0,0.6497,0.6,0.0001,1.0
compas-alpha_1-beta_0.0-gamma_1,1571659129,377,0.6272,0.0,0.6274,0.67,0.0002,1.0
compas-alpha_1-beta_0.0-gamma_1,1571659129,378,0.5638,0.0,0.564,0.67,0.0002,1.0
compas-alpha_1-beta_0.0-gamma_1,1571659130,379,0.761,0.0,0.7613,0.5,0.0002,1.0
compas-alpha_1-beta_0.0-gamma_1,1571659130,380,0.5288,0.0,0.5292,0.8,0.0005,1.0
compas-alpha_1-beta_0.0-gamma_1,1571659130,381,0.6559,0.0,0.6559,0.63,0.0,1.0
compas-alpha_1-beta_0.0-gamma_1,1571659131,382,0.7402,0.0,0.7406,0.47,0.0004,1.0
compas-alpha_1-beta_0.0-gamma_1,1571659131,383,0.5886,0.0,0.5887,0.7,0.0001,1.0
compas-alpha_1-beta_0.0-gamma_1,1571659131,384,0.5606,0.0,0.5606,0.67,0.0001,1.0
compas-alpha_1-beta_0.0-gamma_1,1571659132,385,0.6601,0.0,0.6602,0.7,0.0001,1.0
compas-alpha_1-beta_0.0-gamma_1,1571659132,386,0.5341,0.0,0.5341,0.8,0.0,1.0
compas-alpha_1-beta_0.0-gamma_1,1571659132,387,0.5732,0.0,0.5738,0.73,0.0006,1.0
compas-alpha_1-beta_0.0-gamma_1,1571659133,388,0.5695,0.0,0.5696,0.8,0.0002,1.0
compas-alpha_1-beta_0.0-gamma_1,1571659133,389,0.6678,0.0,0.6698,0.57,0.002,1.0
compas-alpha_1-beta_0.0-gamma_1,1571659134,390,0.5925,0.0,0.5925,0.67,0.0,1.0
compas-alpha_1-beta_0.0-gamma_1,1571659134,391,0.5463,0.0,0.5468,0.77,0.0005,1.0
compas-alpha_1-beta_0.0-gamma_1,1571659134,392,0.6289,0.0,0.6292,0.63,0.0003,1.0
compas-alpha_1-beta_0.0-gamma_1,1571659135,393,0.7214,0.0,0.7218,0.6,0.0005,1.0
compas-alpha_1-beta_0.0-gamma_1,1571659135,394,0.6555,0.0,0.6556,0.63,0.0001,1.0
compas-alpha_1-beta_0.0-gamma_1,1571659135,395,0.7411,0.0,0.7416,0.57,0.0004,1.0
compas-alpha_1-beta_0.0-gamma_1,1571659136,396,0.6058,0.0,0.6065,0.63,0.0007,1.0
compas-alpha_1-beta_0.0-gamma_1,1571659136,397,0.6462,0.0,0.6477,0.63,0.0015,1.0
compas-alpha_1-beta_0.0-gamma_1,1571659136,398,0.5498,0.0,0.5499,0.8,0.0001,1.0
compas-alpha_1-beta_0.0-gamma_1,1571659137,399,0.5358,0.0,0.5362,0.73,0.0004,1.0
compas-alpha_1-beta_0.0-gamma_1,1571659137,400,0.5571,0.0,0.5571,0.83,0.0,1.0
compas-alpha_1-beta_0.0-gamma_1,1571659137,401,0.633,0.0,0.6337,0.73,0.0007,1.0
compas-alpha_1-beta_0.0-gamma_1,1571659138,402,0.5845,0.0,0.5845,0.7,0.0,1.0
compas-alpha_1-beta_0.0-gamma_1,1571659138,403,0.6971,0.0,0.6972,0.6,0.0001,1.0
compas-alpha_1-beta_0.0-gamma_1,1571659139,404,0.623,0.0,0.6234,0.7,0.0004,1.0
compas-alpha_1-beta_0.0-gamma_1,1571659139,405,0.521,0.0,0.521,0.8,0.0,1.0
compas-alpha_1-beta_0.0-gamma_1,1571659139,406,0.701,0.0,0.701,0.53,0.0,1.0
compas-alpha_1-beta_0.0-gamma_1,1571659140,407,0.6326,0.0,0.6326,0.63,0.0,1.0
compas-alpha_1-beta_0.0-gamma_1,1571659140,408,0.7931,0.0,0.7938,0.47,0.0008,1.0
compas-alpha_1-beta_0.0-gamma_1,1571659140,409,0.5813,0.0,0.5815,0.57,0.0002,1.0
compas-alpha_1-beta_0.0-gamma_1,1571659141,410,0.6575,0.0,0.6577,0.63,0.0002,1.0
compas-alpha_1-beta_0.0-gamma_1,1571659141,411,0.5804,0.0,0.5805,0.73,0.0001,1.0
compas-alpha_1-beta_0.0-gamma_1,1571659141,412,0.603,0.0,0.6031,0.7,0.0001,1.0
compas-alpha_1-beta_0.0-gamma_1,1571659142,413,0.4585,0.0,0.4586,0.83,0.0,1.0
compas-alpha_1-beta_0.0-gamma_1,1571659142,414,0.5885,0.0,0.5886,0.73,0.0001,1.0
compas-alpha_1-beta_0.0-gamma_1,1571659142,415,0.553,0.0,0.5533,0.77,0.0003,1.0
compas-alpha_1-beta_0.0-gamma_1,1571659143,416,0.6432,0.0,0.6433,0.63,0.0001,1.0
compas-alpha_1-beta_0.0-gamma_1,1571659143,417,0.5812,0.0,0.5812,0.7,0.0,1.0
compas-alpha_1-beta_0.0-gamma_1,1571659144,418,0.6634,0.0,0.6635,0.63,0.0002,1.0
compas-alpha_1-beta_0.0-gamma_1,1571659144,419,0.5997,0.0,0.5997,0.77,0.0,1.0
compas-alpha_1-beta_0.0-gamma_1,1571659144,420,0.5711,0.0,0.5711,0.73,0.0,1.0
compas-alpha_1-beta_0.0-gamma_1,1571659145,421,0.5453,0.0,0.5453,0.8,0.0,1.0
compas-alpha_1-beta_0.0-gamma_1,1571659145,422,0.7417,0.0,0.7422,0.57,0.0004,1.0
compas-alpha_1-beta_0.0-gamma_1,1571659145,423,0.7014,0.0,0.7014,0.57,0.0,1.0
compas-alpha_1-beta_0.0-gamma_1,1571659146,424,0.556,0.0,0.5564,0.8,0.0004,1.0
compas-alpha_1-beta_0.0-gamma_1,1571659146,425,0.5478,0.0,0.5484,0.73,0.0006,1.0
compas-alpha_1-beta_0.0-gamma_1,1571659146,426,0.6039,0.0,0.6041,0.7,0.0002,1.0
compas-alpha_1-beta_0.0-gamma_1,1571659147,427,0.5225,0.0,0.5225,0.8,0.0,1.0
compas-alpha_1-beta_0.0-gamma_1,1571659147,428,0.5812,0.0,0.5814,0.77,0.0002,1.0
compas-alpha_1-beta_0.0-gamma_1,1571659147,429,0.6382,0.0,0.6383,0.57,0.0001,1.0
compas-alpha_1-beta_0.0-gamma_1,1571659148,430,0.5797,0.0,0.58,0.73,0.0003,1.0
compas-alpha_1-beta_0.0-gamma_1,1571659148,431,0.6394,0.0,0.6394,0.57,0.0,1.0
compas-alpha_1-beta_0.0-gamma_1,1571659149,432,0.5698,0.0,0.5701,0.8,0.0003,1.0
compas-alpha_1-beta_0.0-gamma_1,1571659149,433,0.6349,0.0,0.6354,0.57,0.0006,1.0
compas-alpha_1-beta_0.0-gamma_1,1571659149,434,0.6645,0.0,0.6645,0.63,0.0,1.0
compas-alpha_1-beta_0.0-gamma_1,1571659150,435,0.5409,0.0,0.5409,0.73,0.0,1.0
compas-alpha_1-beta_0.0-gamma_1,1571659150,436,0.5859,0.0,0.5863,0.63,0.0003,1.0
compas-alpha_1-beta_0.0-gamma_1,1571659150,437,0.5337,0.0,0.534,0.73,0.0004,1.0
compas-alpha_1-beta_0.0-gamma_1,1571659151,438,0.5983,0.0,0.5984,0.63,0.0,1.0
compas-alpha_1-beta_0.0-gamma_1,1571659151,439,0.4984,0.0,0.4985,0.83,0.0002,1.0
compas-alpha_1-beta_0.0-gamma_1,1571659151,440,0.6219,0.0,0.6221,0.67,0.0002,1.0
compas-alpha_1-beta_0.0-gamma_1,1571659152,441,0.6359,0.0,0.6363,0.6,0.0004,1.0
compas-alpha_1-beta_0.0-gamma_1,1571659152,442,0.5057,0.0,0.5057,0.83,0.0,1.0
compas-alpha_1-beta_0.0-gamma_1,1571659152,443,0.5665,0.0,0.5666,0.73,0.0001,1.0
compas-alpha_1-beta_0.0-gamma_1,1571659153,444,0.6178,0.0,0.6181,0.7,0.0003,1.0
compas-alpha_1-beta_0.0-gamma_1,1571659153,445,0.6489,0.0,0.649,0.7,0.0001,1.0
compas-alpha_1-beta_0.0-gamma_1,1571659154,446,0.5836,0.0,0.5838,0.7,0.0002,1.0
compas-alpha_1-beta_0.0-gamma_1,1571659154,447,0.7002,0.0,0.7004,0.57,0.0002,1.0
compas-alpha_1-beta_0.0-gamma_1,1571659154,448,0.7053,0.0,0.7055,0.53,0.0001,1.0
compas-alpha_1-beta_0.0-gamma_1,1571659155,449,0.5721,0.0,0.5722,0.7,0.0001,1.0
compas-alpha_1-beta_0.0-gamma_1,1571659155,450,0.5557,0.0,0.5557,0.77,0.0,1.0
compas-alpha_1-beta_0.0-gamma_1,1571659155,451,0.6485,0.0,0.6486,0.73,0.0001,1.0
compas-alpha_1-beta_0.0-gamma_1,1571659156,452,0.6288,0.0,0.6288,0.77,0.0,1.0
compas-alpha_1-beta_0.0-gamma_1,1571659156,453,0.5536,0.0,0.554,0.73,0.0004,1.0
compas-alpha_1-beta_0.0-gamma_1,1571659156,454,0.5655,0.0,0.5657,0.73,0.0003,1.0
compas-alpha_1-beta_0.0-gamma_1,1571659157,455,0.5951,0.0,0.5951,0.77,0.0,1.0
compas-alpha_1-beta_0.0-gamma_1,1571659157,456,0.6687,0.0,0.6689,0.57,0.0002,1.0
compas-alpha_1-beta_0.0-gamma_1,1571659157,457,0.6285,0.0,0.629,0.67,0.0005,1.0
compas-alpha_1-beta_0.0-gamma_1,1571659158,458,0.5539,0.0,0.554,0.7,0.0001,1.0
compas-alpha_1-beta_0.0-gamma_1,1571659158,459,0.475,0.0,0.4751,0.8,0.0001,1.0
compas-alpha_1-beta_0.0-gamma_1,1571659159,460,0.5966,0.0,0.5967,0.67,0.0002,1.0
compas-alpha_1-beta_0.0-gamma_1,1571659159,461,0.5624,0.0,0.5624,0.73,0.0,1.0
compas-alpha_1-beta_0.0-gamma_1,1571659159,462,0.6234,0.0,0.6237,0.6,0.0003,1.0
compas-alpha_1-beta_0.0-gamma_1,1571659160,463,0.6418,0.0,0.6419,0.6,0.0001,1.0
compas-alpha_1-beta_0.0-gamma_1,1571659160,464,0.7273,0.0,0.7276,0.6,0.0003,1.0
compas-alpha_1-beta_0.0-gamma_1,1571659160,465,0.4848,0.0,0.4848,0.83,0.0,1.0
compas-alpha_1-beta_0.0-gamma_1,1571659161,466,0.5342,0.0,0.5343,0.77,0.0001,1.0
compas-alpha_1-beta_0.0-gamma_1,1571659161,467,0.5676,0.0,0.5676,0.7,0.0,1.0
compas-alpha_1-beta_0.0-gamma_1,1571659161,468,0.71,0.0,0.71,0.63,0.0,1.0
compas-alpha_1-beta_0.0-gamma_1,1571659162,469,0.5684,0.0,0.5685,0.83,0.0001,1.0
compas-alpha_1-beta_0.0-gamma_1,1571659162,470,0.732,0.0,0.732,0.47,0.0001,1.0
compas-alpha_1-beta_0.0-gamma_1,1571659163,471,0.5853,0.0,0.5854,0.7,0.0001,1.0
compas-alpha_1-beta_0.0-gamma_1,1571659163,472,0.6002,0.0,0.6004,0.63,0.0001,1.0
compas-alpha_1-beta_0.0-gamma_1,1571659163,473,0.6568,0.0,0.657,0.53,0.0002,1.0
compas-alpha_1-beta_0.0-gamma_1,1571659164,474,0.6277,0.0,0.6277,0.63,0.0,1.0
compas-alpha_1-beta_0.0-gamma_1,1571659164,475,0.6705,0.0,0.6705,0.63,0.0,1.0
compas-alpha_1-beta_0.0-gamma_1,1571659164,476,0.5835,0.0,0.5836,0.77,0.0001,1.0
compas-alpha_1-beta_0.0-gamma_1,1571659165,477,0.6491,0.0,0.6491,0.67,0.0,1.0
compas-alpha_1-beta_0.0-gamma_1,1571659165,478,0.5589,0.0,0.5589,0.7,0.0,1.0
compas-alpha_1-beta_0.0-gamma_1,1571659165,479,0.6086,0.0,0.6087,0.7,0.0001,1.0
compas-alpha_1-beta_0.0-gamma_1,1571659166,480,0.6809,0.0,0.681,0.63,0.0,1.0
compas-alpha_1-beta_0.0-gamma_1,1571659166,481,0.5104,0.0,0.5106,0.83,0.0001,1.0
compas-alpha_1-beta_0.0-gamma_1,1571659166,482,0.5677,0.0,0.5677,0.73,0.0,1.0
compas-alpha_1-beta_0.0-gamma_1,1571659167,483,0.5474,0.0,0.5476,0.8,0.0002,1.0
compas-alpha_1-beta_0.0-gamma_1,1571659167,484,0.6165,0.0,0.6167,0.63,0.0002,1.0
compas-alpha_1-beta_0.0-gamma_1,1571659168,485,0.6294,0.0,0.6294,0.7,0.0,1.0
compas-alpha_1-beta_0.0-gamma_1,1571659168,486,0.6185,0.0,0.6185,0.6,0.0,1.0
compas-alpha_1-beta_0.0-gamma_1,1571659168,487,0.6501,0.0,0.6503,0.57,0.0002,1.0
compas-alpha_1-beta_0.0-gamma_1,1571659169,488,0.6492,0.0,0.6492,0.57,0.0,1.0
compas-alpha_1-beta_0.0-gamma_1,1571659169,489,0.7683,0.0,0.7684,0.5,0.0001,1.0
compas-alpha_1-beta_0.0-gamma_1,1571659169,490,0.7355,0.0,0.7355,0.63,0.0,1.0
compas-alpha_1-beta_0.0-gamma_1,1571659170,491,0.676,0.0,0.676,0.63,0.0,1.0
compas-alpha_1-beta_0.0-gamma_1,1571659170,492,0.6661,0.0,0.6662,0.6,0.0001,1.0
compas-alpha_1-beta_0.0-gamma_1,1571659170,493,0.5499,0.0,0.5499,0.73,0.0,1.0
compas-alpha_1-beta_0.0-gamma_1,1571659171,494,0.6195,0.0,0.6196,0.67,0.0001,1.0
compas-alpha_1-beta_0.0-gamma_1,1571659171,495,0.6621,0.0,0.6621,0.63,0.0,1.0
compas-alpha_1-beta_0.0-gamma_1,1571659171,496,0.6773,0.0,0.6774,0.63,0.0,1.0
compas-alpha_1-beta_0.0-gamma_1,1571659172,497,0.6149,0.0,0.6152,0.7,0.0003,1.0
compas-alpha_1-beta_0.0-gamma_1,1571659172,498,0.5484,0.0,0.5484,0.77,0.0,1.0
compas-alpha_1-beta_0.0-gamma_1,1571659173,499,0.5902,0.0,0.5904,0.7,0.0002,1.0
compas-alpha_1-beta_0.0-gamma_1,1571659173,500,0.6607,0.0,0.6608,0.63,0.0001,1.0
compas-alpha_1-beta_0.0-gamma_1,1571659173,501,0.5666,0.0,0.5666,0.7,0.0,1.0
compas-alpha_1-beta_0.0-gamma_1,1571659174,502,0.6741,0.0,0.6742,0.67,0.0001,1.0
compas-alpha_1-beta_0.0-gamma_1,1571659174,503,0.5849,0.0,0.5849,0.73,0.0,1.0
compas-alpha_1-beta_0.0-gamma_1,1571659174,504,0.6275,0.0,0.6275,0.7,0.0,1.0
compas-alpha_1-beta_0.0-gamma_1,1571659175,505,0.7157,0.0,0.7159,0.57,0.0002,1.0
compas-alpha_1-beta_0.0-gamma_1,1571659175,506,0.6167,0.0,0.6168,0.73,0.0002,1.0
compas-alpha_1-beta_0.0-gamma_1,1571659175,507,0.605,0.0,0.6053,0.7,0.0003,1.0
compas-alpha_1-beta_0.0-gamma_1,1571659176,508,0.5818,0.0,0.5819,0.63,0.0001,1.0
compas-alpha_1-beta_0.0-gamma_1,1571659176,509,0.661,0.0,0.6613,0.57,0.0002,1.0
compas-alpha_1-beta_0.0-gamma_1,1571659177,510,0.6658,0.0,0.6659,0.7,0.0,1.0
compas-alpha_1-beta_0.0-gamma_1,1571659177,511,0.6443,0.0,0.6443,0.73,0.0,1.0
compas-alpha_1-beta_0.0-gamma_1,1571659177,512,0.5806,0.0,0.5806,0.73,0.0,1.0
compas-alpha_1-beta_0.0-gamma_1,1571659178,513,0.6365,0.0,0.6367,0.63,0.0002,1.0
compas-alpha_1-beta_0.0-gamma_1,1571659178,514,0.726,0.0,0.726,0.57,0.0,1.0
compas-alpha_1-beta_0.0-gamma_1,1571659178,515,0.7147,0.0,0.7147,0.5,0.0,1.0
compas-alpha_1-beta_0.0-gamma_1,1571659179,516,0.6176,0.0,0.6176,0.73,0.0,1.0
compas-alpha_1-beta_0.0-gamma_1,1571659179,517,0.7283,0.0,0.7284,0.53,0.0001,1.0
compas-alpha_1-beta_0.0-gamma_1,1571659179,518,0.5588,0.0,0.5588,0.8,0.0,1.0
compas-alpha_1-beta_0.0-gamma_1,1571659180,519,0.5789,0.0,0.5791,0.73,0.0002,1.0
compas-alpha_1-beta_0.0-gamma_1,1571659180,520,0.5945,0.0,0.5948,0.67,0.0002,1.0
compas-alpha_1-beta_0.0-gamma_1,1571659180,521,0.6853,0.0,0.6854,0.63,0.0001,1.0
compas-alpha_1-beta_0.0-gamma_1,1571659181,522,0.5665,0.0,0.5666,0.77,0.0001,1.0
compas-alpha_1-beta_0.0-gamma_1,1571659181,523,0.6264,0.0,0.6264,0.57,0.0001,1.0
compas-alpha_1-beta_0.0-gamma_1,1571659181,524,0.4672,0.0,0.4672,0.83,0.0,1.0
compas-alpha_1-beta_0.0-gamma_1,1571659182,525,0.6126,0.0,0.6126,0.77,0.0,1.0
compas-alpha_1-beta_0.0-gamma_1,1571659182,526,0.6496,0.0,0.6496,0.57,0.0,1.0
compas-alpha_1-beta_0.0-gamma_1,1571659183,527,0.6065,0.0,0.6065,0.67,0.0,1.0
compas-alpha_1-beta_0.0-gamma_1,1571659183,528,0.5409,0.0,0.541,0.77,0.0002,1.0
compas-alpha_1-beta_0.0-gamma_1,1571659183,529,0.5828,0.0,0.5828,0.63,0.0,1.0
compas-alpha_1-beta_0.0-gamma_1,1571659184,530,0.5826,0.0,0.5827,0.7,0.0001,1.0
compas-alpha_1-beta_0.0-gamma_1,1571659184,531,0.6692,0.0,0.6693,0.67,0.0002,1.0
compas-alpha_1-beta_0.0-gamma_1,1571659184,532,0.5858,0.0,0.5858,0.63,0.0,1.0
compas-alpha_1-beta_0.0-gamma_1,1571659185,533,0.68,0.0,0.6801,0.7,0.0,1.0
compas-alpha_1-beta_0.0-gamma_1,1571659185,534,0.7386,0.0,0.7387,0.57,0.0001,1.0
compas-alpha_1-beta_0.0-gamma_1,1571659185,535,0.6644,0.0,0.6644,0.63,0.0,1.0
compas-alpha_1-beta_0.0-gamma_1,1571659186,536,0.6392,0.0,0.6396,0.6,0.0004,1.0
compas-alpha_1-beta_0.0-gamma_1,1571659186,537,0.6757,0.0,0.6757,0.63,0.0,1.0
compas-alpha_1-beta_0.0-gamma_1,1571659187,538,0.6365,0.0,0.6366,0.57,0.0,1.0
compas-alpha_1-beta_0.0-gamma_1,1571659187,539,0.6533,0.0,0.6534,0.7,0.0001,1.0
compas-alpha_1-beta_0.0-gamma_1,1571659187,540,0.6001,0.0,0.6008,0.63,0.0007,1.0
compas-alpha_1-beta_0.0-gamma_1,1571659188,541,0.6507,0.0,0.6508,0.63,0.0001,1.0
compas-alpha_1-beta_0.0-gamma_1,1571659188,542,0.6269,0.0,0.627,0.77,0.0001,1.0
compas-alpha_1-beta_0.0-gamma_1,1571659188,543,0.6209,0.0,0.6209,0.63,0.0,1.0
compas-alpha_1-beta_0.0-gamma_1,1571659189,544,0.6304,0.0,0.6305,0.6,0.0,1.0
compas-alpha_1-beta_0.0-gamma_1,1571659189,545,0.7469,0.0,0.7469,0.57,0.0,1.0
compas-alpha_1-beta_0.0-gamma_1,1571659189,546,0.5672,0.0,0.5672,0.73,0.0,1.0
compas-alpha_1-beta_0.0-gamma_1,1571659190,547,0.6576,0.0,0.6576,0.7,0.0,1.0
compas-alpha_1-beta_0.0-gamma_1,1571659190,548,0.7347,0.0,0.7347,0.6,0.0,1.0
compas-alpha_1-beta_0.0-gamma_1,1571659191,549,0.7152,0.0,0.7152,0.53,0.0,1.0
compas-alpha_1-beta_0.0-gamma_1,1571659191,550,0.7072,0.0,0.7072,0.57,0.0,1.0
compas-alpha_1-beta_0.0-gamma_1,1571659191,551,0.6105,0.0,0.6105,0.67,0.0,1.0
compas-alpha_1-beta_0.0-gamma_1,1571659192,552,0.5756,0.0,0.5757,0.67,0.0001,1.0
compas-alpha_1-beta_0.0-gamma_1,1571659192,553,0.6404,0.0,0.6404,0.6,0.0,1.0
compas-alpha_1-beta_0.0-gamma_1,1571659192,554,0.6972,0.0,0.6972,0.57,0.0,1.0
compas-alpha_1-beta_0.0-gamma_1,1571659193,555,0.5838,0.0,0.5838,0.7,0.0,1.0
compas-alpha_1-beta_0.0-gamma_1,1571659193,556,0.644,0.0,0.6441,0.57,0.0001,1.0
compas-alpha_1-beta_0.0-gamma_1,1571659193,557,0.4994,0.0,0.4994,0.83,0.0,1.0
compas-alpha_1-beta_0.0-gamma_1,1571659194,558,0.5035,0.0,0.5035,0.87,0.0,1.0
compas-alpha_1-beta_0.0-gamma_1,1571659194,559,0.6271,0.0,0.6271,0.7,0.0,1.0
compas-alpha_1-beta_0.0-gamma_1,1571659195,560,0.5317,0.0,0.5317,0.73,0.0,1.0
compas-alpha_1-beta_0.0-gamma_1,1571659195,561,0.6601,0.0,0.6601,0.7,0.0,1.0
compas-alpha_1-beta_0.0-gamma_1,1571659195,562,0.6172,0.0,0.6172,0.7,0.0,1.0
compas-alpha_1-beta_0.0-gamma_1,1571659196,563,0.5869,0.0,0.5871,0.73,0.0002,1.0
compas-alpha_1-beta_0.0-gamma_1,1571659196,564,0.663,0.0,0.663,0.67,0.0,1.0
compas-alpha_1-beta_0.0-gamma_1,1571659196,565,0.5565,0.0,0.5566,0.7,0.0,1.0
compas-alpha_1-beta_0.0-gamma_1,1571659197,566,0.6068,0.0,0.6069,0.73,0.0,1.0
compas-alpha_1-beta_0.0-gamma_1,1571659197,567,0.6807,0.0,0.6807,0.57,0.0,1.0
compas-alpha_1-beta_0.0-gamma_1,1571659197,568,0.5936,0.0,0.5937,0.63,0.0001,1.0
compas-alpha_1-beta_0.0-gamma_1,1571659198,569,0.6702,0.0,0.6702,0.5,0.0001,1.0
compas-alpha_1-beta_0.0-gamma_1,1571659198,570,0.5588,0.0,0.5588,0.77,0.0001,1.0
compas-alpha_1-beta_0.0-gamma_1,1571659199,571,0.5346,0.0,0.5346,0.8,0.0,1.0
compas-alpha_1-beta_0.0-gamma_1,1571659199,572,0.6219,0.0,0.6219,0.73,0.0,1.0
compas-alpha_1-beta_0.0-gamma_1,1571659199,573,0.6427,0.0,0.6431,0.63,0.0003,1.0
compas-alpha_1-beta_0.0-gamma_1,1571659200,574,0.5975,0.0,0.5975,0.7,0.0,1.0
compas-alpha_1-beta_0.0-gamma_1,1571659200,575,0.5647,0.0,0.5647,0.8,0.0,1.0
compas-alpha_1-beta_0.0-gamma_1,1571659200,576,0.5894,0.0,0.5894,0.7,0.0,1.0
compas-alpha_1-beta_0.0-gamma_1,1571659201,577,0.6007,0.0,0.6007,0.8,0.0,1.0
compas-alpha_1-beta_0.0-gamma_1,1571659201,578,0.6447,0.0,0.6448,0.6,0.0,1.0
compas-alpha_1-beta_0.0-gamma_1,1571659201,579,0.7398,0.0,0.7398,0.67,0.0,1.0
compas-alpha_1-beta_0.0-gamma_1,1571659202,580,0.5533,0.0,0.5533,0.77,0.0,1.0
compas-alpha_1-beta_0.0-gamma_1,1571659202,581,0.6366,0.0,0.6366,0.7,0.0,1.0
compas-alpha_1-beta_0.0-gamma_1,1571659203,582,0.6009,0.0,0.6009,0.7,0.0,1.0
compas-alpha_1-beta_0.0-gamma_1,1571659203,583,0.6294,0.0,0.6294,0.73,0.0,1.0
compas-alpha_1-beta_0.0-gamma_1,1571659203,584,0.7002,0.0,0.7002,0.6,0.0,1.0
compas-alpha_1-beta_0.0-gamma_1,1571659204,585,0.627,0.0,0.627,0.67,0.0,1.0
compas-alpha_1-beta_0.0-gamma_1,1571659204,586,0.5858,0.0,0.5858,0.77,0.0,1.0
compas-alpha_1-beta_0.0-gamma_1,1571659204,587,0.6686,0.0,0.6686,0.63,0.0001,1.0
compas-alpha_1-beta_0.0-gamma_1,1571659205,588,0.6444,0.0,0.6444,0.6,0.0,1.0
compas-alpha_1-beta_0.0-gamma_1,1571659205,589,0.6761,0.0,0.6761,0.63,0.0,1.0
compas-alpha_1-beta_0.0-gamma_1,1571659205,590,0.6345,0.0,0.6345,0.53,0.0,1.0
compas-alpha_1-beta_0.0-gamma_1,1571659206,591,0.7462,0.0,0.7462,0.6,0.0,1.0
compas-alpha_1-beta_0.0-gamma_1,1571659206,592,0.6235,0.0,0.6235,0.7,0.0,1.0
compas-alpha_1-beta_0.0-gamma_1,1571659206,593,0.5911,0.0,0.5911,0.77,0.0,1.0
compas-alpha_1-beta_0.0-gamma_1,1571659207,594,0.7281,0.0,0.7281,0.57,0.0001,1.0
compas-alpha_1-beta_0.0-gamma_1,1571659207,595,0.5467,0.0,0.5467,0.77,0.0,1.0
compas-alpha_1-beta_0.0-gamma_1,1571659208,596,0.6229,0.0,0.6229,0.67,0.0,1.0
compas-alpha_1-beta_0.0-gamma_1,1571659208,597,0.6976,0.0,0.6976,0.53,0.0,1.0
compas-alpha_1-beta_0.0-gamma_1,1571659208,598,0.6011,0.0,0.6011,0.63,0.0,1.0
compas-alpha_1-beta_0.0-gamma_1,1571659209,599,0.5534,0.0,0.5534,0.77,0.0,1.0
compas-alpha_1-beta_0.0-gamma_1,1571659209,600,0.6566,0.0,0.6566,0.67,0.0,1.0
compas-alpha_1-beta_0.0-gamma_1,1571659209,601,0.5396,0.0,0.5396,0.73,0.0,1.0
compas-alpha_1-beta_0.0-gamma_1,1571659210,602,0.5624,0.0,0.5624,0.73,0.0,1.0
compas-alpha_1-beta_0.0-gamma_1,1571659210,603,0.5648,0.0,0.5648,0.67,0.0,1.0
compas-alpha_1-beta_0.0-gamma_1,1571659210,604,0.6257,0.0,0.6258,0.7,0.0,1.0
compas-alpha_1-beta_0.0-gamma_1,1571659211,605,0.5801,0.0,0.5801,0.63,0.0,1.0
compas-alpha_1-beta_0.0-gamma_1,1571659211,606,0.5766,0.0,0.5766,0.73,0.0,1.0
compas-alpha_1-beta_0.0-gamma_1,1571659212,607,0.5431,0.0,0.5432,0.83,0.0001,1.0
compas-alpha_1-beta_0.0-gamma_1,1571659212,608,0.5627,0.0,0.5627,0.73,0.0,1.0
compas-alpha_1-beta_0.0-gamma_1,1571659212,609,0.5291,0.0,0.5291,0.8,0.0,1.0
compas-alpha_1-beta_0.0-gamma_1,1571659213,610,0.5095,0.0,0.5096,0.77,0.0001,1.0
compas-alpha_1-beta_0.0-gamma_1,1571659213,611,0.7035,0.0,0.7036,0.47,0.0001,1.0
compas-alpha_1-beta_0.0-gamma_1,1571659213,612,0.687,0.0,0.6871,0.67,0.0,1.0
compas-alpha_1-beta_0.0-gamma_1,1571659214,613,0.5908,0.0,0.5908,0.73,0.0,1.0
compas-alpha_1-beta_0.0-gamma_1,1571659214,614,0.6065,0.0,0.6065,0.7,0.0,1.0
compas-alpha_1-beta_0.0-gamma_1,1571659214,615,0.6553,0.0,0.6553,0.63,0.0,1.0
compas-alpha_1-beta_0.0-gamma_1,1571659215,616,0.6453,0.0,0.6454,0.6,0.0001,1.0
compas-alpha_1-beta_0.0-gamma_1,1571659215,617,0.6027,0.0,0.6027,0.63,0.0,1.0
compas-alpha_1-beta_0.0-gamma_1,1571659215,618,0.599,0.0,0.599,0.7,0.0,1.0
compas-alpha_1-beta_0.0-gamma_1,1571659216,619,0.6729,0.0,0.673,0.67,0.0001,1.0
compas-alpha_1-beta_0.0-gamma_1,1571659216,620,0.7289,0.0,0.7289,0.5,0.0,1.0
compas-alpha_1-beta_0.0-gamma_1,1571659217,621,0.5771,0.0,0.5771,0.77,0.0,1.0
compas-alpha_1-beta_0.0-gamma_1,1571659217,622,0.6136,0.0,0.6136,0.67,0.0,1.0
compas-alpha_1-beta_0.0-gamma_1,1571659217,623,0.5944,0.0,0.5944,0.7,0.0,1.0
compas-alpha_1-beta_0.0-gamma_1,1571659218,624,0.6512,0.0,0.6513,0.63,0.0,1.0
compas-alpha_1-beta_0.0-gamma_1,1571659218,625,0.6736,0.0,0.6736,0.6,0.0,1.0
compas-alpha_1-beta_0.0-gamma_1,1571659218,626,0.6147,0.0,0.6147,0.7,0.0,1.0
compas-alpha_1-beta_0.0-gamma_1,1571659219,627,0.6239,0.0,0.6239,0.67,0.0,1.0
compas-alpha_1-beta_0.0-gamma_1,1571659219,628,0.6659,0.0,0.666,0.7,0.0,1.0
compas-alpha_1-beta_0.0-gamma_1,1571659219,629,0.5768,0.0,0.5768,0.77,0.0,1.0
compas-alpha_1-beta_0.0-gamma_1,1571659220,630,0.5835,0.0,0.5835,0.73,0.0,1.0
compas-alpha_1-beta_0.0-gamma_1,1571659220,631,0.6668,0.0,0.6668,0.53,0.0,1.0
compas-alpha_1-beta_0.0-gamma_1,1571659220,632,0.6208,0.0,0.6208,0.7,0.0,1.0
compas-alpha_1-beta_0.0-gamma_1,1571659221,633,0.671,0.0,0.671,0.63,0.0,1.0
compas-alpha_1-beta_0.0-gamma_1,1571659221,634,0.6937,0.0,0.6937,0.6,0.0,1.0
compas-alpha_1-beta_0.0-gamma_1,1571659222,635,0.6109,0.0,0.6109,0.67,0.0,1.0
compas-alpha_1-beta_0.0-gamma_1,1571659222,636,0.6386,0.0,0.6386,0.53,0.0,1.0
compas-alpha_1-beta_0.0-gamma_1,1571659222,637,0.6609,0.0,0.6609,0.77,0.0,1.0
compas-alpha_1-beta_0.0-gamma_1,1571659223,638,0.7416,0.0,0.7417,0.6,0.0,1.0
compas-alpha_1-beta_0.0-gamma_1,1571659223,639,0.6701,0.0,0.6701,0.7,0.0,1.0
compas-alpha_1-beta_0.0-gamma_1,1571659223,640,0.663,0.0,0.6631,0.67,0.0001,1.0
compas-alpha_1-beta_0.0-gamma_1,1571659224,641,0.6584,0.0,0.6584,0.63,0.0,1.0
compas-alpha_1-beta_0.0-gamma_1,1571659224,642,0.535,0.0,0.535,0.73,0.0,1.0
compas-alpha_1-beta_0.0-gamma_1,1571659224,643,0.6707,0.0,0.6707,0.57,0.0,1.0
compas-alpha_1-beta_0.0-gamma_1,1571659225,644,0.6108,0.0,0.6108,0.63,0.0,1.0
compas-alpha_1-beta_0.0-gamma_1,1571659225,645,0.6365,0.0,0.6365,0.63,0.0,1.0
compas-alpha_1-beta_0.0-gamma_1,1571659225,646,0.6064,0.0,0.6064,0.6,0.0,1.0
compas-alpha_1-beta_0.0-gamma_1,1571659226,647,0.5236,0.0,0.5236,0.7,0.0,1.0
compas-alpha_1-beta_0.0-gamma_1,1571659226,648,0.6324,0.0,0.6324,0.67,0.0,1.0
compas-alpha_1-beta_0.0-gamma_1,1571659227,649,0.6016,0.0,0.6016,0.73,0.0,1.0
compas-alpha_1-beta_0.0-gamma_1,1571659227,650,0.5979,0.0,0.5979,0.67,0.0,1.0
compas-alpha_1-beta_0.0-gamma_1,1571659227,651,0.6461,0.0,0.6461,0.63,0.0,1.0
compas-alpha_1-beta_0.0-gamma_1,1571659228,652,0.5724,0.0,0.5724,0.73,0.0,1.0
compas-alpha_1-beta_0.0-gamma_1,1571659228,653,0.5385,0.0,0.5385,0.67,0.0,1.0
compas-alpha_1-beta_0.0-gamma_1,1571659228,654,0.7036,0.0,0.7036,0.57,0.0,1.0
compas-alpha_1-beta_0.0-gamma_1,1571659229,655,0.6132,0.0,0.6132,0.63,0.0,1.0
compas-alpha_1-beta_0.0-gamma_1,1571659229,656,0.632,0.0,0.632,0.63,0.0,1.0
compas-alpha_1-beta_0.0-gamma_1,1571659229,657,0.5944,0.0,0.5944,0.7,0.0,1.0
compas-alpha_1-beta_0.0-gamma_1,1571659230,658,0.7811,0.0,0.7812,0.47,0.0,1.0
compas-alpha_1-beta_0.0-gamma_1,1571659230,659,0.5088,0.0,0.5088,0.83,0.0,1.0
compas-alpha_1-beta_0.0-gamma_1,1571659230,660,0.5621,0.0,0.5623,0.7,0.0001,1.0
compas-alpha_1-beta_0.0-gamma_1,1571659231,661,0.634,0.0,0.634,0.7,0.0,1.0
compas-alpha_1-beta_0.0-gamma_1,1571659231,662,0.5321,0.0,0.5321,0.83,0.0,1.0
compas-alpha_1-beta_0.0-gamma_1,1571659232,663,0.627,0.0,0.627,0.53,0.0,1.0
compas-alpha_1-beta_0.0-gamma_1,1571659232,664,0.5717,0.0,0.5717,0.77,0.0,1.0
compas-alpha_1-beta_0.0-gamma_1,1571659232,665,0.6141,0.0,0.6141,0.63,0.0,1.0
compas-alpha_1-beta_0.0-gamma_1,1571659233,666,0.6298,0.0,0.6298,0.63,0.0,1.0
compas-alpha_1-beta_0.0-gamma_1,1571659233,667,0.6475,0.0,0.6476,0.63,0.0,1.0
compas-alpha_1-beta_0.0-gamma_1,1571659233,668,0.6192,0.0,0.6192,0.7,0.0,1.0
compas-alpha_1-beta_0.0-gamma_1,1571659234,669,0.5539,0.0,0.5539,0.77,0.0,1.0
compas-alpha_1-beta_0.0-gamma_1,1571659234,670,0.6663,0.0,0.6664,0.63,0.0,1.0
compas-alpha_1-beta_0.0-gamma_1,1571659234,671,0.641,0.0,0.6411,0.67,0.0,1.0
compas-alpha_1-beta_0.0-gamma_1,1571659235,672,0.5809,0.0,0.5809,0.57,0.0,1.0
compas-alpha_1-beta_0.0-gamma_1,1571659235,673,0.5538,0.0,0.5538,0.77,0.0,1.0
compas-alpha_1-beta_0.0-gamma_1,1571659236,674,0.6056,0.0,0.6056,0.63,0.0,1.0
compas-alpha_1-beta_0.0-gamma_1,1571659236,675,0.5663,0.0,0.5663,0.73,0.0,1.0
compas-alpha_1-beta_0.0-gamma_1,1571659236,676,0.6637,0.0,0.6637,0.73,0.0,1.0
compas-alpha_1-beta_0.0-gamma_1,1571659237,677,0.658,0.0,0.658,0.73,0.0,1.0
compas-alpha_1-beta_0.0-gamma_1,1571659237,678,0.7299,0.0,0.7299,0.57,0.0,1.0
compas-alpha_1-beta_0.0-gamma_1,1571659237,679,0.6436,0.0,0.6436,0.67,0.0,1.0
compas-alpha_1-beta_0.0-gamma_1,1571659238,680,0.6191,0.0,0.6191,0.67,0.0,1.0
compas-alpha_1-beta_0.0-gamma_1,1571659238,681,0.5899,0.0,0.5899,0.73,0.0,1.0
compas-alpha_1-beta_0.0-gamma_1,1571659238,682,0.5788,0.0,0.5788,0.73,0.0,1.0
compas-alpha_1-beta_0.0-gamma_1,1571659239,683,0.5608,0.0,0.5608,0.7,0.0,1.0
compas-alpha_1-beta_0.0-gamma_1,1571659239,684,0.6906,0.0,0.6906,0.67,0.0,1.0
compas-alpha_1-beta_0.0-gamma_1,1571659239,685,0.5833,0.0,0.5835,0.73,0.0002,1.0
compas-alpha_1-beta_0.0-gamma_1,1571659240,686,0.6263,0.0,0.6263,0.63,0.0,1.0
compas-alpha_1-beta_0.0-gamma_1,1571659240,687,0.5884,0.0,0.5884,0.7,0.0,1.0
compas-alpha_1-beta_0.0-gamma_1,1571659241,688,0.596,0.0,0.596,0.77,0.0,1.0
compas-alpha_1-beta_0.0-gamma_1,1571659241,689,0.5551,0.0,0.5551,0.73,0.0,1.0
compas-alpha_1-beta_0.0-gamma_1,1571659241,690,0.7046,0.0,0.7046,0.6,0.0,1.0
compas-alpha_1-beta_0.0-gamma_1,1571659242,691,0.6912,0.0,0.6912,0.57,0.0,1.0
compas-alpha_1-beta_0.0-gamma_1,1571659242,692,0.7229,0.0,0.723,0.57,0.0,1.0
compas-alpha_1-beta_0.0-gamma_1,1571659242,693,0.6858,0.0,0.6858,0.63,0.0,1.0
compas-alpha_1-beta_0.0-gamma_1,1571659243,694,0.5493,0.0,0.5494,0.8,0.0001,1.0
compas-alpha_1-beta_0.0-gamma_1,1571659243,695,0.6048,0.0,0.6048,0.67,0.0,1.0
compas-alpha_1-beta_0.0-gamma_1,1571659243,696,0.6429,0.0,0.6429,0.6,0.0,1.0
compas-alpha_1-beta_0.0-gamma_1,1571659244,697,0.6453,0.0,0.6453,0.63,0.0,1.0
compas-alpha_1-beta_0.0-gamma_1,1571659244,698,0.621,0.0,0.621,0.73,0.0,1.0
compas-alpha_1-beta_0.0-gamma_1,1571659244,699,0.534,0.0,0.534,0.8,0.0,1.0
compas-alpha_1-beta_0.0-gamma_1,1571659245,700,0.5945,0.0,0.5945,0.67,0.0,1.0
compas-alpha_1-beta_0.0-gamma_1,1571659245,701,0.5214,0.0,0.5214,0.73,0.0,1.0
compas-alpha_1-beta_0.0-gamma_1,1571659245,702,0.7589,0.0,0.7589,0.53,0.0,1.0
compas-alpha_1-beta_0.0-gamma_1,1571659246,703,0.5996,0.0,0.5996,0.63,0.0,1.0
compas-alpha_1-beta_0.0-gamma_1,1571659246,704,0.6694,0.0,0.6695,0.63,0.0,1.0
compas-alpha_1-beta_0.0-gamma_1,1571659247,705,0.6035,0.0,0.6035,0.73,0.0,1.0
compas-alpha_1-beta_0.0-gamma_1,1571659247,706,0.6639,0.0,0.6639,0.7,0.0,1.0
compas-alpha_1-beta_0.0-gamma_1,1571659247,707,0.6221,0.0,0.6221,0.7,0.0,1.0
compas-alpha_1-beta_0.0-gamma_1,1571659248,708,0.6636,0.0,0.6636,0.6,0.0,1.0
compas-alpha_1-beta_0.0-gamma_1,1571659248,709,0.6097,0.0,0.6097,0.63,0.0,1.0
compas-alpha_1-beta_0.0-gamma_1,1571659248,710,0.6649,0.0,0.6649,0.57,0.0,1.0
compas-alpha_1-beta_0.0-gamma_1,1571659249,711,0.6996,0.0,0.6996,0.57,0.0,1.0
compas-alpha_1-beta_0.0-gamma_1,1571659249,712,0.6737,0.0,0.6737,0.73,0.0,1.0
compas-alpha_1-beta_0.0-gamma_1,1571659249,713,0.5408,0.0,0.5409,0.7,0.0,1.0
compas-alpha_1-beta_0.0-gamma_1,1571659250,714,0.7082,0.0,0.7082,0.63,0.0,1.0
compas-alpha_1-beta_0.0-gamma_1,1571659250,715,0.546,0.0,0.546,0.73,0.0,1.0
compas-alpha_1-beta_0.0-gamma_1,1571659251,716,0.7315,0.0,0.7315,0.57,0.0,1.0
compas-alpha_1-beta_0.0-gamma_1,1571659251,717,0.6223,0.0,0.6223,0.63,0.0,1.0
compas-alpha_1-beta_0.0-gamma_1,1571659251,718,0.5326,0.0,0.5326,0.77,0.0,1.0
compas-alpha_1-beta_0.0-gamma_1,1571659252,719,0.5878,0.0,0.5878,0.67,0.0,1.0
compas-alpha_1-beta_0.0-gamma_1,1571659252,720,0.6188,0.0,0.6188,0.57,0.0,1.0
compas-alpha_1-beta_0.0-gamma_1,1571659252,721,0.579,0.0,0.579,0.7,0.0,1.0
compas-alpha_1-beta_0.0-gamma_1,1571659253,722,0.6844,0.0,0.6844,0.53,0.0,1.0
compas-alpha_1-beta_0.0-gamma_1,1571659253,723,0.6045,0.0,0.6045,0.67,0.0,1.0
compas-alpha_1-beta_0.0-gamma_1,1571659253,724,0.5535,0.0,0.5535,0.73,0.0,1.0
compas-alpha_1-beta_0.0-gamma_1,1571659254,725,0.6193,0.0,0.6193,0.63,0.0,1.0
compas-alpha_1-beta_0.0-gamma_1,1571659254,726,0.6929,0.0,0.6929,0.6,0.0,1.0
compas-alpha_1-beta_0.0-gamma_1,1571659255,727,0.5303,0.0,0.5303,0.73,0.0,1.0
compas-alpha_1-beta_0.0-gamma_1,1571659255,728,0.6814,0.0,0.6814,0.53,0.0,1.0
compas-alpha_1-beta_0.0-gamma_1,1571659255,729,0.5247,0.0,0.5247,0.77,0.0,1.0
compas-alpha_1-beta_0.0-gamma_1,1571659256,730,0.479,0.0,0.479,0.9,0.0,1.0
compas-alpha_1-beta_0.0-gamma_1,1571659256,731,0.5581,0.0,0.5581,0.67,0.0,1.0
compas-alpha_1-beta_0.0-gamma_1,1571659256,732,0.6245,0.0,0.6245,0.67,0.0,1.0
compas-alpha_1-beta_0.0-gamma_1,1571659257,733,0.6532,0.0,0.6532,0.67,0.0,1.0
compas-alpha_1-beta_0.0-gamma_1,1571659257,734,0.6102,0.0,0.6102,0.73,0.0,1.0
compas-alpha_1-beta_0.0-gamma_1,1571659257,735,0.6194,0.0,0.6194,0.67,0.0,1.0
compas-alpha_1-beta_0.0-gamma_1,1571659258,736,0.6221,0.0,0.6221,0.67,0.0,1.0
compas-alpha_1-beta_0.0-gamma_1,1571659258,737,0.6708,0.0,0.6708,0.6,0.0,1.0
compas-alpha_1-beta_0.0-gamma_1,1571659259,738,0.6368,0.0,0.6368,0.63,0.0,1.0
compas-alpha_1-beta_0.0-gamma_1,1571659259,739,0.6049,0.0,0.6049,0.67,0.0,1.0
compas-alpha_1-beta_0.0-gamma_1,1571659259,740,0.5206,0.0,0.5206,0.8,0.0,1.0
compas-alpha_1-beta_0.0-gamma_1,1571659260,741,0.5856,0.0,0.5856,0.7,0.0,1.0
compas-alpha_1-beta_0.0-gamma_1,1571659260,742,0.5885,0.0,0.5885,0.7,0.0,1.0
compas-alpha_1-beta_0.0-gamma_1,1571659260,743,0.5408,0.0,0.5408,0.7,0.0,1.0
compas-alpha_1-beta_0.0-gamma_1,1571659261,744,0.6383,0.0,0.6383,0.6,0.0,1.0
compas-alpha_1-beta_0.0-gamma_1,1571659261,745,0.6054,0.0,0.6054,0.63,0.0,1.0
compas-alpha_1-beta_0.0-gamma_1,1571659261,746,0.6528,0.0,0.6529,0.6,0.0,1.0
compas-alpha_1-beta_0.0-gamma_1,1571659262,747,0.5755,0.0,0.5755,0.73,0.0,1.0
compas-alpha_1-beta_0.0-gamma_1,1571659262,748,0.5818,0.0,0.5818,0.63,0.0,1.0
compas-alpha_1-beta_0.0-gamma_1,1571659262,749,0.6753,0.0,0.6753,0.6,0.0,1.0
compas-alpha_1-beta_0.0-gamma_1,1571659263,750,0.6128,0.0,0.6128,0.63,0.0,1.0
compas-alpha_1-beta_0.0-gamma_1,1571659263,751,0.5187,0.0,0.5187,0.77,0.0,1.0
compas-alpha_1-beta_0.0-gamma_1,1571659264,752,0.5567,0.0,0.5567,0.7,0.0,1.0
compas-alpha_1-beta_0.0-gamma_1,1571659264,753,0.5795,0.0,0.5795,0.73,0.0,1.0
compas-alpha_1-beta_0.0-gamma_1,1571659264,754,0.5688,0.0,0.5688,0.77,0.0,1.0
compas-alpha_1-beta_0.0-gamma_1,1571659265,755,0.6133,0.0,0.6133,0.63,0.0,1.0
compas-alpha_1-beta_0.0-gamma_1,1571659265,756,0.6151,0.0,0.6151,0.77,0.0,1.0
compas-alpha_1-beta_0.0-gamma_1,1571659265,757,0.5756,0.0,0.5756,0.77,0.0,1.0
compas-alpha_1-beta_0.0-gamma_1,1571659266,758,0.621,0.0,0.621,0.73,0.0,1.0
compas-alpha_1-beta_0.0-gamma_1,1571659266,759,0.5264,0.0,0.5264,0.83,0.0,1.0
compas-alpha_1-beta_0.0-gamma_1,1571659266,760,0.5841,0.0,0.5842,0.67,0.0,1.0
compas-alpha_1-beta_0.0-gamma_1,1571659267,761,0.7155,0.0,0.7155,0.67,0.0,1.0
compas-alpha_1-beta_0.0-gamma_1,1571659267,762,0.6947,0.0,0.6947,0.6,0.0,1.0
compas-alpha_1-beta_0.0-gamma_1,1571659268,763,0.6137,0.0,0.6137,0.63,0.0,1.0
compas-alpha_1-beta_0.0-gamma_1,1571659268,764,0.5336,0.0,0.5336,0.8,0.0,1.0
compas-alpha_1-beta_0.0-gamma_1,1571659268,765,0.6776,0.0,0.6776,0.6,0.0,1.0
compas-alpha_1-beta_0.0-gamma_1,1571659269,766,0.6086,0.0,0.6086,0.63,0.0,1.0
compas-alpha_1-beta_0.0-gamma_1,1571659269,767,0.7074,0.0,0.7074,0.53,0.0,1.0
compas-alpha_1-beta_0.0-gamma_1,1571659269,768,0.5286,0.0,0.5286,0.77,0.0,1.0
compas-alpha_1-beta_0.0-gamma_1,1571659270,769,0.5691,0.0,0.5691,0.77,0.0,1.0
compas-alpha_1-beta_0.0-gamma_1,1571659270,770,0.6305,0.0,0.6305,0.67,0.0,1.0
compas-alpha_1-beta_0.0-gamma_1,1571659270,771,0.7714,0.0,0.7714,0.53,0.0,1.0
compas-alpha_1-beta_0.0-gamma_1,1571659271,772,0.5077,0.0,0.5077,0.8,0.0,1.0
compas-alpha_1-beta_0.0-gamma_1,1571659271,773,0.6258,0.0,0.6258,0.67,0.0,1.0
compas-alpha_1-beta_0.0-gamma_1,1571659272,774,0.6007,0.0,0.6007,0.67,0.0,1.0
compas-alpha_1-beta_0.0-gamma_1,1571659272,775,0.6176,0.0,0.6176,0.67,0.0,1.0
compas-alpha_1-beta_0.0-gamma_1,1571659272,776,0.6903,0.0,0.6903,0.53,0.0,1.0
compas-alpha_1-beta_0.0-gamma_1,1571659273,777,0.6075,0.0,0.6075,0.67,0.0,1.0
compas-alpha_1-beta_0.0-gamma_1,1571659273,778,0.6895,0.0,0.6895,0.6,0.0,1.0
compas-alpha_1-beta_0.0-gamma_1,1571659273,779,0.6508,0.0,0.6508,0.7,0.0,1.0
compas-alpha_1-beta_0.0-gamma_1,1571659274,780,0.6397,0.0,0.6397,0.6,0.0,1.0
compas-alpha_1-beta_0.0-gamma_1,1571659274,781,0.5625,0.0,0.5625,0.73,0.0,1.0
compas-alpha_1-beta_0.0-gamma_1,1571659274,782,0.6705,0.0,0.6705,0.57,0.0,1.0
compas-alpha_1-beta_0.0-gamma_1,1571659275,783,0.6315,0.0,0.6315,0.6,0.0,1.0
compas-alpha_1-beta_0.0-gamma_1,1571659275,784,0.6283,0.0,0.6283,0.67,0.0,1.0
compas-alpha_1-beta_0.0-gamma_1,1571659275,785,0.5815,0.0,0.5815,0.77,0.0,1.0
compas-alpha_1-beta_0.0-gamma_1,1571659276,786,0.6392,0.0,0.6392,0.73,0.0,1.0
compas-alpha_1-beta_0.0-gamma_1,1571659276,787,0.7517,0.0,0.7517,0.5,0.0,1.0
compas-alpha_1-beta_0.0-gamma_1,1571659277,788,0.6147,0.0,0.6147,0.67,0.0,1.0
compas-alpha_1-beta_0.0-gamma_1,1571659277,789,0.6996,0.0,0.6996,0.53,0.0,1.0
compas-alpha_1-beta_0.0-gamma_1,1571659277,790,0.4883,0.0,0.4883,0.77,0.0,1.0
compas-alpha_1-beta_0.0-gamma_1,1571659278,791,0.7754,0.0,0.7754,0.5,0.0,1.0
compas-alpha_1-beta_0.0-gamma_1,1571659278,792,0.6482,0.0,0.6482,0.7,0.0,1.0
compas-alpha_1-beta_0.0-gamma_1,1571659278,793,0.5371,0.0,0.5371,0.77,0.0,1.0
compas-alpha_1-beta_0.0-gamma_1,1571659279,794,0.524,0.0,0.524,0.83,0.0,1.0
compas-alpha_1-beta_0.0-gamma_1,1571659279,795,0.6276,0.0,0.6276,0.63,0.0,1.0
compas-alpha_1-beta_0.0-gamma_1,1571659279,796,0.658,0.0,0.658,0.73,0.0,1.0
compas-alpha_1-beta_0.0-gamma_1,1571659280,797,0.6022,0.0,0.6022,0.67,0.0,1.0
compas-alpha_1-beta_0.0-gamma_1,1571659280,798,0.6099,0.0,0.6099,0.73,0.0,1.0
compas-alpha_1-beta_0.0-gamma_1,1571659281,799,0.572,0.0,0.572,0.63,0.0,1.0
compas-alpha_1-beta_0.0-gamma_1,1571659281,800,0.6439,0.0,0.6439,0.6,0.0,1.0
compas-alpha_1-beta_0.0-gamma_1,1571659281,801,0.6498,0.0,0.6498,0.63,0.0,1.0
compas-alpha_1-beta_0.0-gamma_1,1571659282,802,0.6737,0.0,0.6737,0.6,0.0,1.0
compas-alpha_1-beta_0.0-gamma_1,1571659282,803,0.6669,0.0,0.6669,0.63,0.0,1.0
compas-alpha_1-beta_0.0-gamma_1,1571659282,804,0.5592,0.0,0.5592,0.77,0.0,1.0
compas-alpha_1-beta_0.0-gamma_1,1571659283,805,0.5563,0.0,0.5563,0.63,0.0,1.0
compas-alpha_1-beta_0.0-gamma_1,1571659283,806,0.5689,0.0,0.5689,0.8,0.0,1.0
compas-alpha_1-beta_0.0-gamma_1,1571659283,807,0.7549,0.0,0.7549,0.6,0.0,1.0
compas-alpha_1-beta_0.0-gamma_1,1571659284,808,0.573,0.0,0.573,0.7,0.0,1.0
compas-alpha_1-beta_0.0-gamma_1,1571659284,809,0.5637,0.0,0.5637,0.77,0.0,1.0
compas-alpha_1-beta_0.0-gamma_1,1571659284,810,0.538,0.0,0.538,0.7,0.0,1.0
compas-alpha_1-beta_0.0-gamma_1,1571659285,811,0.6292,0.0,0.6293,0.63,0.0,1.0
compas-alpha_1-beta_0.0-gamma_1,1571659285,812,0.6015,0.0,0.6015,0.67,0.0,1.0
compas-alpha_1-beta_0.0-gamma_1,1571659285,813,0.5267,0.0,0.5267,0.83,0.0,1.0
compas-alpha_1-beta_0.0-gamma_1,1571659286,814,0.6242,0.0,0.6242,0.63,0.0,1.0
compas-alpha_1-beta_0.0-gamma_1,1571659286,815,0.628,0.0,0.628,0.73,0.0,1.0
compas-alpha_1-beta_0.0-gamma_1,1571659287,816,0.6241,0.0,0.6241,0.7,0.0,1.0
compas-alpha_1-beta_0.0-gamma_1,1571659287,817,0.6099,0.0,0.6099,0.6,0.0,1.0
compas-alpha_1-beta_0.0-gamma_1,1571659287,818,0.6081,0.0,0.6081,0.63,0.0,1.0
compas-alpha_1-beta_0.0-gamma_1,1571659288,819,0.4896,0.0,0.4896,0.77,0.0,1.0
compas-alpha_1-beta_0.0-gamma_1,1571659288,820,0.6492,0.0,0.6492,0.6,0.0,1.0
compas-alpha_1-beta_0.0-gamma_1,1571659288,821,0.7342,0.0,0.7342,0.6,0.0,1.0
compas-alpha_1-beta_0.0-gamma_1,1571659289,822,0.5526,0.0,0.5526,0.73,0.0,1.0
compas-alpha_1-beta_0.0-gamma_1,1571659289,823,0.6354,0.0,0.6354,0.73,0.0,1.0
compas-alpha_1-beta_0.0-gamma_1,1571659289,824,0.6249,0.0,0.6249,0.7,0.0,1.0
compas-alpha_1-beta_0.0-gamma_1,1571659290,825,0.5455,0.0,0.5455,0.8,0.0,1.0
compas-alpha_1-beta_0.0-gamma_1,1571659290,826,0.651,0.0,0.651,0.63,0.0,1.0
compas-alpha_1-beta_0.0-gamma_1,1571659291,827,0.4618,0.0,0.4618,0.8,0.0,1.0
compas-alpha_1-beta_0.0-gamma_1,1571659291,828,0.6913,0.0,0.6913,0.53,0.0,1.0
compas-alpha_1-beta_0.0-gamma_1,1571659291,829,0.6196,0.0,0.6196,0.57,0.0,1.0
compas-alpha_1-beta_0.0-gamma_1,1571659292,830,0.6595,0.0,0.6595,0.67,0.0,1.0
compas-alpha_1-beta_0.0-gamma_1,1571659292,831,0.5729,0.0,0.5729,0.77,0.0,1.0
compas-alpha_1-beta_0.0-gamma_1,1571659292,832,0.5843,0.0,0.5843,0.7,0.0,1.0
compas-alpha_1-beta_0.0-gamma_1,1571659293,833,0.565,0.0,0.565,0.73,0.0,1.0
compas-alpha_1-beta_0.0-gamma_1,1571659293,834,0.6646,0.0,0.6646,0.53,0.0,1.0
compas-alpha_1-beta_0.0-gamma_1,1571659293,835,0.5287,0.0,0.5287,0.7,0.0,1.0
compas-alpha_1-beta_0.0-gamma_1,1571659294,836,0.5315,0.0,0.5315,0.8,0.0,1.0
compas-alpha_1-beta_0.0-gamma_1,1571659294,837,0.5103,0.0,0.5103,0.83,0.0,1.0
compas-alpha_1-beta_0.0-gamma_1,1571659294,838,0.5453,0.0,0.5453,0.67,0.0,1.0
compas-alpha_1-beta_0.0-gamma_1,1571659295,839,0.572,0.0,0.572,0.73,0.0,1.0
compas-alpha_1-beta_0.0-gamma_1,1571659295,840,0.5421,0.0,0.5421,0.77,0.0,1.0
compas-alpha_1-beta_0.0-gamma_1,1571659296,841,0.6259,0.0,0.6259,0.73,0.0,1.0
compas-alpha_1-beta_0.0-gamma_1,1571659296,842,0.7704,0.0,0.7704,0.47,0.0,1.0
compas-alpha_1-beta_0.0-gamma_1,1571659296,843,0.5904,0.0,0.5904,0.67,0.0,1.0
compas-alpha_1-beta_0.0-gamma_1,1571659297,844,0.5629,0.0,0.5629,0.73,0.0,1.0
compas-alpha_1-beta_0.0-gamma_1,1571659297,845,0.5736,0.0,0.5736,0.67,0.0,1.0
compas-alpha_1-beta_0.0-gamma_1,1571659297,846,0.6264,0.0,0.6264,0.67,0.0,1.0
compas-alpha_1-beta_0.0-gamma_1,1571659298,847,0.5823,0.0,0.5823,0.73,0.0,1.0
compas-alpha_1-beta_0.0-gamma_1,1571659298,848,0.6084,0.0,0.6084,0.6,0.0,1.0
compas-alpha_1-beta_0.0-gamma_1,1571659298,849,0.6956,0.0,0.6956,0.6,0.0,1.0
compas-alpha_1-beta_0.0-gamma_1,1571659299,850,0.6941,0.0,0.6941,0.63,0.0,1.0
compas-alpha_1-beta_0.0-gamma_1,1571659299,851,0.6344,0.0,0.6344,0.57,0.0,1.0
compas-alpha_1-beta_0.0-gamma_1,1571659299,852,0.5917,0.0,0.5917,0.7,0.0,1.0
compas-alpha_1-beta_0.0-gamma_1,1571659300,853,0.6018,0.0,0.6018,0.63,0.0,1.0
compas-alpha_1-beta_0.0-gamma_1,1571659300,854,0.6128,0.0,0.6128,0.63,0.0,1.0
compas-alpha_1-beta_0.0-gamma_1,1571659301,855,0.7051,0.0,0.7051,0.57,0.0,1.0
compas-alpha_1-beta_0.0-gamma_1,1571659301,856,0.5665,0.0,0.5666,0.73,0.0,1.0
compas-alpha_1-beta_0.0-gamma_1,1571659301,857,0.6354,0.0,0.6354,0.73,0.0,1.0
compas-alpha_1-beta_0.0-gamma_1,1571659302,858,0.5451,0.0,0.5451,0.77,0.0,1.0
compas-alpha_1-beta_0.0-gamma_1,1571659302,859,0.6304,0.0,0.6304,0.67,0.0,1.0
compas-alpha_1-beta_0.0-gamma_1,1571659302,860,0.5708,0.0,0.5708,0.77,0.0,1.0
compas-alpha_1-beta_0.0-gamma_1,1571659303,861,0.6833,0.0,0.6833,0.6,0.0,1.0
compas-alpha_1-beta_0.0-gamma_1,1571659303,862,0.5341,0.0,0.5341,0.83,0.0,1.0
compas-alpha_1-beta_0.0-gamma_1,1571659303,863,0.6961,0.0,0.6961,0.57,0.0,1.0
compas-alpha_1-beta_0.0-gamma_1,1571659304,864,0.625,0.0,0.625,0.53,0.0,1.0
compas-alpha_1-beta_0.0-gamma_1,1571659304,865,0.6902,0.0,0.6902,0.57,0.0,1.0
compas-alpha_1-beta_0.0-gamma_1,1571659304,866,0.5758,0.0,0.5758,0.7,0.0,1.0
compas-alpha_1-beta_0.0-gamma_1,1571659305,867,0.5904,0.0,0.5905,0.67,0.0,1.0
compas-alpha_1-beta_0.0-gamma_1,1571659305,868,0.6101,0.0,0.6101,0.6,0.0,1.0
compas-alpha_1-beta_0.0-gamma_1,1571659306,869,0.7829,0.0,0.7829,0.53,0.0,1.0
compas-alpha_1-beta_0.0-gamma_1,1571659306,870,0.6169,0.0,0.6169,0.73,0.0,1.0
compas-alpha_1-beta_0.0-gamma_1,1571659306,871,0.7302,0.0,0.7302,0.57,0.0,1.0
compas-alpha_1-beta_0.0-gamma_1,1571659307,872,0.5713,0.0,0.5713,0.7,0.0,1.0
compas-alpha_1-beta_0.0-gamma_1,1571659307,873,0.6819,0.0,0.6819,0.57,0.0,1.0
compas-alpha_1-beta_0.0-gamma_1,1571659307,874,0.701,0.0,0.701,0.53,0.0,1.0
compas-alpha_1-beta_0.0-gamma_1,1571659308,875,0.6109,0.0,0.6109,0.57,0.0,1.0
compas-alpha_1-beta_0.0-gamma_1,1571659308,876,0.6244,0.0,0.6244,0.63,0.0,1.0
compas-alpha_1-beta_0.0-gamma_1,1571659308,877,0.6388,0.0,0.6388,0.6,0.0,1.0
compas-alpha_1-beta_0.0-gamma_1,1571659309,878,0.6418,0.0,0.6418,0.73,0.0,1.0
compas-alpha_1-beta_0.0-gamma_1,1571659309,879,0.5642,0.0,0.5642,0.7,0.0,1.0
compas-alpha_1-beta_0.0-gamma_1,1571659310,880,0.6532,0.0,0.6532,0.73,0.0,1.0
compas-alpha_1-beta_0.0-gamma_1,1571659310,881,0.6501,0.0,0.6501,0.67,0.0,1.0
compas-alpha_1-beta_0.0-gamma_1,1571659310,882,0.6447,0.0,0.6447,0.7,0.0,1.0
compas-alpha_1-beta_0.0-gamma_1,1571659311,883,0.6561,0.0,0.6561,0.7,0.0,1.0
compas-alpha_1-beta_0.0-gamma_1,1571659311,884,0.6207,0.0,0.6207,0.7,0.0,1.0
compas-alpha_1-beta_0.0-gamma_1,1571659311,885,0.5629,0.0,0.5629,0.77,0.0,1.0
compas-alpha_1-beta_0.0-gamma_1,1571659312,886,0.6903,0.0,0.6903,0.63,0.0,1.0
compas-alpha_1-beta_0.0-gamma_1,1571659312,887,0.5396,0.0,0.5396,0.8,0.0,1.0
compas-alpha_1-beta_0.0-gamma_1,1571659312,888,0.7426,0.0,0.7426,0.53,0.0,1.0
compas-alpha_1-beta_0.0-gamma_1,1571659313,889,0.677,0.0,0.677,0.6,0.0,1.0
compas-alpha_1-beta_0.0-gamma_1,1571659313,890,0.6993,0.0,0.6993,0.6,0.0,1.0
compas-alpha_1-beta_0.0-gamma_1,1571659313,891,0.5921,0.0,0.5921,0.7,0.0,1.0
compas-alpha_1-beta_0.0-gamma_1,1571659314,892,0.6131,0.0,0.6131,0.67,0.0,1.0
compas-alpha_1-beta_0.0-gamma_1,1571659314,893,0.659,0.0,0.659,0.67,0.0,1.0
compas-alpha_1-beta_0.0-gamma_1,1571659315,894,0.6272,0.0,0.6272,0.67,0.0,1.0
compas-alpha_1-beta_0.0-gamma_1,1571659315,895,0.5146,0.0,0.5146,0.77,0.0,1.0
compas-alpha_1-beta_0.0-gamma_1,1571659315,896,0.593,0.0,0.593,0.67,0.0,1.0
compas-alpha_1-beta_0.0-gamma_1,1571659316,897,0.6553,0.0,0.6553,0.57,0.0,1.0
compas-alpha_1-beta_0.0-gamma_1,1571659316,898,0.644,0.0,0.644,0.67,0.0,1.0
compas-alpha_1-beta_0.0-gamma_1,1571659316,899,0.6415,0.0,0.6415,0.63,0.0,1.0
compas-alpha_1-beta_0.0-gamma_1,1571659317,900,0.6099,0.0,0.6099,0.67,0.0,1.0
compas-alpha_1-beta_0.0-gamma_1,1571659317,901,0.5426,0.0,0.5426,0.73,0.0,1.0
compas-alpha_1-beta_0.0-gamma_1,1571659317,902,0.6015,0.0,0.6015,0.73,0.0,1.0
compas-alpha_1-beta_0.0-gamma_1,1571659318,903,0.5394,0.0,0.5394,0.73,0.0,1.0
compas-alpha_1-beta_0.0-gamma_1,1571659318,904,0.6229,0.0,0.6229,0.67,0.0,1.0
compas-alpha_1-beta_0.0-gamma_1,1571659318,905,0.6089,0.0,0.6089,0.6,0.0,1.0
compas-alpha_1-beta_0.0-gamma_1,1571659319,906,0.596,0.0,0.596,0.73,0.0,1.0
compas-alpha_1-beta_0.0-gamma_1,1571659319,907,0.5679,0.0,0.5679,0.63,0.0,1.0
compas-alpha_1-beta_0.0-gamma_1,1571659320,908,0.6691,0.0,0.6691,0.57,0.0,1.0
compas-alpha_1-beta_0.0-gamma_1,1571659320,909,0.6171,0.0,0.6171,0.7,0.0,1.0
compas-alpha_1-beta_0.0-gamma_1,1571659320,910,0.743,0.0,0.743,0.6,0.0,1.0
compas-alpha_1-beta_0.0-gamma_1,1571659321,911,0.5353,0.0,0.5353,0.8,0.0,1.0
compas-alpha_1-beta_0.0-gamma_1,1571659321,912,0.5839,0.0,0.5839,0.67,0.0,1.0
compas-alpha_1-beta_0.0-gamma_1,1571659321,913,0.5146,0.0,0.5146,0.73,0.0,1.0
compas-alpha_1-beta_0.0-gamma_1,1571659322,914,0.6557,0.0,0.6557,0.57,0.0,1.0
compas-alpha_1-beta_0.0-gamma_1,1571659322,915,0.5897,0.0,0.5897,0.63,0.0,1.0
compas-alpha_1-beta_0.0-gamma_1,1571659322,916,0.6179,0.0,0.6179,0.7,0.0,1.0
compas-alpha_1-beta_0.0-gamma_1,1571659323,917,0.6146,0.0,0.6146,0.67,0.0,1.0
compas-alpha_1-beta_0.0-gamma_1,1571659323,918,0.59,0.0,0.59,0.73,0.0,1.0
compas-alpha_1-beta_0.0-gamma_1,1571659323,919,0.5639,0.0,0.5639,0.67,0.0,1.0
compas-alpha_1-beta_0.0-gamma_1,1571659324,920,0.6512,0.0,0.6512,0.57,0.0,1.0
compas-alpha_1-beta_0.0-gamma_1,1571659324,921,0.6236,0.0,0.6236,0.67,0.0,1.0
compas-alpha_1-beta_0.0-gamma_1,1571659325,922,0.6448,0.0,0.6448,0.57,0.0,1.0
compas-alpha_1-beta_0.0-gamma_1,1571659325,923,0.6145,0.0,0.6145,0.73,0.0,1.0
compas-alpha_1-beta_0.0-gamma_1,1571659325,924,0.6853,0.0,0.6853,0.63,0.0,1.0
compas-alpha_1-beta_0.0-gamma_1,1571659326,925,0.6198,0.0,0.6198,0.7,0.0,1.0
compas-alpha_1-beta_0.0-gamma_1,1571659326,926,0.5772,0.0,0.5772,0.7,0.0,1.0
compas-alpha_1-beta_0.0-gamma_1,1571659326,927,0.7375,0.0,0.7375,0.6,0.0,1.0
compas-alpha_1-beta_0.0-gamma_1,1571659327,928,0.5803,0.0,0.5803,0.67,0.0,1.0
compas-alpha_1-beta_0.0-gamma_1,1571659327,929,0.579,0.0,0.579,0.8,0.0,1.0
compas-alpha_1-beta_0.0-gamma_1,1571659328,930,0.5902,0.0,0.5902,0.67,0.0,1.0
compas-alpha_1-beta_0.0-gamma_1,1571659328,931,0.4339,0.0,0.4339,0.87,0.0,1.0
compas-alpha_1-beta_0.0-gamma_1,1571659328,932,0.6585,0.0,0.6585,0.67,0.0,1.0
compas-alpha_1-beta_0.0-gamma_1,1571659329,933,0.7076,0.0,0.7076,0.67,0.0,1.0
compas-alpha_1-beta_0.0-gamma_1,1571659329,934,0.756,0.0,0.756,0.53,0.0,1.0
compas-alpha_1-beta_0.0-gamma_1,1571659329,935,0.5775,0.0,0.5775,0.7,0.0,1.0
compas-alpha_1-beta_0.0-gamma_1,1571659330,936,0.5396,0.0,0.5396,0.77,0.0,1.0
compas-alpha_1-beta_0.0-gamma_1,1571659330,937,0.6131,0.0,0.6131,0.7,0.0,1.0
compas-alpha_1-beta_0.0-gamma_1,1571659330,938,0.6684,0.0,0.6684,0.67,0.0,1.0
compas-alpha_1-beta_0.0-gamma_1,1571659331,939,0.7149,0.0,0.7149,0.6,0.0,1.0
compas-alpha_1-beta_0.0-gamma_1,1571659331,940,0.6328,0.0,0.6328,0.67,0.0,1.0
compas-alpha_1-beta_0.0-gamma_1,1571659331,941,0.6265,0.0,0.6265,0.77,0.0,1.0
compas-alpha_1-beta_0.0-gamma_1,1571659332,942,0.605,0.0,0.605,0.7,0.0,1.0
compas-alpha_1-beta_0.0-gamma_1,1571659332,943,0.5923,0.0,0.5923,0.6,0.0,1.0
compas-alpha_1-beta_0.0-gamma_1,1571659333,944,0.6452,0.0,0.6452,0.63,0.0,1.0
compas-alpha_1-beta_0.0-gamma_1,1571659333,945,0.4985,0.0,0.4985,0.83,0.0,1.0
compas-alpha_1-beta_0.0-gamma_1,1571659333,946,0.7011,0.0,0.7011,0.67,0.0,1.0
compas-alpha_1-beta_0.0-gamma_1,1571659334,947,0.6161,0.0,0.6161,0.67,0.0,1.0
compas-alpha_1-beta_0.0-gamma_1,1571659334,948,0.5774,0.0,0.5774,0.83,0.0,1.0
compas-alpha_1-beta_0.0-gamma_1,1571659334,949,0.6499,0.0,0.6499,0.63,0.0,1.0
compas-alpha_1-beta_0.0-gamma_1,1571659335,950,0.6213,0.0,0.6213,0.6,0.0,1.0
compas-alpha_1-beta_0.0-gamma_1,1571659335,951,0.5948,0.0,0.5948,0.77,0.0,1.0
compas-alpha_1-beta_0.0-gamma_1,1571659335,952,0.6069,0.0,0.6069,0.77,0.0,1.0
compas-alpha_1-beta_0.0-gamma_1,1571659336,953,0.6145,0.0,0.6145,0.7,0.0,1.0
compas-alpha_1-beta_0.0-gamma_1,1571659336,954,0.6596,0.0,0.6596,0.63,0.0,1.0
compas-alpha_1-beta_0.0-gamma_1,1571659337,955,0.7221,0.0,0.7221,0.53,0.0,1.0
compas-alpha_1-beta_0.0-gamma_1,1571659337,956,0.6225,0.0,0.6225,0.67,0.0,1.0
compas-alpha_1-beta_0.0-gamma_1,1571659337,957,0.7213,0.0,0.7213,0.5,0.0,1.0
compas-alpha_1-beta_0.0-gamma_1,1571659338,958,0.6852,0.0,0.6852,0.57,0.0,1.0
compas-alpha_1-beta_0.0-gamma_1,1571659338,959,0.6381,0.0,0.6381,0.7,0.0,1.0
compas-alpha_1-beta_0.0-gamma_1,1571659338,960,0.6268,0.0,0.6268,0.67,0.0,1.0
compas-alpha_1-beta_0.0-gamma_1,1571659339,961,0.6521,0.0,0.6521,0.57,0.0,1.0
compas-alpha_1-beta_0.0-gamma_1,1571659339,962,0.7434,0.0,0.7434,0.6,0.0,1.0
compas-alpha_1-beta_0.0-gamma_1,1571659339,963,0.6495,0.0,0.6495,0.67,0.0,1.0
compas-alpha_1-beta_0.0-gamma_1,1571659340,964,0.5808,0.0,0.5808,0.7,0.0,1.0
compas-alpha_1-beta_0.0-gamma_1,1571659340,965,0.6039,0.0,0.6039,0.67,0.0,1.0
compas-alpha_1-beta_0.0-gamma_1,1571659341,966,0.6828,0.0,0.6828,0.5,0.0,1.0
compas-alpha_1-beta_0.0-gamma_1,1571659341,967,0.6886,0.0,0.6886,0.53,0.0,1.0
compas-alpha_1-beta_0.0-gamma_1,1571659341,968,0.6176,0.0,0.6176,0.6,0.0,1.0
compas-alpha_1-beta_0.0-gamma_1,1571659342,969,0.6672,0.0,0.6672,0.53,0.0,1.0
compas-alpha_1-beta_0.0-gamma_1,1571659342,970,0.5907,0.0,0.5907,0.7,0.0,1.0
compas-alpha_1-beta_0.0-gamma_1,1571659342,971,0.5515,0.0,0.5515,0.7,0.0,1.0
compas-alpha_1-beta_0.0-gamma_1,1571659343,972,0.5751,0.0,0.5751,0.7,0.0,1.0
compas-alpha_1-beta_0.0-gamma_1,1571659343,973,0.5322,0.0,0.5322,0.8,0.0,1.0
compas-alpha_1-beta_0.0-gamma_1,1571659343,974,0.6849,0.0,0.6849,0.6,0.0,1.0
compas-alpha_1-beta_0.0-gamma_1,1571659344,975,0.6046,0.0,0.6046,0.73,0.0,1.0
compas-alpha_1-beta_0.0-gamma_1,1571659344,976,0.6959,0.0,0.6959,0.57,0.0,1.0
compas-alpha_1-beta_0.0-gamma_1,1571659345,977,0.5452,0.0,0.5452,0.8,0.0,1.0
compas-alpha_1-beta_0.0-gamma_1,1571659345,978,0.6977,0.0,0.6977,0.63,0.0,1.0
compas-alpha_1-beta_0.0-gamma_1,1571659345,979,0.7005,0.0,0.7005,0.53,0.0,1.0
compas-alpha_1-beta_0.0-gamma_1,1571659346,980,0.5748,0.0,0.5748,0.7,0.0,1.0
compas-alpha_1-beta_0.0-gamma_1,1571659346,981,0.5638,0.0,0.5638,0.73,0.0,1.0
compas-alpha_1-beta_0.0-gamma_1,1571659346,982,0.6942,0.0,0.6942,0.47,0.0,1.0
compas-alpha_1-beta_0.0-gamma_1,1571659347,983,0.642,0.0,0.642,0.63,0.0,1.0
compas-alpha_1-beta_0.0-gamma_1,1571659347,984,0.6007,0.0,0.6007,0.67,0.0,1.0
compas-alpha_1-beta_0.0-gamma_1,1571659347,985,0.5306,0.0,0.5306,0.77,0.0,1.0
compas-alpha_1-beta_0.0-gamma_1,1571659348,986,0.6455,0.0,0.6455,0.63,0.0,1.0
compas-alpha_1-beta_0.0-gamma_1,1571659348,987,0.4941,0.0,0.4941,0.83,0.0,1.0
compas-alpha_1-beta_0.0-gamma_1,1571659348,988,0.6768,0.0,0.6768,0.67,0.0,1.0
compas-alpha_1-beta_0.0-gamma_1,1571659349,989,0.7074,0.0,0.7074,0.53,0.0,1.0
compas-alpha_1-beta_0.0-gamma_1,1571659349,990,0.6571,0.0,0.6571,0.67,0.0,1.0
compas-alpha_1-beta_0.0-gamma_1,1571659349,991,0.6629,0.0,0.6629,0.67,0.0,1.0
compas-alpha_1-beta_0.0-gamma_1,1571659350,992,0.6144,0.0,0.6144,0.63,0.0,1.0
compas-alpha_1-beta_0.0-gamma_1,1571659350,993,0.589,0.0,0.589,0.67,0.0,1.0
compas-alpha_1-beta_0.0-gamma_1,1571659351,994,0.6242,0.0,0.6242,0.67,0.0,1.0
compas-alpha_1-beta_0.0-gamma_1,1571659351,995,0.663,0.0,0.663,0.67,0.0,1.0
compas-alpha_1-beta_0.0-gamma_1,1571659351,996,0.603,0.0,0.603,0.7,0.0,1.0
compas-alpha_1-beta_0.0-gamma_1,1571659352,997,0.7275,0.0,0.7275,0.47,0.0,1.0
compas-alpha_1-beta_0.0-gamma_1,1571659352,998,0.4913,0.0,0.4913,0.77,0.0,1.0
compas-alpha_1-beta_0.0-gamma_1,1571659352,999,0.8161,0.0,0.8161,0.57,0.0,1.0
